<Questions>
	<Address>https://ethereum.stackexchange.com/questions/27324/new-temporary-struct-causing-state-variables-to-be-overwritten</Address>
	<Title>New temporary struct causing state variables to be overwritten</Title>
	<Labels>contract-development contract-debugging</Labels>
	<AskTime>2017-09-28 09:22:42Z</AskTime>
	<AskUser>ricardo_s</AskUser>
	<Ques>
		<Content>
I'm running an experiment where I'm trying to create the following behavior:
Service owner deploys Experiment1 to the blockchain and is recorded as the owner. Owner then adds a user address, a user-defined uint, and a user-defined bytes32. The information is pushed to the arrA array, and the index of the record is mapped to the user's address and pushed to the arrAIndices array.
The problem is in the addToArrA function: it seems that state variables are being overwritten, and I can't understand how to prevent that from happening. In particular, owner is overwritten by _user, and arrA is set to be _AdataA in length. Completely at a loss on how to fix this.
#########CODE_START##########
pragma solidity ^0.4.17;

contract Experiment1 {
    address public owner;

    modifier onlyOwner {require(msg.sender == owner); _;}

    struct structA {
        address user;
        uint AdataA;
        bool AdataB;
        bytes32 AdataC;

        structB[] arrB;
    }

    struct structB {
        uint BdataA;
        uint BdataB;
    }

    structA[] public arrA;

    // Solidity cannot return structs, and can only return arrays of addresses, bools, or uints
    mapping (address => uint256[]) private arrAIndices;

    // CurrencyHedge: Contract creator.
    function Experiment1() {
        owner = msg.sender;
    }

    // addToStructAArr: add an element to structAArr
    function addToArrA(address _user, uint _AdataA, bytes32 _AdataC) public onlyOwner {

        structA tempStructA;

        // Populate the information in the new structA.  This method must be used,
        // since struct arrays cannot be passed as parameters.
        // Refer to https://ethereum.stackexchange.com/questions/3525/how-to-initialize-empty-struct-array-in-new-struct
        tempStructA.user = _user;
        tempStructA.AdataA = _AdataA;
        tempStructA.AdataB = false;
        tempStructA.AdataC = _AdataC;

        // Add the structA to the global list, and associate the index of the hedge with the beneficiary
        arrA.push(tempStructA);
        arrAIndices[_user].push(arrA.length - 1);
    }

    // getArrALength: Check on length of arrA
    function getArrALength() public onlyOwner returns (uint) {
        uint length = arrA.length;
        return length;
    }

    // getArrAIndices: Retrieve a list of indices of the allHedges array associated with a particular beneficiary's
    // Refer to https://ethereum.stackexchange.com/questions/3589/how-can-i-return-an-array-of-struct-from-a-function
    function getArrAIndices(address _user) public onlyOwner returns (uint256[]) {
        return arrAIndices[_user];
    }
}
#########CODE_END########

		</Content>
		<Ask_Comment>
			<Comment>Have you tried it on Remix? – A.K. Sep 28 '17 at 11:00</Comment>
			<Comment>I have tried it in Remix, and it's through the debugger that I discovered the data overwrite issue. I figured out a workaround, and will post it in a few moments! – ricardo_s Sep 30 '17 at 2:07</Comment>
		</Ask_Comment>
	</Ques>
	<Answers>
		<AnswerUser>ricardo_s</AnswerUser>
		<AnswerTime>2017-09-30 02:19:41Z</AnswerTime>
		<Accepted>False</Accepted>
		<Content>
As far as I can tell, it seems that Solidity does not like struct arrays nested inside of structs, and Solidity seems to default 'tempStructA' to storage instead of memory. The workaround is to use mappings instead, and use ID numbers (in this case, array index numbers) to link information together. Instead of posting the whole contract again, I will go through the changes piecemeal, and quote code where necessary. Remember that in this instance, the contract owner and 'user' / '_user' are not the same. 1) 'structB[] arrB' is removed from structA, and instead the following mappings are made: // Each address is associated with an array of indices corresponding to particular structA elements in arrA
mapping (address => uint256[]) private arrAIndices;

// A reverse mapping is made to make it easy to verify that a given index is associated with a given address
mapping (uint => address) private arrAToUser;

// Each index of arrA is mapped to a structB[] array
mapping (uint => structB[]) private arrB;
 2) The 'addToArrA' function is then modified as such: function addToArrA(address _user, uint _AdataA, bytes32 _AdataC) public onlyOwner {

    structA memory newA = structA(_user, _AdataA, false, _AdataC);

    // Add the structA to the global list, and associate the index of the hedge with the beneficiary
    arrA.push(newA);
    uint newIndex = arrA.length - 1;
    arrAIndices[_user].push(newIndex);
    arrAToUser[newIndex] = _user;
}
 3) If we want to add some structB and associated them with particular structA's, we can add this function: function addToArrB(address _user, uint256 _index, uint _BdataA, uint64 _BdataB) public onlyOwner {
    require(arrAToUser[_index] == _user);

    structB memory newB = structB(_BdataA, _BdataB);
    arrB[_index].push(newB);
}
		</Content>
		<Answer_Comment>
		</Answer_Comment>
	</Answers>
</Questions>
