<Questions>
	<Address>https://ethereum.stackexchange.com/questions/21225/transactions-made-by-js-api-are-not-visible-on-mist-private-network</Address>
	<Title>Transactions made by JS API are not visible on mist (private network)</Title>
	<Labels>go-ethereum mist private-blockchain</Labels>
	<AskTime>2017-07-14 16:04:32Z</AskTime>
	<AskUser>thiagoh</AskUser>
	<Ques>
		<Content>
I've been studying Ethereum and been creating test environments to see how things work. I've been using geth to do most part of this work, so I created a private network and then a few accounts and put them to mine randomly. Now I have about 30 accounts on this private network and most of them have a few ethers. I've already done some transactions (using web3.eth.* js API) from these accounts and everything seems to be working fine.
This is how I start my private network:
geth --rpc --fast --cache 512 --ipcpath ~/Library/Ethereum/geth.ipc --networkid 15
Then, in order to run mist on my private network, I executed this command:
./Mist --ipcpath ~/Library/Ethereum/geth.ipc --networkid 15
All the 30 accounts (previously created with geth are visible on mist). I don't know whether this is the right way of running mist on my private network, but the thing is, the transactions done via web3.eth.* are not visible when I run mist, but the transactions done via mist are listed correctly. Why is that?

		</Content>
		<Ask_Comment>
			<Comment>My guess is that mist does not scan the blockchain for transactions, but it has a database with the transactions made from mist to easier display. It is not a block explorer. – Ismael Jul 16 '17 at 17:58</Comment>
			<Comment>What is the best block explorer for ethereum? – thiagoh Jul 16 '17 at 23:43</Comment>
		</Ask_Comment>
	</Ques>
	<Answers>
	</Answers>
</Questions>
