<Questions>
	<Address>https://ethereum.stackexchange.com/questions/30719/can-i-combine-multiple-transactions-from-same-users</Address>
	<Title>Can I combine multiple transactions from same users?</Title>
	<Labels>contract-development transactions</Labels>
	<AskTime>2017-11-14 15:39:56Z</AskTime>
	<AskUser>user3605780</AskUser>
	<Ques>
		<Content>
If I send 10 transactions from user A to B within let's say an hour, is it possible to combine these transactions into one to save on transaction fees?
It's important these transactions are still viewable by putting the transaction codes or hash in the metadata or some other place.

		</Content>
		<Ask_Comment>
		</Ask_Comment>
	</Ques>
	<Answers>
		<AnswerUser>flygoing</AnswerUser>
		<AnswerTime>2017-11-14 15:53:32Z</AnswerTime>
		<Accepted>False</Accepted>
		<Content>
You can't pay once and have multiple transactions in a way that will list them on a site like Etherscan, but you can combine the payments using payment channels. Raiden is probably the most known implementations of payment channels on Ethereum, but it's not released yet and there isn't a release date yet.
		</Content>
		<Answer_Comment>
		</Answer_Comment>
	</Answers>
	<Answers>
		<AnswerUser>TahaBA</AnswerUser>
		<AnswerTime>2017-11-14 23:59:41Z</AnswerTime>
		<Accepted>False</Accepted>
		<Content>
This is impossible, transactions are not adjustable or killed or combined.
		</Content>
		<Answer_Comment>
		</Answer_Comment>
	</Answers>
</Questions>
