<Questions>
	<Address>https://ethereum.stackexchange.com/questions/32916/web3js-decode-multisend-abi-contract-results-in-bignumber-error</Address>
	<Title>Web3js - Decode multisend ABI contract results in BigNumber Error</Title>
	<Labels>web3js contract-invocation</Labels>
	<AskTime>2017-12-09 11:52:50Z</AskTime>
	<AskUser>phoebus</AskUser>
	<Ques>
		<Content>
I am trying to decode the following smart contract ABI. When I try to decode a transaction input with it, it yields following error:
#########CODE_START##########
Unhandled rejection BigNumber Error: new BigNumber() not a number: 27699642598250537994,27699642598250537994,27699642598250537994,27699642598250537994,27699642598250537994,27699642598250537994,27699642598250537994,...
#########CODE_END########
I am using the following code to decode the contract:
#########CODE_START##########
const source = fs.readFileSync("MultiSend.sol", "utf8");
    const compiledContract = solc.compile(source, 1);
    const abi = JSON.parse(compiledContract.contracts[":Airdropper"].interface);

    const abiDecoder = require("abi-decoder");
    abiDecoder.addABI(abi);

    Config.web3.eth.getTransaction("0x8f2c00ebd1f5bce60fcc09024423037813e7bc21f5e995f10bff225502b8beab").then((t: any) => {
        const decodedInput = abiDecoder.decodeMethod(t.input);

        // handle decoded input....
    });
#########CODE_END########
My goal is to decode the multi-send operation of the contract.
Can anybody help?

		</Content>
		<Ask_Comment>
		</Ask_Comment>
	</Ques>
	<Answers>
		<AnswerUser>phoebus</AnswerUser>
		<AnswerTime>2017-12-10 10:12:57Z</AnswerTime>
		<Accepted>True</Accepted>
		<Content>
I resolved the issue by using another ABI decoder
		</Content>
		<Answer_Comment>
		</Answer_Comment>
	</Answers>
</Questions>
