<Questions>
	<Address>https://ethereum.stackexchange.com/questions/2519/how-to-convert-a-bytes32-to-string</Address>
	<Title>How to convert a bytes32 to string</Title>
	<Labels>solidity string bytes32</Labels>
	<AskTime>2016-06-19 06:56:09Z</AskTime>
	<AskUser>eth</AskUser>
	<Ques>
		<Content>
How can I convert a bytes32 to a string? Does anyone has a magic function or library which does it?

		</Content>
		<Ask_Comment>
			<Comment>possible duplicate : ethereum.stackexchange.com/questions/1081/… – euri10 Mar 31 '16 at 17:13</Comment>
			<Comment>This about concatenating, isn't it? – arodriguezdonaire Mar 31 '16 at 17:16</Comment>
			<Comment>is this a question for solidity or for outside the blockchain e.g. in javascript? – Paul S Mar 31 '16 at 20:44</Comment>
			<Comment>No, just in the blockchain. I made another question with the js part – arodriguezdonaire Mar 31 '16 at 20:45</Comment>
		</Ask_Comment>
	</Ques>
	<Answers>
		<AnswerUser>null</AnswerUser>
		<AnswerTime>2017-04-21 02:34:07Z</AnswerTime>
		<Accepted>True</Accepted>
		<Content>
Here's one: function bytes32ToString(bytes32 x) constant returns (string) {
    bytes memory bytesString = new bytes(32);
    uint charCount = 0;
    for (uint j = 0; j < 32; j++) {
        byte char = byte(bytes32(uint(x) * 2 ** (8 * j)));
        if (char != 0) {
            bytesString[charCount] = char;
            charCount++;
        }
    }
    bytes memory bytesStringTrimmed = new bytes(charCount);
    for (j = 0; j < charCount; j++) {
        bytesStringTrimmed[j] = bytesString[j];
    }
    return string(bytesStringTrimmed);
}
 To test, here it is combined with how to concatenate an array of bytes32. Paste the following in Remix. contract C {
    function bytes32ToString(bytes32 x) constant returns (string) {
        bytes memory bytesString = new bytes(32);
        uint charCount = 0;
        for (uint j = 0; j < 32; j++) {
            byte char = byte(bytes32(uint(x) * 2 ** (8 * j)));
            if (char != 0) {
                bytesString[charCount] = char;
                charCount++;
            }
        }
        bytes memory bytesStringTrimmed = new bytes(charCount);
        for (j = 0; j < charCount; j++) {
            bytesStringTrimmed[j] = bytesString[j];
        }
        return string(bytesStringTrimmed);
    }

    function bytes32ArrayToString(bytes32[] data) returns (string) {
        bytes memory bytesString = new bytes(data.length * 32);
        uint urlLength;
        for (uint i=0; i<data.length; i++) {
            for (uint j=0; j<32; j++) {
                byte char = byte(bytes32(uint(data[i]) * 2 ** (8 * j)));
                if (char != 0) {
                    bytesString[urlLength] = char;
                    urlLength += 1;
                }
            }
        }
        bytes memory bytesStringTrimmed = new bytes(urlLength);
        for (i=0; i<urlLength; i++) {
            bytesStringTrimmed[i] = bytesString[i];
        }
        return string(bytesStringTrimmed);
    }    
}
 Click "Create". Then in bytes32ToString field enter "0x0123456789abcdef0123456789abcdef0123456789abcdef0123456789abcdef" and click bytes32ToString. In bytes32ArrayToString field enter ["0x0123456789abcdef0123456789abcdef0123456789abcdef0123456789abcdef"] and click bytes32ArrayToString. Both will show same result (ABI encoding): Result: "0x000000000000000000000000000000000000000000000000000000000000002000000000000000000000000000000000000000000000000000000000000000200123456789abcdef0123456789abcdef0123456789abcdef0123456789abcdef" Here's another example. In bytes32ToString field enter "0xc3b6" and click bytes32ToString. You will get ö.
		</Content>
		<Answer_Comment>
			<Comment>I used the bytes32ToString function from above, but I obviously doesn't work with special characters such as ö ä ü etc. Is there a way to use this function with special characters? – Bumblebee Apr 20 '17 at 10:02</Comment>
			<Comment>@Bumblebee I added an example for ö and it works. If still needed, probably ask a separate question. (The input or decoding the output might be your problem.) – eth♦ Apr 21 '17 at 2:31</Comment>
			<Comment>Thanl you very much. That works perfectly. – Bumblebee May 7 '17 at 19:09</Comment>
			<Comment>I am trying your bytes32ArrayToString with a fixed bytes32[10], but it seems I throw an invalid opcode if I use 8-10 full slots of the array. Meaning I have a test for abcdefghijklmnopqrstuvwxyzabcdef (32 characters) 10 times in an array and pass that in, but it throws. If I have 7 or less it works. Any idea why? – The Nomad Nov 12 '17 at 12:49</Comment>
			<Comment>@TheNomad Not sure. Suggestions, try once instead of 10 times, and post a new question (a Remix or ethfiddle link might help). – eth♦ Nov 19 '17 at 19:37</Comment>
		</Answer_Comment>
	</Answers>
	<Answers>
		<AnswerUser>Viktor</AnswerUser>
		<AnswerTime>2017-11-21 18:49:32Z</AnswerTime>
		<Accepted>False</Accepted>
		<Content>
How to convert a bytes32 to string: pragma solidity ^0.4.15;

contract Bytes32ToString {

function bytes32ToStr(bytes32 _bytes32) public constant returns (string){

    // string memory str = string(_bytes32);
    // TypeError: Explicit type conversion not allowed from "bytes32" to "string storage pointer"
    // thus we should fist convert bytes32 to bytes (to dynamically-sized byte array)

    bytes memory bytesArray = new bytes(32);
    for (uint256 i; i < 32; i++) {
        bytesArray[i] = _bytes32[i];
        }
    return string(bytesArray);
    }

}
		</Content>
		<Answer_Comment>
		</Answer_Comment>
	</Answers>
	<Answers>
		<AnswerUser>d9ngle</AnswerUser>
		<AnswerTime>2017-09-15 13:38:51Z</AnswerTime>
		<Accepted>False</Accepted>
		<Content>
Here's how I'm doing it: function char(byte b) returns (byte c) {
    if (b < 10) return byte(uint8(b) + 0x30);
    else return byte(uint8(b) + 0x57);
}


function bytes32string(bytes32 b32) returns (string out) {
    bytes memory s = new bytes(64);

    for (var i = 0; i < 32; i++) {
        byte b = byte(b32[i]);
        byte hi = byte(uint8(b) / 16);
        byte lo = byte(uint8(b) - 16 * uint8(hi));
        s[i*2] = char(hi);
        s[i*2+1] = char(lo);            
    }

    out = string(s);
}
		</Content>
		<Answer_Comment>
		</Answer_Comment>
	</Answers>
</Questions>
