<Questions>
	<Address>https://ethereum.stackexchange.com/questions/2373/ethereum-blockchain-webhook-api</Address>
	<Title>Ethereum blockchain webhook API</Title>
	<Labels>web3js blockchain</Labels>
	<AskTime>2017-02-23 22:28:45Z</AskTime>
	<AskUser>Matthew Schmidt</AskUser>
	<Ques>
		<Content>
I am looking for an API service that allows my web app to generate Ethereum a deposit address, detect and notify a callback URL when a user sends ether to that address, and forward the funds to "cold" addresses.
Is there such a service out there? If not is there another way of programmatically detecting and forwarding deposits without running one's own Ethereum node?

		</Content>
		<Ask_Comment>
		</Ask_Comment>
	</Ques>
	<Answers>
		<AnswerUser>niksmac</AnswerUser>
		<AnswerTime>2016-03-29 01:54:45Z</AnswerTime>
		<Accepted>False</Accepted>
		<Content>
There is official Ethereum JavaScript API which offer a Javascript based API to interact with an Ethereum node. To send a transaction you can use web3.eth.sendTransaction web3.eth.sendTransaction(transactionObject [, callback])
 which offers a callback too. To create an address you can try LightWallet generate a new address with keystore.generateNewAddress keystore.generateNewAddress(pwDerivedKey [, num, hdPathString])
		</Content>
		<Answer_Comment>
		</Answer_Comment>
	</Answers>
	<Answers>
		<AnswerUser>ulu</AnswerUser>
		<AnswerTime>2017-12-05 10:00:41Z</AnswerTime>
		<Accepted>False</Accepted>
		<Content>
You can check Blockcypher, it's the only public service I could find that offers notifications via webhooks and websockets.
		</Content>
		<Answer_Comment>
		</Answer_Comment>
	</Answers>
</Questions>
