<Questions>
	<Address>https://ethereum.stackexchange.com/questions/2169/how-is-difficulty-used-by-mining-clients</Address>
	<Title>How is difficulty used by mining clients?</Title>
	<Labels>mining proof-of-work difficulty</Labels>
	<AskTime>2016-03-21 08:59:01Z</AskTime>
	<AskUser>5chdn</AskUser>
	<Ques>
		<Content>
I understand how it's calculated and what its intent is. I'm unsure of how the value is being used in practice.

		</Content>
		<Ask_Comment>
		</Ask_Comment>
	</Ques>
	<Answers>
		<AnswerUser>samurai jack</AnswerUser>
		<AnswerTime>2016-03-19 07:40:00Z</AnswerTime>
		<Accepted>True</Accepted>
		<Content>
In short it increases/decreases the number of computations (time needed) to solve the proof-of-work puzzles to adjust the actual mining time to the target mining time.
		</Content>
		<Answer_Comment>
			<Comment>Thanks for the input. For more specificity, check apendix J of the yellow paper. – Gruff McGruff Mar 20 '16 at 15:50</Comment>
		</Answer_Comment>
	</Answers>
</Questions>
