<Questions>
	<Address>https://ethereum.stackexchange.com/questions/13342/invalid-header-on-mined-block-gaslimit-check-failed-for-header-remote-1-loc</Address>
	<Title>`Invalid header on mined block: GasLimit check failed for header (remote: -1 local_max: 0)`</Title>
	<Labels>go-ethereum</Labels>
	<AskTime>2017-12-16 11:05:54Z</AskTime>
	<AskUser>Jesse Busman</AskUser>
	<Ques>
		<Content>
Has anyone got any clues to this? My private chain crashed (contracts don't respond for unknown reasons) so I've initialized a new one but it won't mine...
trying on Geth v1.5.9-stable
I0321 11:58:13.188217 miner/worker.go:295] Invalid header on mined block: GasLimit check failed for header (remote: -1 local_max: 0)

		</Content>
		<Ask_Comment>
		</Ask_Comment>
	</Ques>
	<Answers>
	</Answers>
</Questions>
