<Questions>
	<Address>https://ethereum.stackexchange.com/questions/1585/why-does-an-empty-message-still-invoke-the-code-of-the-contract</Address>
	<Title>Why does an empty message still invoke the code of the contract?</Title>
	<Labels>solidity evm fallback-function calldata message</Labels>
	<AskTime>2017-04-13 13:01:02Z</AskTime>
	<AskUser>Community</AskUser>
	<Ques>
		<Content>
An empty message still invokes the code of the contract and is the mechanism that allows Solidity to implement a feature of a fallback function per contract.
But when msg.data is empty, why does contract code still need to execute?
If a caller leaves msg.data empty, meaning they don't want to pass any data or call any functions at all on a contract, why does the contract code still need to run?

		</Content>
		<Ask_Comment>
		</Ask_Comment>
	</Ques>
	<Answers>
		<AnswerUser>Community</AnswerUser>
		<AnswerTime>2017-04-13 13:01:02Z</AnswerTime>
		<Accepted>True</Accepted>
		<Content>
To keep the core protocol of Ethereum simple and generic, the protocol has the rule that a message always executes the code of an account. Simple and generic allows the critical consensus protocol to be smaller and decrease the risk of consensus bugs. This means that a detail, such as the Ethereum Contract ABI, does not need to be defined in the core Ethereum protocol. The ABI is an abstraction and improvements or alternatives to the ABI have no effect on the Ethereum protocol or the Ethereum Virtual Machine, EVM. Without the rule that "account code always executes", the protocol itself would then need to define what triggers account code, or parts of the account code, to execute: the protocol would become the opposite of simple and generic.
		</Content>
		<Answer_Comment>
		</Answer_Comment>
	</Answers>
	<Answers>
		<AnswerUser>Andreas Olofsson</AnswerUser>
		<AnswerTime>2016-03-09 03:25:54Z</AnswerTime>
		<Accepted>False</Accepted>
		<Content>
Code is run as a response to a transaction. This always happens when there is code in the account. msg.data being empty doesn't mean no code should be called, there is no such "rule", it only means there is no input.
		</Content>
		<Answer_Comment>
		</Answer_Comment>
	</Answers>
</Questions>
