<Questions>
	<Address>https://ethereum.stackexchange.com/questions/10529/how-can-i-recover-ethereum-account</Address>
	<Title>How can I recover ethereum account</Title>
	<Labels>go-ethereum wallets password recovery</Labels>
	<AskTime>2016-12-06 20:40:36Z</AskTime>
	<AskUser>Ronak Patel</AskUser>
	<Ques>
		<Content>
I have created geth account. I know the password and trying to access my wallet through below command:
#########CODE_START##########
geth account update *ethereum_address*
#########CODE_END########
I entered correct password but still I am getting below error:
Fatal: Failed to unlock account ethereum_address (no key for given address or file)
I don't have private key. How can I use this wallet now?

		</Content>
		<Ask_Comment>
			<Comment>your question is ambiguous. provide more details is it your coinbase account? are you on mainnet or testnet did you migrate your wallet or what exactly? – Badr Bellaj♦ Dec 6 '16 at 20:54</Comment>
			<Comment>I started mining from this guide: github.com/angelomilan/ethereum-guides/blob/master/… but, I can't access the account as I changed my VM. I don't have private key or wallet.json file – Ronak Patel Dec 6 '16 at 20:57</Comment>
			<Comment>if you don't have the private key so you ve lost your account. try to retrive your keystor folder from your previous VM – Badr Bellaj♦ Dec 6 '16 at 21:46</Comment>
			<Comment>@BadrBellaj : Unfortunately, VM is gone. :( (This is the ethereum account: 2bef01aa682e498d5c9d28da4ff28c9eee6f1608) – Ronak Patel Dec 6 '16 at 22:09</Comment>
			<Comment>The private key is your account. The password is just used to decrypt it. If you lost the private key, the account is gone, sorry... – Tjaden Hess♦ Dec 7 '16 at 1:32</Comment>
		</Ask_Comment>
	</Ques>
	<Answers>
		<AnswerUser>Lismore</AnswerUser>
		<AnswerTime>2017-11-28 16:13:03Z</AnswerTime>
		<Accepted>False</Accepted>
		<Content>
You cannot use the account now. The private key is your account and your password is used to decrypt it. No private key = no account An address & password without a private key to use against has no use.
		</Content>
		<Answer_Comment>
		</Answer_Comment>
	</Answers>
	<Answers>
		<AnswerUser>Jacq</AnswerUser>
		<AnswerTime>2017-11-28 16:34:16Z</AnswerTime>
		<Accepted>False</Accepted>
		<Content>
If you can get ahold of the private key then you're all set. Hopefully you can find it somewhere written down. B/c the password is your decryption key and the private key is your actual account.
		</Content>
		<Answer_Comment>
		</Answer_Comment>
	</Answers>
</Questions>
