<Questions>
	<Address>https://ethereum.stackexchange.com/questions/27984/uint8-vs-uin256-constant-variable</Address>
	<Title>uint8 vs uin256 constant variable</Title>
	<Labels>solidity tokens gas dapp-development</Labels>
	<AskTime>2017-10-07 22:15:30Z</AskTime>
	<AskUser>NemesisChain</AskUser>
	<Ques>
		<Content>
Why do people use uint8 for constant variables such as decimals for tokens, isn't it better to use uint256? the EVM would need to use additional calls to go from 256/32bits to 8 and therefore increase gas costs

		</Content>
		<Ask_Comment>
		</Ask_Comment>
	</Ques>
	<Answers>
		<AnswerUser>Jesse Busman</AnswerUser>
		<AnswerTime>2017-10-07 22:29:12Z</AnswerTime>
		<Accepted>True</Accepted>
		<Content>
With optimization enabled, there will be no extra gas cost for using uint8 constants instead of uint256 constants. The conversion instructions are optimized away entirely. With optimization disabled, there is a small extra gas cost. I just tested it, and with optimization disabled the use of a uint8 constant gave 3 bytes of bytecode more than the use of a uint256 constant. With optimization enabled, the Solidity compiler gives the exact same bytecode in both cases.
		</Content>
		<Answer_Comment>
			<Comment>why is it important to specify uint type anymore then? one could just go with uint right – NemesisChain Oct 7 '17 at 23:07</Comment>
		</Answer_Comment>
	</Answers>
</Questions>
