<Questions>
	<Address>https://ethereum.stackexchange.com/questions/11482/how-do-i-get-gaslimit-in-web3</Address>
	<Title>How do I get `gasLimit` in web3?</Title>
	<Labels>web3js gas-limit genesis</Labels>
	<AskTime>2017-01-18 10:55:42Z</AskTime>
	<AskUser>5chdn</AskUser>
	<Ques>
		<Content>
I am running in a private ethereum network which I init with a genesis.json file that contains "gasLimit": "31415926" Now I am wondering how I can read that via web3, any suggestions? (I want to make sure the limit is set correctly).

		</Content>
		<Ask_Comment>
		</Ask_Comment>
	</Ques>
	<Answers>
		<AnswerUser>Validity Labs - Sebastian</AnswerUser>
		<AnswerTime>2017-01-19 12:07:17Z</AnswerTime>
		<Accepted>True</Accepted>
		<Content>
Asking for the last block mined, it will return the gasLimit of the block https://github.com/ethereum/wiki/wiki/JavaScript-API#web3ethgetblock var block = web3.eth.getBlock("latest");
console.log("gasLimit: " + block.gasLimit);
		</Content>
		<Answer_Comment>
		</Answer_Comment>
	</Answers>
</Questions>
