<Questions>
	<Address>https://ethereum.stackexchange.com/questions/1255/how-does-a-client-interact-with-a-contract-already-in-the-blockchain</Address>
	<Title>How does a client interact with a contract already in the blockchain?</Title>
	<Labels>mining clients contract-invocation</Labels>
	<AskTime>2016-03-15 08:21:57Z</AskTime>
	<AskUser>Joris Bontje</AskUser>
	<Ques>
		<Content>
I am looking for someone to help clarify the 'stacktrace' of interactions that occur when a client interacts with a smart contract.
Clearly, one has to submit a transaction to a miner, who then has to locate the contract by address (by using his/her own local copy of the blockchain?), and complete the computation set out in the contract.
Is the entire contract then re-written once again into the blockchain with the outputs representing the output of the computation that has taken place?

		</Content>
		<Ask_Comment>
		</Ask_Comment>
	</Ques>
	<Answers>
		<AnswerUser>Community</AnswerUser>
		<AnswerTime>2017-04-13 13:01:02Z</AnswerTime>
		<Accepted>True</Accepted>
		<Content>
Indeed the miner locates a contract by using their local copy of the blockchain. Is the entire contract then re-written once again into the blockchain with the outputs representing the output of the computation that has taken place? Contracts are immutable. But each contract can have a "hard disk", called storage, and that's where the outputs of computations can be written. Technically: The web3.js Javascript API Contract Methods are a way to interact with contracts. JSON-RPC is a lower-level way of interacting with contracts.
		</Content>
		<Answer_Comment>
			<Comment>Ok thanks - is the storage located within the original block in which the contract was mined? – glider Feb 11 '16 at 20:02</Comment>
			<Comment>Kind of, it's via pointers to trees. Each block has a "state root" which contains accounts. Each account has a "storage root". Overview at ethereum.stackexchange.com/questions/268/… – eth♦ Feb 11 '16 at 20:29</Comment>
			<Comment>Fantastic links & description with pictures. +1 – glider Feb 11 '16 at 21:41</Comment>
		</Answer_Comment>
	</Answers>
</Questions>
