<Questions>
	<Address>https://ethereum.stackexchange.com/questions/1851/getting-exceeds-block-gas-limit-regardless-of-gas-value</Address>
	<Title>Getting “exceeds block gas limit” regardless of gas value [duplicate]</Title>
	<Labels>transactions gas gas-limit gas-price</Labels>
	<AskTime>2016-03-05 20:08:51Z</AskTime>
	<AskUser>null</AskUser>
	<Ques>
		<Content>
This question already has an answer here: Can't send transaction — “Exceeds block gas limit” or “Intrinsic gas too low” 2 answers
My code is below, setting gas to 21000, but I've tried values up to 100000 and nothing works:
#########CODE_START##########
eth.sendTransaction({from:eth.coinbase, to:ACCOUNT, value: web3.toWei(30, "ether"), gas:21000})
#########CODE_END########
I've also tried:
#########CODE_START##########
eth.sendTransaction({from:eth.coinbase, to:ACCOUNT, value: web3.toWei(30, "ether"), gas:21000, gasPrice:web3.toWei(300, 'gwei')})
#########CODE_END########
Regardless of the gas value I select, I get the error "Exceeds block gas limit"
Any idea how I can get rid of this error?
**This question has been marked as a duplicate of another question, but that question remained unanswered and is pending OP posting their actual code snippet. There aren't helpful answers elsewhere as of yet.

		</Content>
		<Ask_Comment>
			<Comment>try 3 000 000 as gas input – jayD Mar 6 '16 at 8:29</Comment>
		</Ask_Comment>
	</Ques>
	<Answers>
		<AnswerUser>SlickTheNick</AnswerUser>
		<AnswerTime>2016-03-06 17:54:38Z</AnswerTime>
		<Accepted>False</Accepted>
		<Content>
Are you sure that you are actually connected and synced to the network? I had the exact same issue and that was what fixed it. Try typing net.peerCount if it comes up as 0, try this solution: https://github.com/ethereum/go-ethereum/issues/1676#issuecomment-163560490
		</Content>
		<Answer_Comment>
		</Answer_Comment>
	</Answers>
</Questions>
