<Questions>
	<Address>https://ethereum.stackexchange.com/questions/25118/erc20-shared-token-wallet</Address>
	<Title>ERC20 Shared Token Wallet</Title>
	<Labels>erc-20</Labels>
	<AskTime>2017-08-25 04:04:00Z</AskTime>
	<AskUser>keweli</AskUser>
	<Ques>
		<Content>
I want to know if there is there a way to have a shared wallet where 2 users both have to agree before calling "transfer". Any problem with this logic in the transfer method?
User A wants to transfer tokens to User B so user A calls the Transfer method. However, the tokens are not actually transferred but it is added to a map of "pending" transfers.
User C now has to call Transfer to User B as well and if the exact match is found in pending map (matching toAddress and amount), then the transfer of the token is actually made.
Alternatively I can make User C have to call the Approve method instead of Transfer. However that seems to go against what it is designed for looking at its signature - approve(address _spender, uint _value). So _spender would actually have to be used for the receiver.
Are both these options possible and are there any problems with them?
Thanks

		</Content>
		<Ask_Comment>
		</Ask_Comment>
	</Ques>
	<Answers>
		<AnswerUser>Ismael</AnswerUser>
		<AnswerTime>2017-08-25 16:27:50Z</AnswerTime>
		<Accepted>False</Accepted>
		<Content>
Gnosis team has developed a multisig wallet that is aware of tokens.
		</Content>
		<Answer_Comment>
		</Answer_Comment>
	</Answers>
</Questions>
