<Questions>
	<Address>https://ethereum.stackexchange.com/questions/24141/how-are-funds-stored-inside-a-contract</Address>
	<Title>How are funds stored inside a contract?</Title>
	<Labels>solidity contract-development</Labels>
	<AskTime>2017-08-11 08:49:29Z</AskTime>
	<AskUser>null</AskUser>
	<Ques>
		<Content>
Can you guys please help me to understand how does a contract temporarily keeps a funds inside itself? I am looking the Solidity docs and tutorials and I see, that it is possible to keep a funds inside a contract for some time and then to send these funds to owner using the suicide() method.
I refer to this tutorial. According to the code example, the contract looks like this:
#########CODE_START##########
contract Conference { 

   address public organizer;
   mapping (address => uint) public registrantsPaid;
   uint public numRegistrants;

   // ...

   function buyTicket() public returns (bool success) { 
     if (numRegistrants >= quota) { 
         return false; 
     }
     else {
         registrantsPaid[msg.sender] = msg.value;
         numRegistrants++;
         return true;
     }
   }

   // ...

  function destroy() { // so funds not locked in contract forever
     if (msg.sender == organizer) {
        suicide(organizer); // send funds to organizer
     }
  }
}
#########CODE_END########
As far as I understand from this example, the function buyTicket() should take some funds from a user calling this transaction and persist it somehow inside a blockchain as a stored data. But I don't see any payments here, I can only see that we put user's value and address inside the internal mapping, such as registrantsPaid[msg.sender] = msg.value;.
Can you please explain to me, what exactly happens in the function buyTicket()? How does the suicide(organizer) knows where all funds are stored inside a contract? Is there actual money are transferred form user to a contract inside the buyTicket() function? Where exactly the destroy() is calling?
Thank you very much. Sorry, for noobish question :/

		</Content>
		<Ask_Comment>
		</Ask_Comment>
	</Ques>
	<Answers>
		<AnswerUser>BinGoBinBin</AnswerUser>
		<AnswerTime>2017-08-11 09:09:59Z</AnswerTime>
		<Accepted>True</Accepted>
		<Content>
When you calling buyTicket, your fund is saved to contract, registrantsPaid only record fund of every account, all fund is saved to contract, because contract is a account.If you call destroy function, the fund of contract will be refund to organizer account, you can get balance of contract by this.balance. Your code has a bug , if numRegistrants >= quota is true, current user of calling buyTicket will lost some fund, so you must refund it. Modified as follows: pragma solidity ^0.4.13;

contract Conference { 

   address public organizer;
   mapping (address => uint) public registrantsPaid;
   uint public numRegistrants;
    uint quota = 2000;
   // ...

   function buyTicket() payable public returns (bool success) { 
        require(numRegistrants >= quota);
        registrantsPaid[msg.sender] = msg.value;
         numRegistrants++;
         return true;
   }

   // ...

  function destroy() { // so funds not locked in contract forever
     if (msg.sender == organizer) {
        suicide(organizer); // send funds to organizer
     }
  }

  function getContractBalance() constant returns (uint){
    return this.balance;    
  }

}
 Hope is helps~
		</Content>
		<Answer_Comment>
			<Comment>So, the rule is: when a customer calls a public function marked as payable, then the sum of money equals to msg.value are moved from his wallet to the contract wallet automatically? Am I right? Sorry, this piese of code is a bit confusing for me, because it is implicit. – w32blaster Aug 11 '17 at 9:56</Comment>
			<Comment>And thank you for the code correction! I appreciate that! – w32blaster Aug 11 '17 at 9:57</Comment>
			<Comment>Yes, this money will be stored to contract~ – BinGoBinBin Aug 11 '17 at 10:00</Comment>
			<Comment>If this helps you, please accept this answer, thanks a lot~ – BinGoBinBin Aug 11 '17 at 10:08</Comment>
		</Answer_Comment>
	</Answers>
</Questions>
