<Questions>
	<Address>https://ethereum.stackexchange.com/questions/2555/ether-balance-suddenly-went-to-0-and-address-not-found-on-ether-chain-please-hel</Address>
	<Title>Ether balance suddenly went to 0 and address not found on ether chain please help</Title>
	<Labels>mining</Labels>
	<AskTime>2016-04-01 13:13:19Z</AskTime>
	<AskUser>niksmac</AskUser>
	<Ques>
		<Content>
My address is 0x9ac0e6b745bbd98eec2d900d5ee8144157d7fc1e and I had ether in it but it suddenly went down to 0 I have also never been able to find my address on ether chain.

		</Content>
		<Ask_Comment>
			<Comment>Your address seems to exist live.ether.camp/account/… There is no ETH on it though, what makes you think you had ETH on it ? – euri10 Apr 1 '16 at 10:26</Comment>
			<Comment>I ran web3.fromWei(eth.getBalance(eth.coinbase),"ether") and it came up with 30 – Moulie415 Apr 1 '16 at 10:41</Comment>
			<Comment>and I suppose eth.coinbase is 0x9ac0e6b745bbd98eec2d900d5ee8144157d7fc1e ? wouldn't it be possible you have another account you asked for the balance ? you can use the snippet here : ethereum.stackexchange.com/questions/2531/… to get all account balances quite easily – euri10 Apr 1 '16 at 10:42</Comment>
			<Comment>How would you have 30 in the 1st place? Someone sent you some? Did you mine some? – euri10 Apr 1 '16 at 10:55</Comment>
			<Comment>Replying to euri10's first comment that the account seems to exist in live.ether.camp/account/… , I checked a randomly made up account live.ether.camp/account/… and the web site still says that the account exists. live.ether.camp/account is not a reliable indicator that the account exists. Entering the same account into etherchain.org seems to be a better indicator of whether the account has been used and both the original poster's account and my made up account shows up as not found! – BokkyPooBah Apr 1 '16 at 14:16</Comment>
		</Ask_Comment>
	</Ques>
	<Answers>
		<AnswerUser>tayvano</AnswerUser>
		<AnswerTime>2016-04-01 15:20:23Z</AnswerTime>
		<Accepted>True</Accepted>
		<Content>
That account never had or ever has had ANY balance on it. Additionally, that account never had or ever has had ANY balance on it on the testnet. My guess would be that your coinbase is referencing a different account. https://testnet.etherscan.io/address/0x9ac0e6b745bbd98eec2d900d5ee8144157d7fc1e https://etherscan.io/address/0x9ac0e6b745bbd98eec2d900d5ee8144157d7fc1e
		</Content>
		<Answer_Comment>
		</Answer_Comment>
	</Answers>
	<Answers>
		<AnswerUser>BokkyPooBah</AnswerUser>
		<AnswerTime>2016-04-01 14:48:54Z</AnswerTime>
		<Accepted>False</Accepted>
		<Content>
Moulie415, how long did it take your miner to find the 6 blocks? From https://etherscan.io/ether-mining-calculator, you should currently be only finding a block every 11.2 days. The testnet and dev blockchain will mine at a much faster rate.
		</Content>
		<Answer_Comment>
			<Comment>So will I only be able to see ether in my balance once i have mined a block? – Moulie415 Apr 1 '16 at 16:24</Comment>
			<Comment>No, if there is any ether in the account you will be able to see it without mining anything. What everyone is trying to ascertain is why it is you think that there should be a balance on your account? Where did you get that ETH from? – Hairy Chris Apr 1 '16 at 16:43</Comment>
		</Answer_Comment>
	</Answers>
	<Answers>
		<AnswerUser>euri10</AnswerUser>
		<AnswerTime>2016-04-01 19:50:11Z</AnswerTime>
		<Accepted>False</Accepted>
		<Content>
April's fool is the answer, is it?
		</Content>
		<Answer_Comment>
		</Answer_Comment>
	</Answers>
</Questions>
