<Questions>
	<Address>https://ethereum.stackexchange.com/questions/27000/declare-string-inside-function</Address>
	<Title>Declare string inside function</Title>
	<Labels>solidity string</Labels>
	<AskTime>2017-09-24 08:37:08Z</AskTime>
	<AskUser>Earth_swp</AskUser>
	<Ques>
		<Content>
I tried to declare string inside my function but it doesn't work.
How to declare string inside function?


		</Content>
		<Ask_Comment>
		</Ask_Comment>
	</Ques>
	<Answers>
		<AnswerUser>Davide C</AnswerUser>
		<AnswerTime>2017-09-24 11:45:07Z</AnswerTime>
		<Accepted>True</Accepted>
		<Content>
I suspect it has to do with some already answered question like Why do Solidity examples use bytes32 type instead of string? However, a code like the one below seems to work around without declaring a string. contract A{
        function f() constant returns(string){
            var s="hello";
            return s;
        }

    }
		</Content>
		<Answer_Comment>
		</Answer_Comment>
	</Answers>
</Questions>
