<Questions>
	<Address>https://ethereum.stackexchange.com/questions/13130/problem-with-token-code</Address>
	<Title>Problem with token code [closed]</Title>
	<Labels>contract-development ether</Labels>
	<AskTime>2017-12-16 12:20:25Z</AskTime>
	<AskUser>Jesse Busman</AskUser>
	<Ques>
		<Content>
I'm new in the Ethereum and programming languages at all I have a problem with this code:
#########CODE_START##########
pragma solidity ^0.4.8

contract MyToken { 
/* Public variables of the token */
string public name;
string public symbol;
uint8 public decimals;

/* This creates an array with all balances */
mapping (address => uint256) public balanceOf;

/* This generates a public event on the blockchain that will notify clients */
event Transfer(address indexed from, address indexed to, uint256 value);

/* Initializes contract with initial supply tokens to the creator of the contract */
function MyToken(uint256 _supply, string _name, string _symbol, uint8 _decimals) {
    /* if supply not given then generate 1 million of the smallest unit of the token */
    if (_supply == 0) _supply = 1000000;

    /* Unless you add other functions these variables will never change */
    balanceOf[msg.sender] = _supply;
    name = _name;     
    symbol = _symbol;

    /* If you want a divisible token then add the amount of decimals the base unit has  */
    decimals = _decimals;
}

/* Send coins */
function transfer(address _to, uint256 _value) {
    /* if the sender doenst have enough balance then stop */
    if (balanceOf[msg.sender] < _value) throw;
    if (balanceOf[_to] + _value < balanceOf[_to]) throw;

    /* Add and subtract new balances */
    balanceOf[msg.sender] -= _value;
    balanceOf[_to] += _value;

    /* Notifiy anyone listening that this transfer took place */
    Transfer(msg.sender, _to, _value);
}
#########CODE_END########
}

Thanks in advance

		</Content>
		<Ask_Comment>
		</Ask_Comment>
	</Ques>
	<Answers>
		<AnswerUser>Viktor Baranov</AnswerUser>
		<AnswerTime>2017-03-16 10:24:39Z</AnswerTime>
		<Accepted>True</Accepted>
		<Content>
Change pragma solidity ^0.4.8 to pragma solidity ^0.4.8;
		</Content>
		<Answer_Comment>
		</Answer_Comment>
	</Answers>
</Questions>
