<Questions>
	<Address>https://ethereum.stackexchange.com/questions/76/is-there-a-dao-to-vote-on-ethereum-foundation-development-decisions-direction</Address>
	<Title>Is there a DAO to vote on Ethereum Foundation development decisions / direction?</Title>
	<Labels>decentralization foundation dao voting</Labels>
	<AskTime>2016-01-24 11:09:36Z</AskTime>
	<AskUser>5chdn</AskUser>
	<Ques>
		<Content>
I'd like to know if the Ethereum Foundation itself has been decentralized yet.
Is there a DAO with which is used to make decentralized decisions? Is it open to public viewing? Closed?

		</Content>
		<Ask_Comment>
		</Ask_Comment>
	</Ques>
	<Answers>
		<AnswerUser>mKoeppelmann</AnswerUser>
		<AnswerTime>2016-01-20 18:47:20Z</AnswerTime>
		<Accepted>True</Accepted>
		<Content>
The short answer is "No". The Ethereum foundation have been very public with there plans and activities but it is nevertheless clearly not a DAO. There are attempts in this direction but nothing concrete yet.
		</Content>
		<Answer_Comment>
		</Answer_Comment>
	</Answers>
</Questions>
