<Questions>
	<Address>https://ethereum.stackexchange.com/questions/1468/smallest-number-of-nodes-for-an-ethereum-private-blockchain</Address>
	<Title>Smallest number of nodes for an Ethereum private blockchain</Title>
	<Labels>security private-blockchain scalability eris-industries</Labels>
	<AskTime>2016-03-07 02:47:24Z</AskTime>
	<AskUser>eth</AskUser>
	<Ques>
		<Content>
In a public instance, one would expect the more miners the merrier, as this improves the overall mining diversity and therefore we get better security.
Private blockchains, as in the Eris case, tend not to rely on proof of work mining, and use some form of proof of stake instead.
My question is: could I run a private blockchain (say using Eris), say, with just two participating nodes? Or is there any inherent lower bound below which security can become compromised?

		</Content>
		<Ask_Comment>
		</Ask_Comment>
	</Ques>
	<Answers>
		<AnswerUser>null</AnswerUser>
		<AnswerTime>2016-03-07 00:42:59Z</AnswerTime>
		<Accepted>True</Accepted>
		<Content>
Theoretically that would work, practically it likely wouldn't work every well. We recommend a minimum bound of seven validator nodes with stake distributed amongst the various actors within the network (depending on what the application is trying to achieve). This will allow a tolerance of two nodes to be either malicious or offline at any one time. The tendermint consensus engine will not move the chain forward unless there is agreement amongst > 66% of the stake bonded as to the application's state root. Tendermint chains have a strong finality meaning they do not fork. They either move forward or do not depending on whether there is > 66% agreement amongst the validators as to the application's state root.
		</Content>
		<Answer_Comment>
		</Answer_Comment>
	</Answers>
	<Answers>
		<AnswerUser>zanzu</AnswerUser>
		<AnswerTime>2016-02-19 11:45:31Z</AnswerTime>
		<Accepted>False</Accepted>
		<Content>
Eris currently uses Tendermint as a consensus algorithm. It uses a Byzantine Fault Tolerance algorithm which is secure as long as two-thirds of validators are honest. Thus, it doesn't make much sense to use just two nodes. Blockchains in general don't really apply to just two parties, since each node could just fork the chain without too much work.
		</Content>
		<Answer_Comment>
		</Answer_Comment>
	</Answers>
</Questions>
