<Questions>
	<Address>https://ethereum.stackexchange.com/questions/6813/how-to-compute-sha-3-of-an-array-of-numbers-in-javascript</Address>
	<Title>How to compute SHA-3 of an array of numbers in Javascript?</Title>
	<Labels>javascript sha3</Labels>
	<AskTime>2016-10-12 18:29:34Z</AskTime>
	<AskUser>eth</AskUser>
	<Ques>
		<Content>
The documentation says that sha3 calculates the hash of the tightly packed arguments. Numbers seem to be converted to ASCII chars.
Consider using sha3(values) in Solidity with the type int8[3] values, and the Javascript array let values = [-1, 0, 1];, how can I calculate the web3.sha3(...) hash in Javascript to get the same result as in Solidity?
What I tried so far:
web3.sha3(values.map((x) => String.fromCharCode(x)).join(''))
Also, why are these two different:
#########CODE_START##########
> sha3([int8(-1), int8(0), int8(1)])
0x485d3017777c5ed1be9073116ba54b48f208c386ab83497d9c3a015a8382849e
> sha3(int8(-1), int8(0), int8(1))
0x8404dcb0a81bbb8eccbf96f10e1874b12380080d2143c02c8e44db200aaff384
#########CODE_END########
I found this issue on Github, which doesn't seem to handle my case of negative numbers. Maybe I should convert to uint in Javascript?

		</Content>
		<Ask_Comment>
		</Ask_Comment>
	</Ques>
	<Answers>
		<AnswerUser>graup</AnswerUser>
		<AnswerTime>2016-07-04 21:30:43Z</AnswerTime>
		<Accepted>False</Accepted>
		<Content>
I finally found the solution. The function given in this issue was the starting point. To make it work with negative numbers, I had to change it to this: function solSha3 (...args) {
    args = args.map(arg => {
        if (typeof arg === 'string') {
            if (arg.substring(0, 2) === '0x') {
                return arg.slice(2);
            } else {
                return web3.toHex(arg).slice(2);
            }
        }

        if (typeof arg === 'number') {
            if (arg < 0) {
              return leftPad((arg >>> 0).toString(16), 64, 'F');
            }
            return leftPad((arg).toString(16), 64, 0);
        } else {
          return '';
        }
    });

    args = args.join('');

    return '0x' + web3.sha3(args, { encoding: 'hex' });
}
		</Content>
		<Answer_Comment>
		</Answer_Comment>
	</Answers>
</Questions>
