<Questions>
	<Address>https://ethereum.stackexchange.com/questions/34717/how-to-vaildate-the-structure-of-a-smart-contract</Address>
	<Title>How to vaildate the structure of a smart contract?</Title>
	<Labels>contract-development contract-design contract-invocation</Labels>
	<AskTime>2017-12-30 10:59:15Z</AskTime>
	<AskUser>NoMorePen</AskUser>
	<Ques>
		<Content>
I want to automatically verify the structure of a published smart contract. A smart contract should be valid if the smart contract matches a template. Only the storage can diverge between the template and the smart contract. All functions, etc. should be matching.
Is this possible to test automatically? If so, how?

		</Content>
		<Ask_Comment>
		</Ask_Comment>
	</Ques>
	<Answers>
	</Answers>
</Questions>
