<Questions>
	<Address>https://ethereum.stackexchange.com/questions/18072/install-blockchain-to-secondary-drive</Address>
	<Title>Running out of storage space - want to move Mist chaindata</Title>
	<Labels>mist storage datadir</Labels>
	<AskTime>2016-03-06 10:47:40Z</AskTime>
	<AskUser>niksmac</AskUser>
	<Ques>
		<Content>
I have a small laptop that I basically use for nothing but my Ethereum wallet, using Mist. I'm running out of space, so I added a 64gb SD card and I'd like to keep Mist running on the laptop but store the blockchain data to the SD card.
I followed instructions for making that change in Geth via terminal - designating --datadir to the directory of the SD card - but it doesn't seem to make any difference when I open Mist. The entries in the chaindata folder on my laptop's storage keep expanding and nothing appears on the SD card. Does anyone know how to do this?

		</Content>
		<Ask_Comment>
			<Comment>Have you seen this – niksmac Mar 6 '16 at 3:59</Comment>
			<Comment>What operating system are you using? – DirtStats May 10 '16 at 0:39</Comment>
			<Comment>It's not clear what OS you're using. If Windows, try this: ethereum.stackexchange.com/questions/3622/… – DirtStats May 11 '16 at 16:24</Comment>
		</Ask_Comment>
	</Ques>
	<Answers>
		<AnswerUser>null</AnswerUser>
		<AnswerTime>2016-03-07 00:51:22Z</AnswerTime>
		<Accepted>False</Accepted>
		<Content>
Mist has the data directory hard coded. If you want to run geth directly, you can use --datadir. You might also use a symbolic link. Not much more to say on this other than submit an issue on the Mist project if you'd like to see this changed.
		</Content>
		<Answer_Comment>
			<Comment>Oh, Ok. Well that settles that then. Thanks for the response! I've still got about 5gb of headroom, so hopefully a change is implemented before I run out, or worst case scenario I'll have to set up a wallet on another computer. In the meantime, I will submit a pull request as you suggest. – Ethcurious Mar 6 '16 at 21:25</Comment>
			<Comment>@Ethcurious had a brain fart, pull/issue. – linagee Mar 7 '16 at 0:51</Comment>
		</Answer_Comment>
	</Answers>
	<Answers>
		<AnswerUser>JackWinters</AnswerUser>
		<AnswerTime>2016-03-06 11:58:16Z</AnswerTime>
		<Accepted>False</Accepted>
		<Content>
Not tried this myself but how about creating a Symbolic Link to the chain data directory. e.g. something like ln -s /sdcard/chaindata usr/library/ethereum/chaindata
		</Content>
		<Answer_Comment>
		</Answer_Comment>
	</Answers>
	<Answers>
		<AnswerUser>Arijoon</AnswerUser>
		<AnswerTime>2017-07-08 18:50:22Z</AnswerTime>
		<Accepted>False</Accepted>
		<Content>
On windows you can run mist with --node-datadir="path/to/datadir" option to specify your data directory
		</Content>
		<Answer_Comment>
		</Answer_Comment>
	</Answers>
</Questions>
