<Questions>
	<Address>https://ethereum.stackexchange.com/questions/12228/how-to-get-notified-of-a-state-change</Address>
	<Title>How to get notified of a state change?</Title>
	<Labels>contract-design logs</Labels>
	<AskTime>2017-02-16 21:05:47Z</AskTime>
	<AskUser>Guenole de Cadoudal</AskUser>
	<Ques>
		<Content>
I wonder if there is a way to be notified of a potential contract state change (ie it has been part of a transaction) without having to use the event mecanism.
Say I have contract that can be modified across time and I want to be able to read their constant functions if I am notified that they were changed in a transaction.
I have created the following test case
#########CODE_START##########
contract Simple {
  uint public data; // a state field
  event Notify(uint newData);

  function setData(uint _data) { data = _data; }
  function setDataAndNotify(uint _data) { setData(_data); Notify(_data); }
}
#########CODE_END########
And on the console side, create the contract, then subscribe to the NotifyEvent or if I subscribe to any event using the filter function as follow : (S is my contract instance variable)
#########CODE_START##########
S.Notify(function(e, log) { console.log("Notified ", log); })
web3.eth.filter({ address: S.address }, function(e, log) { console.log("Generic filter ", log); })
#########CODE_END########
when I call the following, both notification are received (normal)
#########CODE_START##########
S.setDataAndNotify(1, web3.callinfo)
#########CODE_END########
when I call the following, nothing get triggered on my callback.
#########CODE_START##########
S.setData(2, web3.callinfo)
#########CODE_END########
But the transaction went through because the S.data() returns 2.
So is there a way to still receive a callback when the S.setData() transaction is called? I guess not but has anyone found a way (that does not imply checking after each new block with the filter('latest').
Thanks

		</Content>
		<Ask_Comment>
			<Comment>No answer here apparently. I guess it is not feasible. I consider there is a need to have an event log added to each function then. Anyone has a better suggestion? – Guenole de Cadoudal Feb 20 '17 at 6:18</Comment>
		</Ask_Comment>
	</Ques>
	<Answers>
		<AnswerUser>Guenole de Cadoudal</AnswerUser>
		<AnswerTime>2017-02-20 06:25:25Z</AnswerTime>
		<Accepted>False</Accepted>
		<Content>
In absence of better solution I propose the following pattern. Using a modifier to have all your state changing method trigger a simple small event. That would be the inverse of the "constant" keyword. contract RootContract {
    event StateChanged();
    modifier modifies() {
        _;
        StateChanged();
    }
}

contract Simple is RootContract {
  uint public data; // a state field
  event Notify(uint newData);

  function setData(uint _data) modifies { data = _data; }
}
		</Content>
		<Answer_Comment>
		</Answer_Comment>
	</Answers>
</Questions>
