<Questions>
	<Address>https://ethereum.stackexchange.com/questions/10363/it-is-possible-to-export-tx-hash-to-a-txt-file</Address>
	<Title>It is possible to export Tx Hash to a .txt file?</Title>
	<Labels>transactions</Labels>
	<AskTime>2016-11-30 07:44:06Z</AskTime>
	<AskUser>null</AskUser>
	<Ques>
		<Content>
As above: It is possible to export a Tx Hash to a .txt file ?
For Example : I'm using Geth Java console, I make a Transaction from my Account receving
"0x123456789"
It is possible to send "0x123456789" to txhash.txt ?
Further Informations: I usually started with
geth --datadir C:\Users\BulldogBud\AppData\Roaming\Ethereum\testnet\chainda‌​ta --networkid 3 console 2>>log.txt
then
web3.personal.unlockAccount("0x9876", "mypassword", 24*3600 ) In order to keep the account open from Java console without all the "Sync messages". In this way after the web3.personal.sendTransaction() command, how can I pass the Tx Hash out of the Java console?
Thank you in advance!

		</Content>
		<Ask_Comment>
		</Ask_Comment>
	</Ques>
	<Answers>
		<AnswerUser>null</AnswerUser>
		<AnswerTime>2016-11-29 13:11:55Z</AnswerTime>
		<Accepted>False</Accepted>
		<Content>
try to use the --exec option for geth : geth --exec  "eth.sendTransaction({from:"0x4ae4ddbf073ff57e5861490d72f9177d9039428a",to:"0x32f5f2a0deaada272387573dbf30894805de082c",value:10})" >> c:\\ether.txt console
		</Content>
		<Answer_Comment>
			<Comment>Thank you Badr for your reply, I usually started with: geth --datadir C:\Users\BulldogBud\AppData\Roaming\Ethereum\testnet\chainda‌​ta --networkid 3 console 2>>log.txt then web3.personal.unlockAccount("0x9876", "mypassword", 24*3600 ) In order to keep the account open from Java console without all the "Sync messages". In this way after the web3.personal.sendTransaction() command, how can I pass the Tx Hash out of the Java console? Thanks a lot – BulldogBud Nov 29 '16 at 13:48</Comment>
			<Comment>@BulldogBud post it as a new question or edit this question. – niksmac Nov 30 '16 at 5:55</Comment>
		</Answer_Comment>
	</Answers>
</Questions>
