<Questions>
	<Address>https://ethereum.stackexchange.com/questions/16021/error-in-msg-value-during-online-contract-compilation</Address>
	<Title>Error in msg.value during online contract compilation</Title>
	<Labels>solidity contract-development</Labels>
	<AskTime>2017-05-09 19:17:28Z</AskTime>
	<AskUser>null</AskUser>
	<Ques>
		<Content>
I am getting this error while a contract compilation using online solidity compiler : Untitled:23:19: Error: Member "value" not found or not visible after argument-dependent lookup in string storage pointer - did you forget the "payable" modifier? var amount = msg.value; ^-------^ Contract code is like this : function transfer(address user) payable { var amount = msg.value; var sender = msg.sender; What wrong i am doing ?

		</Content>
		<Ask_Comment>
			<Comment>Nothing obviously wrong with this section. I got it to compile without issues by just wrapping it in contract X {}. – Rob Hitchens May 9 '17 at 19:36</Comment>
			<Comment>There is nothing wrong with it. What solidity compiler version you are using? – Prashant Prabhakar Singh May 9 '17 at 19:59</Comment>
			<Comment>change the compiler and retry – Sig Touri May 9 '17 at 22:55</Comment>
			<Comment>I used solidity online solidity remix browser. I also tried to change the version, but error persisted. In one other contract , i used same but it was not throwing any error on remix browser. Don't know what is wrong – A.K. May 10 '17 at 6:35</Comment>
			<Comment>Have you found a solution? – NineCattoRules Jul 20 '17 at 7:52</Comment>
		</Ask_Comment>
	</Ques>
	<Answers>
		<AnswerUser>A.K.</AnswerUser>
		<AnswerTime>2017-07-20 13:03:33Z</AnswerTime>
		<Accepted>True</Accepted>
		<Content>
I found the error later. Nothing was wrong with the remix. I have declared a string with identifier as 'msg'. And it was the source of all the causes.
		</Content>
		<Answer_Comment>
		</Answer_Comment>
	</Answers>
</Questions>
