<Questions>
	<Address>https://ethereum.stackexchange.com/questions/33442/geth-1-7-2-with-poa-transaction-still-pending-although-gas-price-has-been-incr</Address>
	<Title>geth 1.7.2 with PoA - transaction still pending although gas price has been increased</Title>
	<Labels>go-ethereum transactions pending-transactions poa resend</Labels>
	<AskTime>2017-12-15 06:07:36Z</AskTime>
	<AskUser>ivicaa</AskUser>
	<Ques>
		<Content>
I have a private PoA network setup with geth. My local node is directly connected to a sealer node. If I send a transaction with gasprice:0 it lands as expected in the pending queue because the gasprice is too low. If I resend with the same nonce and higher gasprice it still remains in the pending queue of my local node.
If I restart my local node the transaction gets processed.
Now I am not sure which criteria is applied when resending the transactions with higher gasprice?

		</Content>
		<Ask_Comment>
		</Ask_Comment>
	</Ques>
	<Answers>
	</Answers>
</Questions>
