<Questions>
	<Address>https://ethereum.stackexchange.com/questions/3978/does-it-make-a-difference-for-the-receiver-if-the-sender-was-an-ordinary-accoun</Address>
	<Title>Does it make a difference for the receiver, if the sender was an ordinary account or a smart contract?</Title>
	<Labels>transactions accounts internal-transactions</Labels>
	<AskTime>2016-05-21 00:19:35Z</AskTime>
	<AskUser>eth</AskUser>
	<Ques>
		<Content>
I sold some ether through bitsquare, and used quorumwallet. It sends the funds by executing a smart contract. The transaction is visible on the block explorers as internal tx, and the balance adds up correctly. But the receiver didn't see it in his wallet, and claims he cannot spend it. Is there a better tool to check this claim than etherscan.io or etherchain.org? The account has about 90 transactions.

		</Content>
		<Ask_Comment>
		</Ask_Comment>
	</Ques>
	<Answers>
		<AnswerUser>Nick Johnson</AnswerUser>
		<AnswerTime>2016-05-16 12:26:14Z</AnswerTime>
		<Accepted>True</Accepted>
		<Content>
There's no practical difference - ether is ether, regardless of how it arrives. Value transfers made by contracts won't show up as separate transactions, though some block explorers are capable of showing them, either associated with the original transaction, or associated with the account that received the transfer. ether.camp has a more comprehensive view than most. 'Bare' accounts can't show incoming transfers in general because of the above; the usual recommendation is to have a wallet contract if you want to be able to view incoming transfers.
		</Content>
		<Answer_Comment>
			<Comment>Thanks for the explanation. ether.camp also shows the tx as well as etherscan.io or etherchain.org, but tradeblock.com/ethereum does not. – ulrichard May 16 '16 at 12:35</Comment>
			<Comment>@ulrichard Because value transfers aren't directly recorded in the blockchain (they're a consequence of code execution), extracting them is more complicated - it involves tracing the execution of the contract code. Naive block explorers don't tend to implement that, so they show an incomplete view. – Nick Johnson May 16 '16 at 12:42</Comment>
			<Comment>Also www.bitledger.com shows the tx.So what would be the best strategy to convince the receiver that he actually spent the eth if he didn't keep track of the balance, but only looked at the transactions in his wallet software? – ulrichard May 16 '16 at 12:51</Comment>
			<Comment>Show him any of the online transaction explorers! – Nick Johnson May 16 '16 at 17:03</Comment>
		</Answer_Comment>
	</Answers>
	<Answers>
		<AnswerUser>tayvano</AnswerUser>
		<AnswerTime>2016-05-16 19:46:20Z</AnswerTime>
		<Accepted>False</Accepted>
		<Content>
I have found that ether.camp and etherscan.io should be used whenever you deal with contracts / transactions to and from contracts. Blockchain explorers must implement a way to read contract transactions, which requires a bit more than standard transactions. Some do it better than others. I would also recommend when sending ETH to a third party that may or may not be 100% familiar with ETH, it is best to send it to a standard account and then send from there (for the time being). There is no real risk in sending from a contract, beyond the obvious hassle and necessary communication with support representatives to get it sorted it. It's also worth educating whoever you are dealing with. For example, ShapeShift's support team used etherchain in the beginning until they started encountering the same issues. They now seem to use etherscan to verify transactions as it gives a much clearer look at transactions, internal transactions, and especially errors in contract execution.
		</Content>
		<Answer_Comment>
		</Answer_Comment>
	</Answers>
</Questions>
