<Questions>
	<Address>https://ethereum.stackexchange.com/questions/8958/solidity-compile-error-expected-primary-expression</Address>
	<Title>Solidity compile Error: Expected primary expression. }</Title>
	<Labels>solidity</Labels>
	<AskTime>2016-10-02 01:52:48Z</AskTime>
	<AskUser>jrbedard</AskUser>
	<Ques>
		<Content>
I'm trying to compile a contract in the solidity browser compiler and get this error:
Untitled:19:9: Error: Expected primary expression. } ^
Is this due to the throw; statement?
#########CODE_START##########
contract user {

    address public owner;

    function user(){
        owner = msg.sender;
        }

    function kill(){
        suicide(owner);
    }

    modifier onlyOwner{
        if (msg.sender != owner){
            throw;
        }else{
            -
        }
    }
}
#########CODE_END########

		</Content>
		<Ask_Comment>
		</Ask_Comment>
	</Ques>
	<Answers>
		<AnswerUser>Community</AnswerUser>
		<AnswerTime>2017-04-13 13:01:02Z</AnswerTime>
		<Accepted>True</Accepted>
		<Content>
Here's your modified code: pragma solidity ^0.4.0;

contract user {

    address public owner;

    function user() {
        owner = msg.sender;
    }

    function kill() {
        suicide(owner);
    }

    modifier onlyOwner {
        if (msg.sender != owner) {
            throw;
        } else {
            _;
        }
    }
}
 The only problem with your code is that I had to replace your - with a _;. See Are underscores `_` in modifiers code or are they just meant to look cool? for more information on the _ modifiers. Your modified code then compiles perfectly in the Solidity realtime compiler and runtime:
		</Content>
		<Answer_Comment>
		</Answer_Comment>
	</Answers>
</Questions>
