<Questions>
	<Address>https://ethereum.stackexchange.com/questions/9895/how-to-protect-a-private-ethereum-chain</Address>
	<Title>How to protect a private Ethereum chain?</Title>
	<Labels>go-ethereum private-blockchain</Labels>
	<AskTime>2016-11-08 07:47:35Z</AskTime>
	<AskUser>ivicaa</AskUser>
	<Ques>
		<Content>
I have a private Ethereum P2P Network with a custom networkId and a custom genesis block. I would like to allow only invited peers.
If I have a custom networkId and a custom genesis block, will someone not having these two informations be able to connect to the network and sync with my private chain? Moreover, could someone query the node to obtain these informations?

		</Content>
		<Ask_Comment>
			<Comment>related to Authentication of Ethereum node on a private block chain – ivicaa Nov 8 '16 at 14:37</Comment>
		</Ask_Comment>
	</Ques>
	<Answers>
		<AnswerUser>eth</AnswerUser>
		<AnswerTime>2016-11-08 09:22:54Z</AnswerTime>
		<Accepted>True</Accepted>
		<Content>
The simple way to prevent connections to a private chain is to not publish the networkId and custom genesis block. If someone wanted to connect to your private chain, to do so they request those details from you, and their node can synchronize and obtain a copy of the chain. Another way to prevent connections is to configure the network, use firewalls, etc. similar to an intranet.
		</Content>
		<Answer_Comment>
			<Comment>There is no chance for a remote node to connect and sychronize if it's not knowing the networkid and genesis? Is it so that during the handshake, the remote node has to present some proof that he has the same genesis block, otherwise the handshake is terminated? – ivicaa Nov 8 '16 at 14:16</Comment>
			<Comment>@ivicaa Yes, that sounds about right. – jeff Jun 23 '17 at 15:55</Comment>
		</Answer_Comment>
	</Answers>
</Questions>
