<Questions>
	<Address>https://ethereum.stackexchange.com/questions/10704/how-to-connect-geth-client-runing-ropsten-testnet-with-mist-on-top-of-that-wi</Address>
	<Title>How to connect geth client ( runing Ropsten testnet) with Mist on top of that without it's own geth node?</Title>
	<Labels>go-ethereum mist testnets</Labels>
	<AskTime>2016-12-16 13:35:38Z</AskTime>
	<AskUser>Viktor</AskUser>
	<Ques>
		<Content>
Running Ubuntu as OS via Virtual Box and have finished my dapp with truffle.Now instead of using testrpc, I want to test the dapp in the live testnet.The actual one is Ropsten as I have found out.
So I installed the geth client and downloaded the Ropsten testnet blockchain. Then I also installed Mist wallet 0.8.7 latest version. However when I run the geth client first, connectetd to Ropsten testnet, I can not launch Mist wallet.Connecting to node geth, testnet, is failing is the message I' getting!
Any possibilities to make this work? Haven't found something really helpful so far.
And how long does it take to mine some ether on the new testnet? geth --testnet --mine seems to be the right command I suppose.
Some help is much appreciated. Thanks.

		</Content>
		<Ask_Comment>
		</Ask_Comment>
	</Ques>
	<Answers>
		<AnswerUser>runter</AnswerUser>
		<AnswerTime>2016-12-23 15:38:01Z</AnswerTime>
		<Accepted>False</Accepted>
		<Content>
Mist starts its own geth process, which uses the same default chaindata database location as the geth client you run manually. When you start the geth client first, it acquires a lock on the database files and prevents Mist from accessing them. If you need to run both of them simultaneously, use a separate data directory for geth by starting it with --datadir option.
		</Content>
		<Answer_Comment>
		</Answer_Comment>
	</Answers>
</Questions>
