<Questions>
	<Address>https://ethereum.stackexchange.com/questions/34961/is-a-multiple-choice-voting-solidity-building-platform-currently-available</Address>
	<Title>Is a multiple choice voting solidity building platform currently available?</Title>
	<Labels>solidity erc-20 voting</Labels>
	<AskTime>2018-01-03 03:00:38Z</AskTime>
	<AskUser>Nicholas Smith</AskUser>
	<Ques>
		<Content>
I am looking to build a token that functions as a share in operational management.
Is it possible to create a token with the following parameters on a currently available solidity platform?:
multiple choice voting votes weighted on wallet volume votes can be split between different choices (eg. 75% choice 1, 20% choice 2, 5% choice 3) votes closed after time period (100% participation not required) view of votes in real time
Additionally I would like to have the capability to burn the token for a considerably larger vote weight.

		</Content>
		<Ask_Comment>
		</Ask_Comment>
	</Ques>
	<Answers>
	</Answers>
</Questions>
