<Questions>
	<Address>https://ethereum.stackexchange.com/questions/25208/generate-ethereum-address-in-c</Address>
	<Title>Generate ethereum address in C#</Title>
	<Labels>addresses keccak</Labels>
	<AskTime>2017-08-26 12:05:58Z</AskTime>
	<AskUser>null</AskUser>
	<Ques>
		<Content>
I'm following the instructions here to generate a valid ethereum address from scratch. I'm using BouncyCastle's secp256k1 to do the privkey --> pubkey, but I don't know where to get a proper implementation of keccak for C# to do the final step pubkey --> address. Can anyone help me with this?
The BouncyCastle KeccakDigest does not return the same result as in the instructions for the same pubkey.

		</Content>
		<Ask_Comment>
		</Ask_Comment>
	</Ques>
	<Answers>
	</Answers>
</Questions>
