<Questions>
	<Address>https://ethereum.stackexchange.com/questions/22778/just-sent-the-whitehat-address-33-some-odd-eth-by-accident</Address>
	<Title>Just sent the whitehat address .33 some odd ETH by accident</Title>
	<Labels>ether</Labels>
	<AskTime>2017-07-22 02:49:24Z</AskTime>
	<AskUser>Shawn Luginbuhl</AskUser>
	<Ques>
		<Content>
I'm positive this is a dumb question. tx 0x88d4c8eb40d05d7f99f57ce54fa170a59919b6920e5cc4ec9e125f8518c747a2 to address 0x1dba1131000664b884a1ba238464159892252d3a
I had the multisig whitehat address up, and i was making a bittrex withdrawl. Copied the wrong address.
This isn't coming back to me is it.

		</Content>
		<Ask_Comment>
			<Comment>You should ask them in reddit.com/r/ethereum. – Ismael Jul 23 '17 at 1:47</Comment>
		</Ask_Comment>
	</Ques>
	<Answers>
	</Answers>
</Questions>
