<Questions>
	<Address>https://ethereum.stackexchange.com/questions/16686/return-uint-value-from-storage-contract</Address>
	<Title>Return uint value from storage contract</Title>
	<Labels>solidity remix storage oracles</Labels>
	<AskTime>2017-05-27 18:44:02Z</AskTime>
	<AskUser>null</AskUser>
	<Ques>
		<Content>
When I store data in the oracle and then try and refer to it on the testrpc through the pay function it just doesn't work. Any ideas?
#########CODE_START##########
pragma solidity ^0.4.6;

contract Oracle{
    struct DocumentStruct{
        uint value;
    }

    mapping(bytes32 => DocumentStruct) public documentStructs;

    function StoreDocument(bytes32 key, uint value) returns (bool success) {
        documentStructs[key].value = value;
        return true;
    }

}

contract Payment {
    address public counterparty1;
    address public counterparty2;
    uint public margin;
    address public oracleID;


    function Payment(address _cp2, address _oracleID) payable{
        margin = msg.value;
        counterparty1 = msg.sender;
        counterparty2 = _cp2;
        oracleID = _oracleID;
    }


    function Pay(bytes32 _keyval) returns (bool){
        var pValue = RetrieveData(_keyval);
        var npvalue = pValue >= margin ? (this.balance) : pValue;
        if (npvalue > 0 ){
            counterparty2.send(npvalue);
            return true;
        }
        else{
            throw;
        }
    }

    struct DocumentStruct{
        uint value;
    }    
    Oracle oracle;

    function RetrieveData(bytes32 key) 
    public
    constant
    returns(uint) 
    {
        oracle = Oracle(oracleID);
        DocumentStruct memory doc;
        (doc.value) = oracle.documentStructs(key);
        return doc.value;
    }
}
#########CODE_END########

		</Content>
		<Ask_Comment>
			<Comment>What do you mean it doesn't work? Do you get ang error? – Badr Bellaj♦ May 27 '17 at 14:47</Comment>
			<Comment>It deploys fine, but then when I use the retrieve data function, it comes up blank and it pays as if it was blank. For some reason the contract isn't pulling the value (its as if I'm using the wrong key) – thefett May 27 '17 at 18:59</Comment>
		</Ask_Comment>
	</Ques>
	<Answers>
		<AnswerUser>thefett</AnswerUser>
		<AnswerTime>2017-05-28 21:04:20Z</AnswerTime>
		<Accepted>True</Accepted>
		<Content>
Never mind guys, in case other people see this, the contract works, but it just pays out wei and its a uint. Correct me if I'm wrong, but I think I can't do decimals, and I'd need to somehow pay out that amount in Ether.
		</Content>
		<Answer_Comment>
			<Comment>You're correct. Have a look here for a method of representing prices as decimals (which I think is what you're getting at... ): ethereum.stackexchange.com/questions/11733/… – Richard Horrocks Jun 28 '17 at 11:28</Comment>
			<Comment>Also, please accept your own answer :-) – Richard Horrocks Jun 28 '17 at 11:29</Comment>
			<Comment>ha, sorry man. Thanks for the help! – thefett Jun 28 '17 at 17:24</Comment>
		</Answer_Comment>
	</Answers>
</Questions>
