<Questions>
	<Address>https://ethereum.stackexchange.com/questions/33779/how-long-does-a-transfer-from-gdax-to-etherdelta-take</Address>
	<Title>how long does a transfer from gdax to etherdelta take?</Title>
	<Labels>transactions wallet-transfer etherdelta</Labels>
	<AskTime>2017-12-19 02:10:58Z</AskTime>
	<AskUser>Etherneum</AskUser>
	<Ques>
		<Content>
My question is about how long do I have to wait to get my transfer of ether from gdax to my ether-delta wallet?

		</Content>
		<Ask_Comment>
		</Ask_Comment>
	</Ques>
	<Answers>
		<AnswerUser>Data_Kid</AnswerUser>
		<AnswerTime>2017-12-19 03:34:05Z</AnswerTime>
		<Accepted>False</Accepted>
		<Content>
Depends on how what you set the gas limit/ price at. You can check what current prices are / network congestion are here: https://ethstats.net/ Setting a higher gas price / limit increase the probably of your transaction being mined quicker
		</Content>
		<Answer_Comment>
			<Comment>what would happen if I accidentely try to send BTC to an ETH address? and do BTC txs take over an hour from gdax? – Etherneum Dec 19 '17 at 18:51</Comment>
		</Answer_Comment>
	</Answers>
</Questions>
