<Questions>
	<Address>https://ethereum.stackexchange.com/questions/7377/understanding-simplestorage-example-from-solidity-documentation</Address>
	<Title>Understanding SimpleStorage example from Solidity documentation</Title>
	<Labels>solidity</Labels>
	<AskTime>2016-07-23 22:20:04Z</AskTime>
	<AskUser>Mikko Ohtamaa</AskUser>
	<Ques>
		<Content>
Just started learning solidity from https://solidity.readthedocs.io.
Here's the code I'm trying to understand:

My questions:
Why does get() function has constant keyword? Is it neccessary to put constant there? Is it nesessary to put retVal in (uint retVal)? If I call get() function from other contract and want to assign return value to a variable, what should be the name of that variable? Can it be any name or just retVal?
Solidity is confusing, but very cool!

		</Content>
		<Ask_Comment>
		</Ask_Comment>
	</Ques>
	<Answers>
		<AnswerUser>Community</AnswerUser>
		<AnswerTime>2017-04-13 13:01:02Z</AnswerTime>
		<Accepted>True</Accepted>
		<Content>
Q: 1. Why does get() function has constant keyword? Is it neccessary to put constant there? Constant functions just read data from the blockchain. They don't change any data in the blockchain. As a result, you can query constant functions without having to pay any gas (fee). From Solidity - Frequently Asked Questions: What is the difference between a function marked constant and one that is not? constant functions can perform some action and return a value, but cannot change state (this is not yet enforced by the compiler). In other words, a constant function cannot save or update any variables within the contract or wider blockchain. These functions are called using c.someFunction(...) from geth or any other web3.js environment. “non-constant” functions (those lacking the constant specifier) must be called with c.someMethod.sendTransaction({from:eth.accounts[x], gas: 1000000}); That is, because they can change state, they have to have a gas payment sent along to get the work done. Q: 2. Is it nesessary to put retVal in (uint retVal)? If I call get() function from other contract and want to assign return value to a variable, what should be the name of that variable? Can it be any name or just retVal? retVal is just another name. You can call your return variables any name. There are some alternative ways you can achieve the same result: function get() constant returns (uint) {
    return storedData;
}
 or function get() constant returns (uint retVal) {
    retVal = storedData;
}
 You may also want to look at Where can I find some Solidity / Smart Contract source code examples?
		</Content>
		<Answer_Comment>
			<Comment>you're awesome! It's all so much clearer now. One quick question. Do calculations inside constant functions also cost nothing? Would I be charged any gas if I multiplied some values and tried to return the result? – Eugene Epifanov Jul 23 '16 at 15:23</Comment>
			<Comment>Totally free to execute statements within constant functions. No charges if you multiplied some values and return the results. The compiler should report errors where there are statements that modify the blockchain data within constant functions. – BokkyPooBah Jul 23 '16 at 15:31</Comment>
			<Comment>One thing to note is that for now the constant keyword is not taken into account for functions – dragosb Jul 23 '16 at 19:40</Comment>
			<Comment>@dragosb - found a reference in updated answer above "constant functions can perform some action and return a value, but cannot change state (this is not yet enforced by the compiler)" - is this what you are referring to? – BokkyPooBah Jul 24 '16 at 1:05</Comment>
		</Answer_Comment>
	</Answers>
</Questions>
