<Questions>
	<Address>https://ethereum.stackexchange.com/questions/32850/how-to-manage-transactions-queue-size</Address>
	<Title>How to manage transaction's queue size?</Title>
	<Labels>go-ethereum golang</Labels>
	<AskTime>2017-12-08 15:40:24Z</AskTime>
	<AskUser>null</AskUser>
	<Ques>
		<Content>
For some propose, I need to have an ability to change transaction queue size and a maximum number of transactions per block. For example. It is required 77 transaction per block max and 100 transactions to wait in queue before they have an ability to be included in a block.
I've found this part of the code at go-ethereum repository at core/tx_pool.go
type TxPoolConfig struct { NoLocals bool // Whether local transaction handling should be disabled ... AccountSlots uint64 // Minimum number of executable transaction slots guaranteed per account GlobalSlots uint64 // Maximum number of executable transaction slots for all accounts AccountQueue uint64 // Maximum number of non-executable transaction slots permitted per account GlobalQueue uint64 // Maximum number of non-executable transaction slots for all accounts
So, I tried to change GlobalSlots value to 77 and GlobalQueue to 100. But It has wrong effect. In this case it possible to add to block 177 transactions and nothing is going to queue.
What should I do? Please, help.

		</Content>
		<Ask_Comment>
		</Ask_Comment>
	</Ques>
	<Answers>
	</Answers>
</Questions>
