<Questions>
	<Address>https://ethereum.stackexchange.com/questions/2179/how-do-you-access-return-statements-in-the-mist-ui</Address>
	<Title>How do you access return statements in the Mist UI</Title>
	<Labels>solidity web3js mist</Labels>
	<AskTime>2016-03-19 15:31:34Z</AskTime>
	<AskUser>Jared Pereira</AskUser>
	<Ques>
		<Content>
If I have a contract and its interface added to Mist and I call a function, how do I access its return statement?

		</Content>
		<Ask_Comment>
		</Ask_Comment>
	</Ques>
	<Answers>
		<AnswerUser>Fabian Vogelsteller</AnswerUser>
		<AnswerTime>2016-03-30 11:23:04Z</AnswerTime>
		<Accepted>False</Accepted>
		<Content>
the functions, which are static should have the constant: true in the son interface, then the wallet will show them on the left side automatically. Transactions send to a contract function can't have return values, you would need to fire logs for this. But the wallet currently does show logs of contracts...
		</Content>
		<Answer_Comment>
		</Answer_Comment>
	</Answers>
</Questions>
