<Questions>
	<Address>https://ethereum.stackexchange.com/questions/32082/are-local-variables-stored-in-memory-or-on-the-stack-in-solidity</Address>
	<Title>Are local variables stored in memory or on the stack in Solidity?</Title>
	<Labels>solidity contract-development contract-design</Labels>
	<AskTime>2017-11-30 07:35:06Z</AskTime>
	<AskUser>Shuzheng</AskUser>
	<Ques>
		<Content>
Are local variables stored in memory or on the stack in Solidity?
If memory, is the memory freed after the function returns?

		</Content>
		<Ask_Comment>
		</Ask_Comment>
	</Ques>
	<Answers>
		<AnswerUser>Michael O'Rourke</AnswerUser>
		<AnswerTime>2017-12-01 11:46:04Z</AnswerTime>
		<Accepted>False</Accepted>
		<Content>
The EVM has a stack-based architecture. It has a volatile memory where items are stored as byte arrays. The size of each stack item is 256-bit and the stack has a maximum size of 1024. The memory is freed but your program will stop running if the new stack size is greater than 1024. White paper - https://github.com/ethereum/wiki/wiki/White-Paper Yellow paper - https://ethereum.github.io/yellowpaper/paper.pdf
		</Content>
		<Answer_Comment>
			<Comment>Are you sure memory is freed? I've seen that memory only expands (never shrinks). If you mean by "freed" that the memory can be reused for other variables, then I agree. – Shuzheng Dec 1 '17 at 14:24</Comment>
		</Answer_Comment>
	</Answers>
</Questions>
