<Questions>
	<Address>https://ethereum.stackexchange.com/questions/23093/how-can-geth-access-contract-variables-through-the-console</Address>
	<Title>How can geth access contract variables through the console?</Title>
	<Labels>go-ethereum javascript cli</Labels>
	<AskTime>2017-07-27 08:00:24Z</AskTime>
	<AskUser>null</AskUser>
	<Ques>
		<Content>
I'm using the Mist wallet just to display the contents of the contract. Bellow, you can see the code to access the contract function (submitUnits) and the result of the LoadScript when I run in the console.
call_function.js In the last commented row, you can see the value I want to print (100).
Mist wallet

However it always returns this hex number. How can i get the Total Units that is mentioned in the wallet screenshot?
The code of the contract is this:
#########CODE_START##########
contract UCounter {
mapping (address => uint256) public UnitsFrom;
uint256 public TotalUnits;

function submitUnits(uint256 Units) returns (uint ){
    UnitsFrom[msg.sender] = Units;
    TotalUnits = Units;
    return TotalUnits;
}
#########CODE_END########
}
Hope someone could help. Thanks.

		</Content>
		<Ask_Comment>
			<Comment>0x2c1e75ec... is the function you are sending, not the result of the function – Joe Jul 26 '17 at 16:30</Comment>
			<Comment>please give the code of the contract otherwise it is hard to debug. e.g.: is the function that you call constant? – Validity Labs - Sebastian Jul 26 '17 at 16:31</Comment>
			<Comment>@ValidityLabs-Sebastian I update the code up in the contract code. Thanks. – JC_92 Jul 27 '17 at 8:02</Comment>
		</Ask_Comment>
	</Ques>
	<Answers>
		<AnswerUser>null</AnswerUser>
		<AnswerTime>2017-07-27 17:36:22Z</AnswerTime>
		<Accepted>False</Accepted>
		<Content>
The function getData return function call parameters encoded together with the function signature. From the snippet of your abi submitUnits is not constant has input parameter of type uint256. The output type is cropped, but in this case since submitUnits is a transaction not a call, and for transaction we can recover the return value. From the documentation to execute a transaction we have to do: var txid = MyContractInstance.submitUnits.sendTransaction(parameter, { from: eth.accounts[3] });
console.log(txid);
 And you have to wait until the transaction is mined in the blockchain. To read a variable, or call a constant method you have to make a call MyContractInstance.TotalUnits.call(function (value) {
    console.log(value);
});
		</Content>
		<Answer_Comment>
			<Comment>Yes I understood @Ismael , but with the transaction I alway can send values to my contract. What i'm looking for is through the geth console access the TotalUnits variable. How can I return the value of the Transaction? I have updated the post with the wallet contract. – JC_92 Jul 27 '17 at 12:35</Comment>
		</Answer_Comment>
	</Answers>
</Questions>
