<Questions>
	<Address>https://ethereum.stackexchange.com/questions/23699/how-to-create-an-address-value-in-solidity</Address>
	<Title>how to create an address value in solidity</Title>
	<Labels>solidity</Labels>
	<AskTime>2017-08-04 18:15:17Z</AskTime>
	<AskUser>shresthaal</AskUser>
	<Ques>
		<Content>
I have a simple prgram
#########CODE_START##########
contract Xyz {
       struct A {
              address x;
              string y;
        }
        mapping( string => A) someMap;
        function record(string y) {
             xAddress = How do i create an address?
            someMap[y] = A(xAddress, 'test')
      }
      getAddress(string y) public constant returns (address) {
             return someMap[y].x;
     }
}
#########CODE_END########
How do i create a address value?
One way I know I can do it is create a dummy contract and then create an instance to get the address. is there another way?

		</Content>
		<Ask_Comment>
		</Ask_Comment>
	</Ques>
	<Answers>
		<AnswerUser>Badr Bellaj</AnswerUser>
		<AnswerTime>2017-08-04 18:35:03Z</AnswerTime>
		<Accepted>False</Accepted>
		<Content>
you could use msg.sender which represents the sender's address (or address(this) for the contract address). or you could initiate the variable using a hexadecimal value like 0x123(an address is 20 bytes);  contract Xyz {
           struct A {
                  address x;
                  string y;
            }
            mapping( string => A) someMap;
            function record(string y) {
                 xAddress = msg.sender;
                someMap[y] = A(xAddress, 'test')
          }
          getAddress(string y) public constant returns (address) {
                 return someMap[y].x;
         }
    }
		</Content>
		<Answer_Comment>
		</Answer_Comment>
	</Answers>
</Questions>
