<Questions>
	<Address>https://ethereum.stackexchange.com/questions/13170/deleted-ethash-eth-disappeared-from-ethereum-wallet</Address>
	<Title>Deleted ethash - ETH disappeared from Ethereum Wallet [duplicate]</Title>
	<Labels>ethash</Labels>
	<AskTime>2017-12-16 12:13:21Z</AskTime>
	<AskUser>Jesse Busman</AskUser>
	<Ques>
		<Content>
This question already has an answer here: Sent ETH to my Wallet, but it did not show up 5 answers
I made a mistake and deleted ethash files from my Hard Drive and now my ETH, just 1.96 coins, has disappeared from my Ethereum Wallet. I can see the transaction details and the confirmations on the blockchain. How do I get it back into my Wallet?
Needless to say, I am an idiot.

		</Content>
		<Ask_Comment>
			<Comment>Are you using Mist wallet? Is the wallet synced with the network? You usually don't see any balance if the wallet is still syncing. – Mikko Ohtamaa Mar 17 '17 at 0:06</Comment>
			<Comment>Are you sure you mean the ethash files and not the chaindata files? – Richard Horrocks Mar 17 '17 at 7:57</Comment>
			<Comment>It was ethash data. But, as Mikko said, the wallet (Ethereum Wallet) was still syncing. It showed up after it complete syncing. Thank you for the responses! – fleevo Mar 18 '17 at 1:44</Comment>
		</Ask_Comment>
	</Ques>
	<Answers>
		<AnswerUser>fleevo</AnswerUser>
		<AnswerTime>2017-03-18 01:47:13Z</AnswerTime>
		<Accepted>False</Accepted>
		<Content>
I just needed patience and for my wallet to completely re-sync. Coins reappeared.
		</Content>
		<Answer_Comment>
		</Answer_Comment>
	</Answers>
</Questions>
