<Questions>
	<Address>https://ethereum.stackexchange.com/questions/25057/solidity-string-slice-error</Address>
	<Title>Solidity string slice error</Title>
	<Labels>solidity remix string</Labels>
	<AskTime>2017-08-24 09:56:36Z</AskTime>
	<AskUser>juwu</AskUser>
	<Ques>
		<Content>
I am using a string utility library for Solidity with the aim of splitting a string on a specific delimiter. I followed the instructions from the library:
#########CODE_START##########
var s = someString.toSlice();
var foo = s.split("-".toSlice());

logString(foo);
#########CODE_END########
However, I'm getting an error with the logString(). The online Solidity IDE says
#########CODE_START##########
TypeError: Invalid type for argument in function call. Invalid implicit converstion from struct strings.slice memeory to string memory requested. 
    logString(foo);
              ^-^
#########CODE_END########
How can I properly print out the sliced portion of the string?

		</Content>
		<Ask_Comment>
		</Ask_Comment>
	</Ques>
	<Answers>
		<AnswerUser>benjaminion</AnswerUser>
		<AnswerTime>2017-08-24 10:29:50Z</AnswerTime>
		<Accepted>True</Accepted>
		<Content>
I don't know how logString() is defined, but I imagine it takes a string argument. split() returns a slice, so you need to convert it to a string: logString(foo.toString());
		</Content>
		<Answer_Comment>
			<Comment>This worked! Thank you. – juwu Aug 26 '17 at 12:24</Comment>
		</Answer_Comment>
	</Answers>
</Questions>
