<Questions>
	<Address>https://ethereum.stackexchange.com/questions/31152/cant-send-any-eth-from-mist-wallet</Address>
	<Title>can't send any ETH from mist wallet</Title>
	<Labels>mist bug</Labels>
	<AskTime>2017-11-20 02:22:03Z</AskTime>
	<AskUser>Sebastian</AskUser>
	<Ques>
		<Content>
can't apply any contract, cant send any ETH. Mist is on the actual block, time is updated - nothing works. what to do? on etherscan it still shows my balance. always stuck on 0 out of 12 confirmations

		</Content>
		<Ask_Comment>
			<Comment>can you provide the transaction link on etherscan? – Miguel Mota Nov 20 '17 at 3:20</Comment>
			<Comment>And provide screenshots when you are trying to make a transaction please. – Andromelus Nov 20 '17 at 6:33</Comment>
			<Comment>it doesn't show any pending tx... and no tx with internal errors. it seems like it doenst even start any contract, since it doesn't substract any ETH when i try to start a contract. here is a screenshot from the transaction: ibb.co/cqsnv6 – Sebastian Nov 21 '17 at 3:46</Comment>
			<Comment>still not working... – Sebastian Nov 21 '17 at 16:16</Comment>
			<Comment>i am thinking about deleting my chain and resyncing. But how can i save my wallets, so i don't lose my ETH stuck in it? – Sebastian Nov 21 '17 at 16:44</Comment>
		</Ask_Comment>
	</Ques>
	<Answers>
		<AnswerUser>Sebastian</AnswerUser>
		<AnswerTime>2017-11-22 22:29:35Z</AnswerTime>
		<Accepted>False</Accepted>
		<Content>
Ok I fixed it myself by deleting the chaindata and resyncing... nothing else worked. thx m8s
		</Content>
		<Answer_Comment>
		</Answer_Comment>
	</Answers>
</Questions>
