<Questions>
	<Address>https://ethereum.stackexchange.com/questions/26159/how-do-i-fix-this-compile-error-throw-is-deprecated-in-favour-of-revert</Address>
	<Title>How do I fix this compile error: “throw” is deprecated in favour of “revert()”, “require()” and “assert()”?</Title>
	<Labels>solidity mist</Labels>
	<AskTime>2017-09-10 16:52:54Z</AskTime>
	<AskUser>NineCattoRules</AskUser>
	<Ques>
		<Content>
I've just downloaded Mist 0.9.0 and I tried to compile a new contract but it does not let me do it with this error:
#########CODE_START##########
"throw" is deprecated in favour of "revert()", "require()" and "assert()".
      throw;
      ^---^
#########CODE_END########
In this code caused by the modifier onlyOwner:
#########CODE_START##########
/*
 * Ownable
 *
 * Base contract with an owner.
 * Provides onlyOwner modifier, which prevents function from running if it is called by anyone other than the owner.
 */
contract Ownable {
  address public owner;

  function Ownable() {
    owner = msg.sender;
  }

  modifier onlyOwner() {
    if (msg.sender != owner) {
      throw;
    }
    _;
  }

  function transferOwnership(address newOwner) onlyOwner {
    if (newOwner != address(0)) {
      owner = newOwner;
    }
  }

}
#########CODE_END########
I'm not a Solidity developer, is it correct this edit?
#########CODE_START##########
modifier onlyOwner() {
    require (msg.sender != owner);
    _;
  }
#########CODE_END########

		</Content>
		<Ask_Comment>
			<Comment>Possible duplicate of Difference between require and assert and the difference between revert and throw – Ismael Sep 10 '17 at 17:33</Comment>
			<Comment>The equivalent code is require(msg.sender == owner);. – Ismael Sep 10 '17 at 17:36</Comment>
		</Ask_Comment>
	</Ques>
	<Answers>
	</Answers>
</Questions>
