<Questions>
	<Address>https://ethereum.stackexchange.com/questions/29263/how-do-i-know-if-my-private-net-is-using-byzantium</Address>
	<Title>How do I know if my private net is using Byzantium?</Title>
	<Labels>go-ethereum</Labels>
	<AskTime>2017-10-28 03:28:28Z</AskTime>
	<AskUser>Ismael</AskUser>
	<Ques>
		<Content>
Is there a flag that is showing that Byzantium is actually enabled in my private network?
This is the only thing I have found in my log at geth startup:
#########CODE_START##########
INFO [10-26|01:10:40] Initialised chain configuration          config="{ChainID: 1111 Homestead: <nil> DAO: <nil> DAOSupport: false EIP150: <nil> EIP155: <nil> EIP158: <nil> Byzantium: <nil> Engine: unknown}"
#########CODE_END########
But I am not sure if this data is meaningful.
Is there somthing like
#########CODE_START##########
>eth.bizantiumActive()
1
#########CODE_END########
???

		</Content>
		<Ask_Comment>
		</Ask_Comment>
	</Ques>
	<Answers>
		<AnswerUser>likang</AnswerUser>
		<AnswerTime>2017-10-26 01:31:15Z</AnswerTime>
		<Accepted>False</Accepted>
		<Content>
In your genesis config file, you should see config field, then set ByzantiumBlock to 0, like this and make sure you geth version is greater than 1.7.0, you can send a simple transaction to the private network, and getTransactionReceipt, if you see status field not root field in the receipt, then Byzantium fork is live.
		</Content>
		<Answer_Comment>
			<Comment>but my genesis file has been already created, and now I can not change it because it has accumulated some proof of work – Nulik Oct 26 '17 at 13:09</Comment>
			<Comment>I have tried to set Byzantium block to some number of few blocks in the future, when it is mined, nothing happens, I don't get Byzantium version. The returned value from getTransactionReceipt() is the whole transaction record. Do you have an example of how it looks on the console when you query the transaction receipt? – Nulik Oct 26 '17 at 15:48</Comment>
			<Comment>I have been debugging, and the problem is , even if I edit params/config.go and set Byzantium block to 0 or whatever, geth wont switch to Byzantium, it will only switch if you have it in the genesis, but I don't. So I think I will be hardcoding IsByzantium() function to return true , that's the only way I can think of. – Nulik Oct 26 '17 at 22:51</Comment>
			<Comment>I have hardcoded the function to true and it works, status=0x01 is now returned. But I don't know if this will create some problems with my blockchain. Apparently not, but you never know. – Nulik Oct 26 '17 at 23:17</Comment>
		</Answer_Comment>
	</Answers>
	<Answers>
		<AnswerUser>Ismael</AnswerUser>
		<AnswerTime>2017-10-28 03:41:29Z</AnswerTime>
		<Accepted>False</Accepted>
		<Content>
The trick that worked for me was to create a new node with an updated genesis (use geth v1.7.2). And add the new node as a peer to the old node (old node runs geth v1.6.7). They should be able to sync without problems. You have to make sure both clients have generated the same block 0 from the genesis file. If the blocks are different the synchronization will not start and you will not be able to proceed. After the new node is synchonized, you can shutdown the old node and start working in the new blockchain exclusively. You should mine some blocks until the byzantinumBlock is reached, and from there byzantinum features should be active in your private testnet.
		</Content>
		<Answer_Comment>
		</Answer_Comment>
	</Answers>
</Questions>
