<Questions>
	<Address>https://ethereum.stackexchange.com/questions/16049/whats-wrong-with-forwarding-contract</Address>
	<Title>What's wrong with forwarding contract?</Title>
	<Labels>contract-development</Labels>
	<AskTime>2017-05-10 16:34:54Z</AskTime>
	<AskUser>null</AskUser>
	<Ques>
		<Content>
Deployed contract from https://github.com/BitGo/eth-multisig-v2/blob/master/contracts/Forwarder.sol , got contract address 0xa07946aac9e905b2d0bfc71d9aaa78694d889815.

But after sending coins to this address, nothing happened. 1st time thought that there was not enough gas for this transaction, but if address received coins so 2nd time my coins will be forwarded to creator address, but nothing happened again. Who knows what is the problem?

Debug in ether.camp showed me that contract is good and everything should work as planned
#########CODE_START##########
pragma solidity ^0.4.2;
/**
 * Contract that will forward any incoming Ether to its creator
 */
contract Forwarder {
  // Address to which any funds sent to this contract will be forwarded
  address public destinationAddress;

  /**
   * Create the contract, and set the destination address to that of the creator
   */
  function Forwarder() {
    destinationAddress = msg.sender;
  }

  /**
   * Default function; Gets called when Ether is deposited, and forwards it to the destination address
   */
  function() payable {
        if (!destinationAddress.send(msg.value))
            throw;
  }

  /**
   * It is possible that funds were sent to this address before the contract was deployed.
   * We can flush those funds to the destination address.
   */
  function flush() {
    if (!destinationAddress.send(this.balance))
          throw;
  }
}
#########CODE_END########

		</Content>
		<Ask_Comment>
			<Comment>use an event like : event check(address indexed _from);function Forwarder() { destinationAddress = msg.sender; check(destinationAddress); } // to echck what's wrong – Badr Bellaj♦ May 10 '17 at 17:28</Comment>
		</Ask_Comment>
	</Ques>
	<Answers>
		<AnswerUser>Edmund Edgar</AnswerUser>
		<AnswerTime>2017-05-10 23:14:45Z</AnswerTime>
		<Accepted>False</Accepted>
		<Content>
It looks like the contract doesn't have any code. This suggests that something went wrong with your deployment.
		</Content>
		<Answer_Comment>
			<Comment>Very strange, because there is input data with right byte code etherscan.io/tx/… – Pavel Pasynkov May 11 '17 at 7:29</Comment>
		</Answer_Comment>
	</Answers>
	<Answers>
		<AnswerUser>Pavel Pasynkov</AnswerUser>
		<AnswerTime>2017-05-15 13:02:08Z</AnswerTime>
		<Accepted>True</Accepted>
		<Content>
The problem was that there were not enough gas. Default gas parameters doesn't seem to be good.
		</Content>
		<Answer_Comment>
		</Answer_Comment>
	</Answers>
</Questions>
