<Questions>
	<Address>https://ethereum.stackexchange.com/questions/17999/i-sent-ether-to-the-dcorp-crowdsale-using-coinbase-can-i-retrieve-it</Address>
	<Title>I sent ether to the DCORP crowdsale using Coinbase, can I retrieve it?</Title>
	<Labels>transactions</Labels>
	<AskTime>2017-06-14 21:17:36Z</AskTime>
	<AskUser>Mark Hoover</AskUser>
	<Ques>
		<Content>
I sent ether to the DCORP crowdsale using Coinbase, can I retrieve it?
I invested 1 Ether into the DCORP crowdsale only later to find out that they do not support coinbase ether wallets. 
0xD42433A8a0A1CEB73c8ff4e432463e2ee109039d
the ERC20 token (DRP) is now linked to the address Coinbase used to send ETH with, on my behalf. I WILL OFFER A BOUNTY OF HALF THE RECOVERED ETHER IF ANYONE CAN FIND THIS Although I am guessing the answer is that only Coinbase can resolve this, they will only send the bot to minister to my query and I do not anticipate Coinbase will seek to resolve anything.

		</Content>
		<Ask_Comment>
			<Comment>Hi, Mark! Did you solve the problem? – Pavel Kudinov Aug 26 '17 at 5:11</Comment>
		</Ask_Comment>
	</Ques>
	<Answers>
	</Answers>
</Questions>
