<Questions>
	<Address>https://ethereum.stackexchange.com/questions/29442/can-a-transaction-be-cancelled-before-it-is-picked-up-by-the-network</Address>
	<Title>Can a transaction be cancelled before it is picked up by the network?</Title>
	<Labels>blockchain confirmations</Labels>
	<AskTime>2017-10-28 16:23:45Z</AskTime>
	<AskUser>OneChillDude</AskUser>
	<Ques>
		<Content>
Say a transaction is time-sensitive and the user that submitted it knows the transaction expires at block number X. User submits the transaction at block number X-4, sees the transaction does not get confirmed in any of the remaining blocks, and then knows the transaction will be a waste of gas if a future block picks it up.
Can the user say "Hey, nevermind, don't submit this!" or is that impossible?

		</Content>
		<Ask_Comment>
		</Ask_Comment>
	</Ques>
	<Answers>
		<AnswerUser>null</AnswerUser>
		<AnswerTime>2017-10-28 20:55:21Z</AnswerTime>
		<Accepted>True</Accepted>
		<Content>
It's not possible. Once a transaction is broadcasted to the network you can't call it back. What you can do is send another transaction with a higher gas price that being included in a block before the original transaction will make the original transaction invalid thus it will never be executed and included in a block. Let's say you sent a transaction A that from your estimations would require 500k gas. After some time this transaction is not included in a block but you know that it will fail and only waste 500k gas. You send a transaction B that simply transfers all your ether from your account to another account. This would cost you only 21k gas (the intrinsic transaction cost). Since now the original transaction is invalid because there is no balance on the sender's account it will be discarded by all nodes. It cost you 21k gas which depending on the gas price may be cheaper than the gas cost of the original transaction. In fact if you can send any other transaction from the same account and it will be included in a block before the original transaction (one way is to set the gas price higher than in the original transaction) it will make the original transaction invalid as the transaction nonce validation will fail (every transaction must contain nonce which must be equal to the account nonce which in turn is incremented with every new transaction). Transaction validation rules are specified in the yellow paper section 6.
		</Content>
		<Answer_Comment>
			<Comment>Ok good to know. I think the solution here is to check the transaction expiration in the very first few operations so that expired transaction overhead is minimal – OneChillDude Oct 29 '17 at 18:09</Comment>
		</Answer_Comment>
	</Answers>
	<Answers>
		<AnswerUser>Alex gucci</AnswerUser>
		<AnswerTime>2017-10-28 20:00:36Z</AnswerTime>
		<Accepted>False</Accepted>
		<Content>
Ask you grandmpa he might know because they had better technology back in the days, when people actually went outside.
		</Content>
		<Answer_Comment>
			<Comment>Ask your grandmpa he might know because they had better technology back in the days, when people actually went outside – Alex gucci Oct 28 '17 at 20:00</Comment>
			<Comment>What in all fuck are you talking about? – OneChillDude Oct 29 '17 at 18:07</Comment>
		</Answer_Comment>
	</Answers>
</Questions>
