<Questions>
	<Address>https://ethereum.stackexchange.com/questions/9733/calling-function-from-deployed-contract</Address>
	<Title>Calling function from deployed contract</Title>
	<Labels>solidity contract-invocation contract-deployment addresses</Labels>
	<AskTime>2017-01-18 06:04:03Z</AskTime>
	<AskUser>eth</AskUser>
	<Ques>
		<Content>
I want to know how to instantiate an existing contract deployed on the blockchain using its address. e.g:
#########CODE_START##########
contract A {
    function f1()
    {}
}
#########CODE_END########
A is deployed on the blockchain, and in contract B I want to call the function f1() and get its return. e.g:
#########CODE_START##########
contract B {
    address contrac_A=0x123456;

    //call f1 from A
}
#########CODE_END########
How should I call it using the address of A?

		</Content>
		<Ask_Comment>
		</Ask_Comment>
	</Ques>
	<Answers>
		<AnswerUser>null</AnswerUser>
		<AnswerTime>2016-10-31 15:09:03Z</AnswerTime>
		<Accepted>True</Accepted>
		<Content>
if you know the address and the ABI, You could use contract_address.call(bytes4(sha3("function_name(types)")),parameters_values)
 for example : contrac_A.call(bytes4(sha3("f()")) while there is no input no parameters in your exemple. replace contract_address,function_name,parameters_values by your credentials. read : https://github.com/ethereum/wiki/wiki/Solidity-Features#generic-call-method https://github.com/ethereum/wiki/wiki/Ethereum-Contract-ABI#function-selector
		</Content>
		<Answer_Comment>
			<Comment>I have seen a function as follows. function transfer(address _to, uint _value, bytes _data, string _custom_fallback) returns (bool success) { ContractReceiver receiver = ContractReceiver(_to); receiver.call.value(0)(bytes4(sha3(_custom_fallback)), msg.sender, _value, _data); return true; } .....What's the use of value(0) here?? – cmr Oct 12 '17 at 11:52</Comment>
			<Comment>f.call.value(X) is calling f with X wei check ethereum.stackexchange.com/questions/6707/… – Badr Bellaj♦ Oct 12 '17 at 13:18</Comment>
		</Answer_Comment>
	</Answers>
	<Answers>
		<AnswerUser>null</AnswerUser>
		<AnswerTime>2017-01-18 06:55:53Z</AnswerTime>
		<Accepted>False</Accepted>
		<Content>
Use an abstract contract (preferred) Further clarifications to @Edmund's answer: contract A { // This doesn't have to match the real contract name. Call it what you like.
   function f1(bool arg1, uint arg2) returns(uint); // No implementation, just the function signature. This is just so Solidity can work out how to call it.
}

contract YourContract {
  function doYourThing(address addressOfA) returns(uint) {
    A my_a = A(addressOfA);
    return my_a.f1(true, 3);
  }
}
 This shows using the return value from f1. Also, if f1 encounters an exception (imagine its implementation is function f1(bool arg1, uint arg2) returns(uint) { throw; }), the exception is propagated and my_a.f1 will also throw and it will revert a transaction that invoked doYourThing. In practice, you'll have 3 files. AbstractA.sol contains: contract A {
   function f1(bool arg1, uint arg2) returns(uint); // No implementation, just the function signature. This is just so Solidity can work out how to call it.
}
 YourContract.sol contains: import "AbstractA.sol"

contract YourContract {
  function doYourThing(address addressOfA) returns(uint) {
    A my_a = A(addressOfA);
    return my_a.f1(true, 3);
  }
}
 A.sol contains: contract A {
   // implementation of f1
   function f1(bool arg1, uint arg2) returns(uint) {
       if (arg1) {
           throw;
       } else {
           return arg2;
       }
   }
}
 Limitations of using call call is suggested in @Badr's answer but should be used very carefully. Solidity docs state: All three functions call, delegatecall and callcode are very low-level functions and should only be used as a last resort as they break the type-safety of Solidity. Also, the return value of f1 can't be obtained by using call like addressOfA.call(bytes4(keccak256("f1(bool, uint256)")), true, 3) because call only returns a bool (false if the call encounters an exception). This means that the exception must be propagated manually like: if (!addressOfA.call(bytes4(keccak256("f1(bool, uint256)")), true, 3)) {
    throw;
}
		</Content>
		<Answer_Comment>
		</Answer_Comment>
	</Answers>
	<Answers>
		<AnswerUser>null</AnswerUser>
		<AnswerTime>2016-10-31 22:40:20Z</AnswerTime>
		<Accepted>False</Accepted>
		<Content>
contract A { // This doesn't have to match the real contract name. Call it what you like.
   function f1(){} // No implementation, just the function signature. This is just so Solidity can work out how to call it.
}

contract YourContract 
  function doYourThing() {
    A my_a = A(contract_A);
    my_a.f1();
  }
}
		</Content>
		<Answer_Comment>
			<Comment>they are not in the same contract file the compiler will not recongnise the contract A so no A my_a = A(contract_A); – Sig Touri Oct 31 '16 at 14:47</Comment>
			<Comment>Put them in the same file. You don't need the full implementation, just the function signatures. – Edmund Edgar Oct 31 '16 at 14:51</Comment>
			<Comment>I am asking about an alredy deployed contract. – Sig Touri Oct 31 '16 at 14:58</Comment>
			<Comment>You don't need the full source code. You must know the name of the method you're calling and what parameters it takes, so stick that in a contract definition called A, leave the function body empty and plonk it above the contract that's going to call it. – Edmund Edgar Oct 31 '16 at 15:33</Comment>
			<Comment>Edited my answer to provide context. That really is all you need, it doesn't matter whether the contract is already deployed or not. If your original code won't compile, check the spelling of "function". – Edmund Edgar Oct 31 '16 at 22:48</Comment>
		</Answer_Comment>
	</Answers>
</Questions>
