<Questions>
	<Address>https://ethereum.stackexchange.com/questions/6199/how-much-gas-did-the-attacker-spend-on-thedao</Address>
	<Title>How much gas did the attacker spend on TheDAO?</Title>
	<Labels>the-dao</Labels>
	<AskTime>2016-06-17 16:59:58Z</AskTime>
	<AskUser>yoregis</AskUser>
	<Ques>
		<Content>
Is there a way or somewhere I can see the gas used during the attack ?

		</Content>
		<Ask_Comment>
		</Ask_Comment>
	</Ques>
	<Answers>
		<AnswerUser>Visgean Skeloru</AnswerUser>
		<AnswerTime>2016-06-17 21:07:01Z</AnswerTime>
		<Accepted>True</Accepted>
		<Content>
Here you can see latest transactions to the child dao. This was one of many transaction the attacker used. He sent 258.05656476038172 in each transaction. Each transaction had cost of 2,848,937 GAS with gas price at 2.6e-8 Ether. The attacker has 2436828.141032285 Ethers at his account as of now. All of the transactions were identical as far as I know, So the number of transactions is: In [1]: 2436828.141032285 / 258.05656476038172
Out[1]: 9443.000000000002
 (There is some computer rounding error, won't explain it here but its due to float point handling). With each transaction consuming 2,848,937 gas: In [2]: 9443 * 2848937
Out[2]: 26902512091
 So that is your number.
		</Content>
		<Answer_Comment>
		</Answer_Comment>
	</Answers>
</Questions>
