<Questions>
	<Address>https://ethereum.stackexchange.com/questions/23152/buy-tokens-through-the-wallet</Address>
	<Title>Buy tokens through the wallet</Title>
	<Labels>contract-development ether tokens smart-tokens</Labels>
	<AskTime>2017-07-27 14:08:32Z</AskTime>
	<AskUser>blanry</AskUser>
	<Ques>
		<Content>
i deploy tokens in private net. If i deploy tokens in offical net, how people buy tokens? If they send ether on contract address, they will receives tokens?
For example function buy
#########CODE_START##########
function buy() payable {
    uint amount = msg.value / buyPrice;                // calculates the amount
    if (balanceOf[this] < amount) throw;               // checks if it has enough to sell
    balanceOf[msg.sender] += amount;                   // adds the amount to buyer's balance
    balanceOf[this] -= amount;                         // subtracts amount from seller's balance
    Transfer(this, msg.sender, amount);                // execute an event reflecting the change
}
#########CODE_END########
If have payable, people can buy tokens through the wallet, for example myetherwallet?

		</Content>
		<Ask_Comment>
		</Ask_Comment>
	</Ques>
	<Answers>
		<AnswerUser>d3llafr33</AnswerUser>
		<AnswerTime>2017-07-27 16:04:27Z</AnswerTime>
		<Accepted>True</Accepted>
		<Content>
Yes, people can buy token through the wallet, for example MEW. If you want to test locally: first connect MEW to your local node, like testrpc (you can read more here "Error: base fee exceeds gas limit" when using the withdrawal pattern); then click tab Contracts, add your Contract address and ABI/JSON interface; finally, select the buy function, entering the amount of ETH you want to spend. Hope this help.
		</Content>
		<Answer_Comment>
			<Comment>I did, brought out: "invalid sender" – blanry Jul 28 '17 at 3:53</Comment>
			<Comment>Yeah, work. I correctly understood that people through MEW will be able to buy without these actions, just seeing the address of the contract and quantity ETH with Gas? – blanry Jul 28 '17 at 7:34</Comment>
			<Comment>I understand. Need create a unname function. Thank you – blanry Jul 28 '17 at 8:05</Comment>
		</Answer_Comment>
	</Answers>
</Questions>
