<Questions>
	<Address>https://ethereum.stackexchange.com/questions/27755/metamask-transaction-rejected</Address>
	<Title>MetaMask transaction rejected</Title>
	<Labels>metamask</Labels>
	<AskTime>2017-10-04 10:01:07Z</AskTime>
	<AskUser>user8106215</AskUser>
	<Ques>
		<Content>
Why transactions are rejected in MetaMask after conforming it? When a transaction is carried out in metamask it first get approved. after sometime it shows rejected. metamask is showing something like this

anyone know the reason for rejecting these transactions???

		</Content>
		<Ask_Comment>
			<Comment>Can you give the transaction ID? Most likely ran out of gas or bad instruction jump on the transaction itself. – ʰᵈˑ Oct 4 '17 at 11:24</Comment>
			<Comment>transaction ID : 0x5E72914535f202659083Db3a02C984188Fa26e9f – user8106215 Oct 4 '17 at 12:18</Comment>
		</Ask_Comment>
	</Ques>
	<Answers>
		<AnswerUser>DanF</AnswerUser>
		<AnswerTime>2017-10-05 00:19:28Z</AnswerTime>
		<Accepted>False</Accepted>
		<Content>
If you hover your cursor over the red "(Rejected)" message, MetaMask will show you the reason it was rejected.
		</Content>
		<Answer_Comment>
			<Comment>In my case it doesn't show anything – user8106215 Oct 5 '17 at 11:04</Comment>
		</Answer_Comment>
	</Answers>
	<Answers>
		<AnswerUser>TripleSpeeder</AnswerUser>
		<AnswerTime>2017-11-04 09:42:44Z</AnswerTime>
		<Accepted>False</Accepted>
		<Content>
On October 4th there was one successful transaction to 0x5E72914535f202659083Db3a02C984188Fa26e9f according to etherscan: https://ropsten.etherscan.io/tx/0xd1d91c14d3106e59b6a345f694d5b5fac2c2126d162d3f280504f2097c1db150. Are you switching metamask between different networks? Sometimes the transaction history somehow gets confused when using the same accounts on different networks. It might help if you restore your account from the 12 word seed to get rid of the wrong entries. To do this, lock your account, click "forgot password", enter seed phrase.
		</Content>
		<Answer_Comment>
		</Answer_Comment>
	</Answers>
</Questions>
