<Questions>
	<Address>https://ethereum.stackexchange.com/questions/24514/am-i-mining-at-dwarfpool-right</Address>
	<Title>Am I mining at DwarfPool right?</Title>
	<Labels>go-ethereum mining</Labels>
	<AskTime>2017-08-17 02:18:42Z</AskTime>
	<AskUser>null</AskUser>
	<Ques>
		<Content>
I am using Geth and ethminer to mine at DwarfPool. I used the command geth -rpc to run geth, then I open another cmd and run the command ethminer --opencl-device 0 -G -F https://eth-eu.dwarfpool.com:80/0x1c14b774cf7aae21eb4f06bebe98dd9b05c128ba do I need geth open? The wallet address I'm using is not from geth but from Jaxx.
These are the links where I got my stuff:
Geth: https://geth.ethereum.org/downloads/
Ethmiiner: https://github.com/ethereum-mining/ethminer/releases
When I run the command it tells me I'm mining 0.00MH/S

		</Content>
		<Ask_Comment>
		</Ask_Comment>
	</Ques>
	<Answers>
		<AnswerUser>Samuel Montgomery-Blinn</AnswerUser>
		<AnswerTime>2017-12-28 22:56:26Z</AnswerTime>
		<Accepted>False</Accepted>
		<Content>
You do not need to be running geth to run ethminer in pool mode, only for solo mode.
		</Content>
		<Answer_Comment>
		</Answer_Comment>
	</Answers>
</Questions>
