<Questions>
	<Address>https://ethereum.stackexchange.com/questions/18383/how-to-call-js-command-via-solidity-contract</Address>
	<Title>How to call js command via solidity contract?</Title>
	<Labels>go-ethereum solidity contract-development web3js</Labels>
	<AskTime>2017-06-20 06:58:33Z</AskTime>
	<AskUser>null</AskUser>
	<Ques>
		<Content>
we are clear that in geth console we can add another peer with addpeer command such as
#########CODE_START##########
admin.addPeer("enode://41bd7d2fe91b344f0ca4ac89c217d688ef90a3616927acec428adddbc69dd2ac5470a489fd2beb67719cbd481436b98284ef9eac50efa49f55fe33e804818520@10.0.50.91:30303")
#########CODE_END########
so, my question is how to add another peer in solidity contract or how to call the js command via solidity contract? The solution maybe via modifying the source codes ,but how to modify the codes ? I need a hand to solve the problem.thank you.

		</Content>
		<Ask_Comment>
			<Comment>do you mean VM source code? – Badr Bellaj♦ Jun 20 '17 at 8:24</Comment>
		</Ask_Comment>
	</Ques>
	<Answers>
		<AnswerUser>jeff</AnswerUser>
		<AnswerTime>2017-06-20 07:13:35Z</AnswerTime>
		<Accepted>True</Accepted>
		<Content>
Solidity contracts run on the Ethereum Virtual Machine (EVM), you cannot call JavaScript functions from inside the Solidity code.
		</Content>
		<Answer_Comment>
			<Comment>thank you . But if I must achieve the aim, how to do it ? how to modify the source codes? – jiebang Jun 20 '17 at 7:38</Comment>
			<Comment>Maybe there is some other way of what you are trying to achieve. I'm sure you can find better help if you provide more information about your goal. – jeff Jun 20 '17 at 8:15</Comment>
			<Comment>OK, thank you very much. My aim is : I found a private chain, and I want to set a rule , when some new nodes add to my private chain network, one of the main node(I have set already) can call addpeer to add it according to a rule. And the rule may vary aperiodically . so I want to create the rule and add peer in solidity contract. – jiebang Jun 20 '17 at 8:51</Comment>
			<Comment>Assuming you know how the peer discovery protocol works, you can implement this with JavaScript (+Web3), without Solidity. Also see this. – jeff Jun 20 '17 at 9:17</Comment>
			<Comment>Thank you , so you mean I can write a JavaScript source to implement the peer discovery protocol? And run the JS in the geth console? thank you . – jiebang Jun 20 '17 at 9:32</Comment>
		</Answer_Comment>
	</Answers>
</Questions>
