<Questions>
	<Address>https://ethereum.stackexchange.com/questions/12355/solidity-function-that-accepts-mapping-as-input</Address>
	<Title>Solidity function that accepts mapping as input</Title>
	<Labels>solidity mapping arrays string compiler</Labels>
	<AskTime>2017-04-13 13:01:02Z</AskTime>
	<AskUser>Community</AskUser>
	<Ques>
		<Content>
Is it possible for Solidity to accept mappings as input parameter in a function? I've been trying to create a function with a second parameter mapping (string => string) aMapping,
#########CODE_START##########
pragma solidity ^0.4.6;

contract testInputArray {
    // Events
    event LogFunctionWithMappingAsInput(address from, address to, string message);

    function sendMessage(address to, mapping (string => string) aMapping) {
        LogFunctionWithMappingAsInput(msg.sender, to, aMapping["test1"]);
    }
}
#########CODE_END########
but compiler throws the following error:
#########CODE_START##########
Untitled:7:35: Error: Type is required to live outside storage.
#########CODE_END########
According to Can I call mapping as arguments of function? the function must be internal or private to accept a wrapping struct, but I need the function be callable from outside the contract, directly by an Ethereum transaction.
Is there any way to pass a mapping (associative array or dictionary) as an input parameter in Solidity? Thx!
Refs.:
Passing an array as a parameter from javascrpt (web3) to a Solidity function A solidity function to accept two mappings and return a single combined map

		</Content>
		<Ask_Comment>
			<Comment>You cannot pass a mapping because they can grow to such a large size that it would be infeasible to copy from one contract storage to another in the same transaction. ethereum.stackexchange.com/a/24519/3573 – paulhauner Aug 17 '17 at 3:43</Comment>
		</Ask_Comment>
	</Ques>
	<Answers>
		<AnswerUser>chrysalis</AnswerUser>
		<AnswerTime>2017-02-22 13:06:54Z</AnswerTime>
		<Accepted>False</Accepted>
		<Content>
You can't pass the whole mapping. You could pass a struct internally. Ideally, you would enumerate the fields you really need to pass so you can create an interface that works with other contracts and clients. Your example above, seems to pass a single member of the source mapping. I would interpret that roughly like this: pragma solidity ^0.4.6;

contract testInputArray {

    mapping (string => string) aMapping;

    // Log event to print the message details
    event Log(address from, address to, string message);

    function sendMessage(address to, string key) {
        Log(msg.sender, to, aMapping[key]);
    }
}
 Hope it helps. P.S. It would be remiss to omit the usual preference for bytes32 over string if that's possible in this case. Left it as string for clarity.
		</Content>
		<Answer_Comment>
		</Answer_Comment>
	</Answers>
</Questions>
