<Questions>
	<Address>https://ethereum.stackexchange.com/questions/25285/can-a-contract-store-a-signed-transaction-for-later-use</Address>
	<Title>Can a contract store a signed transaction for later use?</Title>
	<Labels>contract-development transactions contract-design contract-invocation signature</Labels>
	<AskTime>2017-08-28 00:21:02Z</AskTime>
	<AskUser>Mbando</AskUser>
	<Ques>
		<Content>
I asked a friend and they said yes but anyone will be able to see and use this signed transaction. Could someone clarify this for me?

		</Content>
		<Ask_Comment>
			<Comment>Depends on what you want to do with the transaction. A contract can store any sequence of bytes, but has no contact with the outside world to execute the transaction on behalf of the user. Perhaps trough an oracle you can publish the transaction to a node. – Ismael Aug 28 '17 at 1:11</Comment>
			<Comment>Could anyone else see that signed transaction and publish it through a node as well? – Mbando Aug 28 '17 at 14:19</Comment>
			<Comment>Yes, everything on the blockchain is public and anyone can see it. If it is signed they can't change it. – Ismael Aug 28 '17 at 16:10</Comment>
		</Ask_Comment>
	</Ques>
	<Answers>
	</Answers>
</Questions>
