<Questions>
	<Address>https://ethereum.stackexchange.com/questions/3720/how-do-i-get-the-raw-private-key-from-my-mist-keystore-file</Address>
	<Title>How do I get the raw private key from my Mist keystore file?</Title>
	<Labels>mist private-key keystore export</Labels>
	<AskTime>2017-08-12 21:54:41Z</AskTime>
	<AskUser>Thomas Clowes</AskUser>
	<Ques>
		<Content>
I use the Mist wallet.
I would like to know:
How I can get the private key of my account. How I can use this private key to sign messages.

		</Content>
		<Ask_Comment>
		</Ask_Comment>
	</Ques>
	<Answers>
		<AnswerUser>Nicolas Massart</AnswerUser>
		<AnswerTime>2016-05-09 13:45:04Z</AnswerTime>
		<Accepted>False</Accepted>
		<Content>
You can use MyEtherWallet "view wallet details" function to extract private key from wallet json file. Feel free to use its offline version on an air gapped computer to secure your private key.
		</Content>
		<Answer_Comment>
			<Comment>that's a good choice! thank U! – Wang May 9 '16 at 16:19</Comment>
			<Comment>@Wang Thanks, don't hesitate to vote it up ;) – Nicolas Massart May 9 '16 at 16:28</Comment>
		</Answer_Comment>
	</Answers>
	<Answers>
		<AnswerUser>Community</AnswerUser>
		<AnswerTime>2017-04-13 13:01:02Z</AnswerTime>
		<Accepted>False</Accepted>
		<Content>
I'm assuming your mist client runs a geth node in background. Export of unencrypted key is not supported on purpose after deliberating the risk to end users. #1054 Unfortunately it seems not to be possible to extract the unencrypted private key. If you got the key file under keystore then that is your private key encrypted with a password (plus other metadata) . There is really no need to export your actual ec private key (unless you well wanna do math with it or I don't know). You need to know your password though. You can copy the key to another client or machine. If you unlock the account you can use this address to sign transactions, ... r/cvckff5 If you want to dig deeper you could try: importing your keys from geth into eth using the ethkey utility. And after that you should be able to make the plain unencrypted private key visible with listbare (not recommended), and finally sign a message with eth_sign rpc call.
		</Content>
		<Answer_Comment>
			<Comment>Can't myetherwallet.com extract private key from wallet json file? – Nicolas Massart May 8 '16 at 12:20</Comment>
			<Comment>Yes via the "View Wallet Details" tab. Feel free to run offline / locally too. – tayvano May 8 '16 at 15:40</Comment>
			<Comment>Go ahead and post another answer. 3 answers per question is good, only 1 answer per question needs some work. On a healthy site, questions receive multiple answers and the best answer is voted to the top. – 5chdn May 9 '16 at 8:38</Comment>
			<Comment>@5chdn I made my comment an answer. – Nicolas Massart May 9 '16 at 13:46</Comment>
		</Answer_Comment>
	</Answers>
	<Answers>
		<AnswerUser>Thomas Clowes</AnswerUser>
		<AnswerTime>2017-08-12 21:49:32Z</AnswerTime>
		<Accepted>False</Accepted>
		<Content>
You could also use the wallet functionality on EthTools.com. This tool loads details about your address from your keyfile and displays them in an easily consumable manner. The load wallet screen Select (or input) your keyfile Click advanced to view your private key Using this tool is also explained here in video format.
		</Content>
		<Answer_Comment>
			<Comment>It doesn't seem like good advice to use an online tool to decrypt a private key... Forgive me if I'm missing something, but how can someone be sure the website is no storing every data one inputs? – Renan Oct 16 '17 at 11:54</Comment>
			<Comment>You are not missing anything. You are absolutely correct. You should be very careful when trusting your private key to a web based service. There are ways to check that a website is not storing your data but it is quite complex for anyone without a tech background. In this case, as this is my companies product I can assure you that we do not store your private keys. I would personally always advise having a cold wallet and then having an active wallet (that never holds significant amounts of Ether) that you use to interface with unknown services. – Thomas Clowes Oct 16 '17 at 12:23</Comment>
		</Answer_Comment>
	</Answers>
</Questions>
