<Questions>
	<Address>https://ethereum.stackexchange.com/questions/32353/what-is-the-difference-between-an-internal-external-and-public-private-function</Address>
	<Title>What is the difference between an internal/external and public/private function in solidity?</Title>
	<Labels>solidity</Labels>
	<AskTime>2017-12-03 19:27:21Z</AskTime>
	<AskUser>monty_lennie</AskUser>
	<Ques>
		<Content>
Currently reading solidity documentation: https://solidity.readthedocs.io/en/develop/types.html#function-types
By default, function types are internal, so the internal keyword can be omitted. In contrast, contract functions themselves are public by default, only when used as the name of a type, the default is internal.
This does not make sense to me. How can a function be internal and public at the same time?
What does this part mean?
only when used as the name of a type
I know internal means functions can only be called within the contract and external can be called outside of the contract. So to me, internal is private and external is public but the documentation makes it sound like it can be public and internal at the same time?
So what is the difference, if any, between internal/external and public/private in regards to functions and how can the default be both internal and public at the same time?

		</Content>
		<Ask_Comment>
			<Comment>can you accept one of the answers or mention what information is still needed – dragosb Dec 6 '17 at 12:27</Comment>
		</Ask_Comment>
	</Ques>
	<Answers>
		<AnswerUser>null</AnswerUser>
		<AnswerTime>2017-12-05 09:19:12Z</AnswerTime>
		<Accepted>False</Accepted>
		<Content>
The paragraph specifically mentions that only function types are by default internal, and contract functions are by default public, even though I agree the wording is a little bit confusing. It says nowhere that they are at the same time both public and internal. I think that there is some confusion to what a function type is. The same way you specify the type for a 256 int variable with the keyword uint256, you can also specify the type of a variable that will hold a function. The only difference is that this type declaration is a little more complex since functions are more complex and it looks like this: function (param types) {internal|external} [pure|constant|view|payable] [returns (return types)] varName;
 You can then assign to the variable varName a function that has the same type that you defined. This is only possible inside another function. As a very simple example: contract Example{
    function(uint256) returns (uint256) varName;

    function simpleFunction(uint256 parameter) returns (uint256){
        return parameter;
    }

    function test(){
        varName = simpleFunction;
    }
}
 Where varName is the variable of function type, while simpleFunction and test are normal contract functions Just so you have a simple definition for all those access classifiers: public - all can access external - Cannot be accessed internally, only externally internal - only this contract and contracts deriving from it can access private - can be accessed only from this contract** As you can notice private is a subset of internal and external is a subset of public.
		</Content>
		<Answer_Comment>
		</Answer_Comment>
	</Answers>
	<Answers>
		<AnswerUser>Andrey Putilin</AnswerUser>
		<AnswerTime>2017-12-03 20:10:45Z</AnswerTime>
		<Accepted>False</Accepted>
		<Content>
How can a function be internal and public at the same time? Imagine you have function F(function (uint) G) { ... }
 F and G are the different things: F is a function. G is a function type. By default functions are public. That means everyone can call F. Function types are internal if no keyword specified. In code above, it means that F can be called with functions from your contract or library only. No one can pass function from some other contract. Official documentation has some great examples. What does this part mean? function G() {  }
function F(function (uint) G) { ... }
 In first line G is public, in second it's internal.
		</Content>
		<Answer_Comment>
		</Answer_Comment>
	</Answers>
	<Answers>
		<AnswerUser>Deepanshu Tyagi</AnswerUser>
		<AnswerTime>2017-12-06 23:50:33Z</AnswerTime>
		<Accepted>False</Accepted>
		<Content>
Internal- this contract and derived contracts external- can be accessed by this contract using this keyword and can be accessed externally public - functions all public by default private- only this contract
		</Content>
		<Answer_Comment>
		</Answer_Comment>
	</Answers>
</Questions>
