<Questions>
	<Address>https://ethereum.stackexchange.com/questions/4374/can-i-send-ether-when-a-contract-creates-a-new-contract</Address>
	<Title>Can I send ether when a contract creates a new contract?</Title>
	<Labels>solidity</Labels>
	<AskTime>2016-05-28 09:31:35Z</AskTime>
	<AskUser>dor</AskUser>
	<Ques>
		<Content>
Is it possible to do something like
#########CODE_START##########
registry = new assetRegistry.value(1 ether)();
#########CODE_END########
?
This is particularly useful when the constructor function of assetRegistry calls the ethereum alarm service, because the alarm service takes a fee

		</Content>
		<Ask_Comment>
			<Comment>This is definitely possible in EVM -- you can create new contract and send some ether (called endowment in this context) to it in a single instruction. I would also like to know if that is possible in solidity. – Paweł Bylica Oct 25 '16 at 21:40</Comment>
		</Ask_Comment>
	</Ques>
	<Answers>
		<AnswerUser>Community</AnswerUser>
		<AnswerTime>2017-04-13 13:01:02Z</AnswerTime>
		<Accepted>False</Accepted>
		<Content>
I think the Ether would be sent to address 0. But what you can do is pre-compute the address of the new contract and send the Ether first, then have the contract create the new contract. Highly advised to use testnet first, because coordination is required to make sure the correct account nonce, which would have to be provided from the outside.
		</Content>
		<Answer_Comment>
			<Comment>Is there any way to get an account's nonce from inside a contract? – Nick Johnson May 28 '16 at 9:41</Comment>
			<Comment>No, I was going to suggest it does need "outside" help to get the nonce... – eth♦ May 28 '16 at 9:43</Comment>
			<Comment>Of course, you could code the contract to keep track of how many other contracts it's created, effectively keeping a duplicate nonce... – Nick Johnson May 28 '16 at 9:47</Comment>
			<Comment>assuming a contract keeps track of its nonce, is there a solidity word for rlp_encode ? or a library ? example address precomputedRegContract = sha3(rpl_encode(this, nonce)); – dor May 29 '16 at 4:36</Comment>
			<Comment>github.com/androlo/standard-contracts#rlp might help – eth♦ May 29 '16 at 4:52</Comment>
		</Answer_Comment>
	</Answers>
</Questions>
