<Questions>
	<Address>https://ethereum.stackexchange.com/questions/26311/smart-contract-function-always-returning-transaction-underpriced-or-exceeds-bloc</Address>
	<Title>Smart contract function always returning transaction underpriced or exceeds block gas limit</Title>
	<Labels>web3js ropsten ethereumjs infura</Labels>
	<AskTime>2017-09-12 17:09:47Z</AskTime>
	<AskUser>Radial</AskUser>
	<Ques>
		<Content>
Was wondering if anyone has come across this before. I am using Ropsten through Infura and no matter what I set the gas to it will always return either transaction underpriced or exceeds block gas limit.

		</Content>
		<Ask_Comment>
			<Comment>It sounds like the function you're calling uses too much gas. What are you trying to call? – Edmund Edgar Sep 12 '17 at 19:28</Comment>
			<Comment>When you say "no matter what I set the gas to", that's vague because there's gas price and gas limit. Which one are you changing? What are the current values? What are you calling? There isn't enough information here to diagnose anything. – jordaniac89 Nov 14 '17 at 15:52</Comment>
		</Ask_Comment>
	</Ques>
	<Answers>
		<AnswerUser>Alex Step</AnswerUser>
		<AnswerTime>2017-09-14 15:18:29Z</AnswerTime>
		<Accepted>False</Accepted>
		<Content>
Just increase gasPrice and gasLimit. For example gasPrice: 400000000000,
gasLimit: 4000000,
		</Content>
		<Answer_Comment>
		</Answer_Comment>
	</Answers>
</Questions>
