<Questions>
	<Address>https://ethereum.stackexchange.com/questions/24320/can-an-ethereum-contracts-start-with-a-non-zero-balance</Address>
	<Title>Can an ethereum contracts start with a non-zero balance?</Title>
	<Labels>contract-design</Labels>
	<AskTime>2017-08-14 06:28:55Z</AskTime>
	<AskUser>0xcaff</AskUser>
	<Ques>
		<Content>
Since contracts are just ethereum addresses with code attached and a contract address can be calculated deterministically before even deploying a contract, is it possible to send ETH to an address which you know will hold a contract at a later time? What happens to the contract and the ETH?

		</Content>
		<Ask_Comment>
		</Ask_Comment>
	</Ques>
	<Answers>
		<AnswerUser>benjaminion</AnswerUser>
		<AnswerTime>2017-08-14 07:52:51Z</AnswerTime>
		<Accepted>False</Accepted>
		<Content>
is it possible to send ETH to an address which you know will hold a contract at a later time? Yes, it is. This is discussed here. What happens to the contract and the ETH? The contract will be deployed as normal. If the contract has some kind of "withdraw" functionality that allows you to access the balance then you can withdraw it. Otherwise the balance will sit in the contract forever, unrecoverable, and potentially messing with your contract logic if it assumes that you started with zero balance.
		</Content>
		<Answer_Comment>
		</Answer_Comment>
	</Answers>
</Questions>
