<Questions>
	<Address>https://ethereum.stackexchange.com/questions/2759/how-do-you-restore-a-wallet-in-mist-on-osx-from-a-windows-backup</Address>
	<Title>How do you restore a wallet in Mist on OSX from a Windows backup?</Title>
	<Labels>mist wallets windows mac-osx</Labels>
	<AskTime>2016-04-08 01:52:05Z</AskTime>
	<AskUser>Curyous</AskUser>
	<Ques>
		<Content>
In Mist on Windows I went to Accounts -> Backup -> Application Data, and backed up the Mist folder it pointed to. I assume this is backing up my wallet contracts, since Accounts -> Backup -> Accounts doesn't seem to?
I'm also running Mist on OSX, how can I transfer my wallet contracts there?

		</Content>
		<Ask_Comment>
			<Comment>All you need is the public key of the wallet contract and import it into mist. – 5chdn Apr 8 '16 at 12:28</Comment>
		</Ask_Comment>
	</Ques>
	<Answers>
		<AnswerUser>Community</AnswerUser>
		<AnswerTime>2017-04-13 13:01:02Z</AnswerTime>
		<Accepted>False</Accepted>
		<Content>
If you wish to move an item from one OS to another, it's simply a matter of copying the necessary files to their appropriate folder on the new computer. For accounts, that's the keystore files under Accounts -> Backup -> Accounts. For wallet contracts, that's the items in the application data folder. It may be that the application data differs slightly between one OS to another. If your wallet contract still isn't showing up, click ADD WALLET, click IMPORT WALLET, and then paste the address of your wallet contract and import it. As a note, while doing this you should always copy file and never delete any files until you are 100% certain you have 100% access to all accounts / wallet contracts. This has the full breakdown of where the keystore files (accounts) and application data (wallet contracts) are stored on Windows, Mac, and Linux
		</Content>
		<Answer_Comment>
		</Answer_Comment>
	</Answers>
</Questions>
