<Questions>
	<Address>https://ethereum.stackexchange.com/questions/17625/deploying-and-interacting-contract-with-azure-consortium-blockchain-with-their-t</Address>
	<Title>Deploying and interacting contract with Azure consortium blockchain with their transaction receipt not returning from blockchain</Title>
	<Labels>go-ethereum microsoft-azure web3j</Labels>
	<AskTime>2017-06-09 21:15:31Z</AskTime>
	<AskUser>TerenceT</AskUser>
	<Ques>
		<Content>
I am using Web3j to deploy and interact with a contract on azure consortium blockchain.
Connecting to Azure consortium blockchain RPC endpoint
#########CODE_START##########
Web3j web3 = Web3j.build(new HttpService("http://***.cloudapp.azure.com:8545"));
#########CODE_END########
Unlocking my account from my wallet file
#########CODE_START##########
Credentials credentials = WalletUtils.loadCredentials("mypassword", "path/to/mywallet");
#########CODE_END########
Deploying contract from web3j smart contract wrapper
#########CODE_START##########
Future<MySmartContract> contract = MySmartContract.deploy(web3, credentials, BigInteger.valueOf(700000), BigInteger.valueOf(700000), BigInteger.valueOf(0), new Uint256(10000L));
#########CODE_END########
Printing the contract address
#########CODE_START##########
System.out.println(contract.get().getContractAddress());
#########CODE_END########
Under the hood, Web3j would call
#########CODE_START##########
"{"jsonrpc":"2.0","method":"eth_getTransactionReceipt","params":["0xa8b688bc982252bf514adf9ff0cf6eef73d6b5212fb69a7b2f80b281faefecc8"],"id":1}"
#########CODE_END########
but the result would always be "{"jsonrpc":"2.0","id":1,"result":null}[\n]"
Essentially, I am guessing the transaction is submitted to the blockchain, but the blockchain does not mine this transaction. I have tried this on ethereum testnet and it works. I am wondering whether there are debugging tools or ways to monitor the azure consortium blockchain, and possible solutions to this issue.

		</Content>
		<Ask_Comment>
		</Ask_Comment>
	</Ques>
	<Answers>
		<AnswerUser>TerenceT</AnswerUser>
		<AnswerTime>2017-06-20 13:13:34Z</AnswerTime>
		<Accepted>False</Accepted>
		<Content>
Turns out it was gas price too low (bigger than the largest integer). Then it starts mining an empty contract, that turned out to be gas limit too low.
		</Content>
		<Answer_Comment>
		</Answer_Comment>
	</Answers>
</Questions>
