<Questions>
	<Address>https://ethereum.stackexchange.com/questions/30602/minimum-requirement-hardware-and-best-mining-pool-for-ether-mining</Address>
	<Title>Minimum requirement hardware and best mining pool for ether mining</Title>
	<Labels>mining mining-pools solo-mining</Labels>
	<AskTime>2017-11-13 11:36:43Z</AskTime>
	<AskUser>user1688401</AskUser>
	<Ques>
		<Content>
I will buy MSI RX580 Armor OC 8GB GDDR5 256Bit AMD Radeon DX12 for mining They said it is hashrate 30 MH/s
30 MH/s bring 1 week 0.06180 ETH according minergate( https://minergate.com/calculator/ethereum )
I think mining is all abaout GPU.So I will but cheapest motherboard,cpu and ram which compatible with MSI RX580 GPU.Is this wrong or I am in right way? I will instal windows 10
my second question is what is best mining pool?Using minergate is easily and just install .exe with GUI.Is minergate is good or are there another pool which gain more mining?
And my last question is about currency.Which currency is gain best with this hardware?ETC or BTC or Monero or another?Do you suggest me any other thing?Is my hardware is enough-good?...
thanks

		</Content>
		<Ask_Comment>
		</Ask_Comment>
	</Ques>
	<Answers>
	</Answers>
</Questions>
