<Questions>
	<Address>https://ethereum.stackexchange.com/questions/15173/does-ethereum-provide-any-mailing-mechanism-when-a-transaction-is-completed</Address>
	<Title>Does Ethereum provide any mailing mechanism when a transaction is completed?</Title>
	<Labels>go-ethereum wallets</Labels>
	<AskTime>2017-04-13 14:15:32Z</AskTime>
	<AskUser>null</AskUser>
	<Ques>
		<Content>
For example, when we are using SLURM, there is a mailing mechanism that when a submitted job is completed it sends a mail to e-mail address(defined by the job submitter) that telling the submitted job is completed.
Is there any similar mechanism for Ethereum (public and/or private chain), or any tool that is developed for that which will send email to msg.sender's email address when their submitted transaction is deployed, passed, completed etc.

		</Content>
		<Ask_Comment>
		</Ask_Comment>
	</Ques>
	<Answers>
		<AnswerUser>zanzu</AnswerUser>
		<AnswerTime>2017-04-13 12:57:54Z</AnswerTime>
		<Accepted>False</Accepted>
		<Content>
The functionality you are after sits at the application/client layer. Take a look at EtherPing as an example of such an application. EtherPing is a web application that sends you notifications when an Ethereum account of your choosing receives a transaction. This could be one of your contracts, your own Ethereum wallet or another account just for the hell of it. Over time it is likely that such functionality will be supported natively in mainstream wallets. Meanwhile, you may need to shop around for a standalone app such as the one above.
		</Content>
		<Answer_Comment>
			<Comment>Thank you sir, but I guess it won't work on private chains :( Sorry I didn't mention on my question. @zanzu – Alper Apr 13 '17 at 14:15</Comment>
		</Answer_Comment>
	</Answers>
</Questions>
