<Questions>
	<Address>https://ethereum.stackexchange.com/questions/6300/geth-and-qtminer-0-balance-after-2-days-with-3-2mh-s</Address>
	<Title>Geth and qtminer: 0 balance after 2 days with 3.2MH/s</Title>
	<Labels>go-ethereum cpp-ethereum windows qtminer</Labels>
	<AskTime>2016-06-20 08:23:24Z</AskTime>
	<AskUser>5chdn</AskUser>
	<Ques>
		<Content>
I'm using Geth + QtMiner:
#########CODE_START##########
qtminer.exe -s asia1.ethpool.org:3333 -u 0x37830e9f76198f82cdb81821a7a380c82e24b4f9.maplerichie -G --opencl-platform 1
#########CODE_END########
My average hashrate is just around 3.2MH/s but benchmark can go up to 10MH/s, is there any problem with my syntax or configuration?
After two day mining, the balance return at geth console is still zero (0), check with command web3.fromWei(eth.getBalance(eth.coinbase), "ether"), is this normal?
From the calculation, I should already get 0.05 ETH if hashrate is 3.2MH/s. Will the mining speed affected by broadband speed? I have a 30Mbps connection only.
Windows 10, with GTX960 GPU.
Thanks

		</Content>
		<Ask_Comment>
		</Ask_Comment>
	</Ques>
	<Answers>
		<AnswerUser>5chdn</AnswerUser>
		<AnswerTime>2016-06-20 08:23:04Z</AnswerTime>
		<Accepted>False</Accepted>
		<Content>
Ethpool is a predictable solo mining pool. You will only get paid out after you have submitted enough shares equal to finding a block at the current hash rate. See your stats here. Approximate time to next block: 7 months It will be better if you switch to another pool with a different payout scheme. Want the same mining pool quality like ethpool.org but with a PPLNS style payment mode? Check out our new mining pool: ethermine.org
		</Content>
		<Answer_Comment>
		</Answer_Comment>
	</Answers>
</Questions>
