<Questions>
	<Address>https://ethereum.stackexchange.com/questions/24814/unable-to-send-eth-out-of-a-multi-sig-3-owners-wallet</Address>
	<Title>Unable to send ETH out of a multi-sig (3 owners) wallet</Title>
	<Labels>multisignature</Labels>
	<AskTime>2017-08-21 08:14:33Z</AskTime>
	<AskUser>CryptoXX</AskUser>
	<Ques>
		<Content>
I am using Mist and trying to send ETH out of a multi-sig wallet (3 owners, I am one of them). I put in the password and press "SEND", and then I receive an "unknown account" error in a yellow box.
A few hours earlier tried the same thing and it worked fine.
Any thoughts?
Thanks

		</Content>
		<Ask_Comment>
			<Comment>On the "From" combobox, you have to choose the very same account you entered when you created the Multisig. – user3589311 Oct 19 '17 at 20:13</Comment>
			<Comment>I'm also getting this "unknown account error" trying to send out ETH and 2 other kinds of ERC20 token (1 is the OMGToken) Any news why we get this error ? It shows the ether & token in Mist, just after the SEND i get the same error. Is there another way to access multi wallet ? (e.g. MyEtherWallet) – Sander Huisman Oct 31 '17 at 14:17</Comment>
			<Comment>This does not really answer the question. If you have a different question, you can ask it by clicking Ask Question. You can also add a bounty to draw more attention to this question once you have enough reputation. - From Review – Jesse Busman Oct 31 '17 at 20:26</Comment>
		</Ask_Comment>
	</Ques>
	<Answers>
	</Answers>
</Questions>
