<Questions>
	<Address>https://ethereum.stackexchange.com/questions/34198/how-put-address-from-ganache-cli-client-as-a-parameters-in-constructor</Address>
	<Title>How put address (from ganache-cli client) as a parameters in constructor</Title>
	<Labels>solidity truffle testing</Labels>
	<AskTime>2017-12-25 14:10:48Z</AskTime>
	<AskUser>Ismael</AskUser>
	<Ques>
		<Content>
Always, when I try to send parameters for the constructor function I use a migration file and where I´m trying to deploy the contract, add the parameters...Something like that:
#########CODE_START##########
var OVXET = artifacts.require("./OVXET.sol");


module.exports = function(deployer) {
    deployer.deploy(OVXET, 1000000000, "OVXET", "OVX", accounts[1], accounts[2]);
}
#########CODE_END########
But in this case...how I have to send the accounts? I want the same accounts that I am using the test files. Have I to incorporate a var initialized with web3.accounts?
Solution:
#########CODE_START##########
var accounts = web3.eth.accounts;
#########CODE_END########
Is there another way to implement this task?

		</Content>
		<Ask_Comment>
			<Comment>After try different things, the answer is create a var before module.exports using web3 features: var accounts = web3.eth.accounts; – Jorge Dec 22 '17 at 22:48</Comment>
		</Ask_Comment>
	</Ques>
	<Answers>
		<AnswerUser>Ismael</AnswerUser>
		<AnswerTime>2017-12-25 14:17:04Z</AnswerTime>
		<Accepted>False</Accepted>
		<Content>
In Truffle's documentation they have an example how to access accounts from your ethereum client. In your case it should be like this: var OVXET = artifacts.require("./OVXET.sol");

module.exports = function(deployer, network, accounts) {
    deployer.deploy(OVXET, 1000000000, "OVXET", "OVX", accounts[1], accounts[2]);
}
 The exported function has two additional parameters 'network' and 'accounts'.
		</Content>
		<Answer_Comment>
		</Answer_Comment>
	</Answers>
</Questions>
