<Questions>
	<Address>https://ethereum.stackexchange.com/questions/25682/what-happens-if-you-accidentally-send-ether-to-your-own-wallet-address</Address>
	<Title>What happens if you accidentally send ether to your own wallet address?</Title>
	<Labels>transactions</Labels>
	<AskTime>2017-09-02 03:22:15Z</AskTime>
	<AskUser>Angus</AskUser>
	<Ques>
		<Content>
I recently participated (or at least attempted to) in a token generation event. The idea was to send ether and receive tokens in return. However, it seems as though I actually sent the ether from my wallet to the same address of my wallet. In other words, I sent ether to myself.
So, I now have lost the ether - where has it gone? How do I retrieve it?

		</Content>
		<Ask_Comment>
			<Comment>If you have a transaction hash, post it here so people can help you. Or, if you don't want to share that info, go to etherscan.io and try to follow the transaction through. If you know your addresss, you can enter it on etherscan and see all the transactions on that address. – Thomas Jay Rush Sep 2 '17 at 3:28</Comment>
			<Comment>I think this should be a comment (I assume you're using the mobile app for SE whose UI for answering/commenting is non-intuitive to me). – lungj Sep 3 '17 at 16:23</Comment>
			<Comment>Can you move it? I'm on a phone – Thomas Jay Rush Sep 3 '17 at 16:24</Comment>
			<Comment>I think that needs a mod (or someone with more rep than I have, at least). Flagged for mod! – lungj Sep 3 '17 at 16:26</Comment>
			<Comment>If the sender and receiver are the same address, your balance remains the same minus the cost of the transaction gas. At least thats how an external owned account works. – Ismael Sep 4 '17 at 4:59</Comment>
		</Ask_Comment>
	</Ques>
	<Answers>
	</Answers>
</Questions>
