<Questions>
	<Address>https://ethereum.stackexchange.com/questions/17621/mist-ethereumwallet-error-method-eth-sendtransaction-not-allowed</Address>
	<Title>Mist/EthereumWallet error: Method 'eth_sendTransaction' not allowed</Title>
	<Labels>go-ethereum mist ethereum-wallet-dapp</Labels>
	<AskTime>2017-06-09 20:52:55Z</AskTime>
	<AskUser>mohamedGr</AskUser>
	<Ques>
		<Content>
I am trying to deploy a smart contract on a private ethereum blockchain and I get this error message "Method 'eth_sendTransaction' not allowed" whenever I try to submit a transaction for sending ether or even for creating the contract through the mist integrated Remix IDE.
Your help is much appreciated!

		</Content>
		<Ask_Comment>
		</Ask_Comment>
	</Ques>
	<Answers>
		<AnswerUser>null</AnswerUser>
		<AnswerTime>2017-06-09 21:12:56Z</AnswerTime>
		<Accepted>True</Accepted>
		<Content>
You should start your node with the eth api . Geth --rpc "eth,personal,.." And unlock your account.
		</Content>
		<Answer_Comment>
		</Answer_Comment>
	</Answers>
</Questions>
