<Questions>
	<Address>https://ethereum.stackexchange.com/questions/33598/miner-is-running-and-connected-to-pool-but-pool-isnt-showing-that-miner-is-conn</Address>
	<Title>Miner is running and connected to pool but pool isn't showing that miner is connected</Title>
	<Labels>ethos</Labels>
	<AskTime>2017-12-16 23:21:18Z</AskTime>
	<AskUser>Jon Ballard</AskUser>
	<Ques>
		<Content>
I'm completely at a loss at this point. My miner is running and it is connected to the pool but when I go to my wallet address on the pool it shows that nothing is connected. I'm using ethOS and I'll leave the diagnostics reports at the end of this post but it feels like I've tried everything. Any suggestions would be greatly appreciated. Thanks in advanced. Diagnostics Report: http://paste.ethosdistro.com/kaveleliqu

		</Content>
		<Ask_Comment>
		</Ask_Comment>
	</Ques>
	<Answers>
	</Answers>
</Questions>
