<Questions>
	<Address>https://ethereum.stackexchange.com/questions/10032/parity-warp-stops-syncing-at-block-2-626-057</Address>
	<Title>Parity --warp stops syncing at block 2,626,057 [closed]</Title>
	<Labels>synchronization parity warp-sync</Labels>
	<AskTime>2016-11-15 15:58:13Z</AskTime>
	<AskUser>jrbedard</AskUser>
	<Ques>
		<Content>
The title says it all. I'm testing parity with --warp pruning fast. Was thrilled having started a node in ~10 min and synced the chain in ~1,5 hours. One day later I try to do transactions with the graphical interface (great user interface!), but I can't receive, because my sync stops at block 2,626,057. Restarted several times, but no success until I killed the -warp option. Now it works.
Is this normal or a specific bug of my system?

		</Content>
		<Ask_Comment>
			<Comment>For anyone stumbling on this later on, given the block number, I think the details in this excellent answer pertaining to the low gas price network attacks & transaction spamming attacks applies. – Ben Burns Dec 19 '17 at 2:09</Comment>
		</Ask_Comment>
	</Ques>
	<Answers>
	</Answers>
</Questions>
