<Questions>
	<Address>https://ethereum.stackexchange.com/questions/1000/what-are-some-proposed-ways-of-storing-data-in-ethereum</Address>
	<Title>What are some proposed ways of storing data in Ethereum?</Title>
	<Labels>contract-design storage swarm ipfs</Labels>
	<AskTime>2016-03-15 08:48:15Z</AskTime>
	<AskUser>Joris Bontje</AskUser>
	<Ques>
		<Content>
I keep reading that swarm or ipfs would be used for storage, but how would that work exactly? Would an ethereum contract store its data in these data blockchains? I thought ethereum smart contracts can't write to an external source but only read from it? Also what other storage blockchains can be used in this way?

		</Content>
		<Ask_Comment>
		</Ask_Comment>
	</Ques>
	<Answers>
		<AnswerUser>Maran</AnswerUser>
		<AnswerTime>2016-02-04 18:52:59Z</AnswerTime>
		<Accepted>False</Accepted>
		<Content>
It's basically the other way around. The Ethereum blockchain will store a hash that points to a file in either Swarm, IPFS or something similar. From a DApp point of view the following could happen in a theoretical distributed twitter-clone: You go to my-awesome-app.eth in the Mist browser. The domain gets translated to a unique Swarm hash. Swarm retrieves the hash and loads the HTML/JS files associated with this hash. Once all the data for the app is retrieved the application code will look in the blockchain for the latest tweet hashes, and again request these hashes from the Swarm network, loading the page with recent data as they come in. I hope this explains it, if not let me know.
		</Content>
		<Answer_Comment>
			<Comment>can you explain it for truffle point of view? – Aniket May 27 '16 at 10:20</Comment>
			<Comment>can't you store data inside the smart contract code? – Patoshi Jul 1 '16 at 15:46</Comment>
			<Comment>@duckx You could but it's a very expensive operation. Storing more then a few bytes would cost too much for any type of real-world usage. – Maran Jul 2 '16 at 12:58</Comment>
		</Answer_Comment>
	</Answers>
</Questions>
