<Questions>
	<Address>https://ethereum.stackexchange.com/questions/884/how-to-convert-an-address-to-bytes-in-solidity</Address>
	<Title>How to convert an address to bytes in Solidity?</Title>
	<Labels>solidity contract-development addresses bytes</Labels>
	<AskTime>2016-02-08 20:15:12Z</AskTime>
	<AskUser>null</AskUser>
	<Ques>
		<Content>
What is the recommended way to convert an address to bytes in Solidity?

		</Content>
		<Ask_Comment>
		</Ask_Comment>
	</Ques>
	<Answers>
		<AnswerUser>null</AnswerUser>
		<AnswerTime>2017-03-29 03:23:15Z</AnswerTime>
		<Accepted>True</Accepted>
		<Content>
To be even more efficient: function toBytes(address a) constant returns (bytes b){
   assembly {
        let m := mload(0x40)
        mstore(add(m, 20), xor(0x140000000000000000000000000000000000000000, a))
        mstore(0x40, add(m, 52))
        b := m
   }
}
 Takes just 600 gas vs 2500 for Gokulnath's answer and 5000 for Eth's
		</Content>
		<Answer_Comment>
			<Comment>That's awesome! – Eamorr Mar 31 '17 at 21:24</Comment>
		</Answer_Comment>
	</Answers>
	<Answers>
		<AnswerUser>eth</AnswerUser>
		<AnswerTime>2016-02-02 20:47:46Z</AnswerTime>
		<Accepted>False</Accepted>
		<Content>
There are no current shortcuts and you need to write your own function. Here's the function suggested by Solidity's author, chriseth: function toBytes(address x) returns (bytes b) {
    b = new bytes(20);
    for (uint i = 0; i < 20; i++)
        b[i] = byte(uint8(uint(x) / (2**(8*(19 - i)))));
}
		</Content>
		<Answer_Comment>
			<Comment>If you want to convert an address to a string, you can then convert the bytes to a string just using explicit conversion, as string(b) – MrChico Mar 22 '16 at 15:14</Comment>
			<Comment>Getting this error in browser solidity: Error: Type string memory is not implicitly convertible to expected type string storage pointer. – koampapapa Aug 26 '16 at 23:27</Comment>
			<Comment>@koampapapa I looked into it and answered your question ethereum.stackexchange.com/questions/8346/… If really needed, consider doing conversions in the UI/frontend/Javascript instead of Solidity to save gas. – eth♦ Aug 27 '16 at 2:01</Comment>
		</Answer_Comment>
	</Answers>
	<Answers>
		<AnswerUser>Gokulnath Reddy</AnswerUser>
		<AnswerTime>2017-03-29 02:34:58Z</AnswerTime>
		<Accepted>False</Accepted>
		<Content>
This is similar to the answer given above but is more gas efficient as it is in assembly.   function addressToBytes(address i)  returns (bytes by) { 
    by = new bytes(20); 
    assembly { 
      let count := 0 
      let byptr := add(by, 32) 
      loop: 
          jumpi(end, eq(count, 20)) 
          mstore8(byptr, byte(add(count,12), i)) 
          byptr := add(byptr, 1) 
          count := add(count, 1) 
          jump(loop) 
      end: 
    } 
    return by; 
  }
		</Content>
		<Answer_Comment>
			<Comment>There's really no need for a loop at all, since we're dealing with < 32 bytes – Tjaden Hess♦ Mar 29 '17 at 5:09</Comment>
			<Comment>Yes, there is no need of loop. Good one. – Gokulnath Reddy Mar 29 '17 at 7:24</Comment>
		</Answer_Comment>
	</Answers>
</Questions>
