<Questions>
	<Address>https://ethereum.stackexchange.com/questions/13069/issue-wont-allow-this-transaction-smart-contract</Address>
	<Title>Issue won't allow this transaction (Smart contract)</Title>
	<Labels>go-ethereum ether ethereumjs ethereumjs-tx</Labels>
	<AskTime>2017-03-14 09:26:14Z</AskTime>
	<AskUser>user6776</AskUser>
	<Ques>
		<Content>
•Windows 8 •Mist 0.8.9 •Tesnet
When I publish my crowdsale smart contract and try to send ethers,i have this warning

		</Content>
		<Ask_Comment>
			<Comment>try to provide more gas – Badr Bellaj♦ Mar 14 '17 at 9:32</Comment>
			<Comment>I try to provide more gas 5,000,000 gas,the transaction not work – user6776 Mar 14 '17 at 9:46</Comment>
			<Comment>Could you share your contract code? Your function may for some reason be eating all the gas. – Samuel Hawksby-Robinson Mar 14 '17 at 16:15</Comment>
			<Comment>Could possibly be related to the ongoing testnet issue, somehow? ethereum.stackexchange.com/questions/12477/… – Richard Horrocks Mar 14 '17 at 18:18</Comment>
			<Comment>Yes,testnet issue thanks,I solve. – user6776 Mar 14 '17 at 18:50</Comment>
		</Ask_Comment>
	</Ques>
	<Answers>
	</Answers>
</Questions>
