<Questions>
	<Address>https://ethereum.stackexchange.com/questions/28969/what-uint-type-should-be-declared-for-unix-timestamps</Address>
	<Title>What uint type should be declared for unix timestamps?</Title>
	<Labels>solidity contract-development contract-design contract-debugging testing</Labels>
	<AskTime>2017-10-21 19:33:35Z</AskTime>
	<AskUser>null</AskUser>
	<Ques>
		<Content>
I try to specify uint type to uint16 instead of just doing uint or uint256 when dealing with time stamps but it says that I must use at least uint24. It works with uint24, but shouldn't uint16 be plenty enough?

		</Content>
		<Ask_Comment>
		</Ask_Comment>
	</Ques>
	<Answers>
		<AnswerUser>null</AnswerUser>
		<AnswerTime>2017-10-21 20:39:23Z</AnswerTime>
		<Accepted>True</Accepted>
		<Content>
Not really an answer to what you're asking, but... Decreasing the size of a uint to less that 256 bits will increase the associated gas costs, not decrease it like you might be expecting. It'll be best to leave it as a uint256. See: Why does uint8 cost more gas than uint256? Edit: Noting that timestamps are the number of seconds since the Unix epoch: uint16 maximum value = 65536 -> 01/01/1970 @ 6:12pm (UTC) uint24 maximum value = 16777216 -> 07/14/1970 @ 4:20am (UTC) So these values are too small. Calling block.timestamp (or now) currently returns 1508618011, which is 0b1011001111010111010111100011011. This requires 31 bits. So you're looking at least at a uint32, but more if you want to be future-proof.
		</Content>
		<Answer_Comment>
			<Comment>What if we were talking about something that would be saved to storage? I assume it would be best practices to forexample use uint8 instead of uint256 for decimals, saving gas costs too. – NowsyMe Oct 21 '17 at 20:17</Comment>
			<Comment>Yep, true for variables written to storage - writing smaller quantities is cheaper. You'll want to experiment depending on how you're using the timestamps. – Richard Horrocks Oct 21 '17 at 20:31</Comment>
			<Comment>Storage is written in blocks of 32 bytes. Using smaller values is not cheaper – Tjaden Hess♦ Oct 21 '17 at 20:45</Comment>
			<Comment>Okay, didn't know the block size - what Tjaden said :-) – Richard Horrocks Oct 21 '17 at 20:54</Comment>
			<Comment>so there is no difference declaring uint8 and uint32? gas wise? Does the same count for bytes? – NowsyMe Oct 21 '17 at 22:55</Comment>
		</Answer_Comment>
	</Answers>
</Questions>
