<Questions>
	<Address>https://ethereum.stackexchange.com/questions/886/which-ethereum-accounts-have-the-most-ether</Address>
	<Title>Which Ethereum accounts have the most Ether?</Title>
	<Labels>ether accounts</Labels>
	<AskTime>2016-08-07 22:58:09Z</AskTime>
	<AskUser>eth</AskUser>
	<Ques>
		<Content>
Where can someone get a list of all the ethereum accounts and sort it by the # of ether they have?

		</Content>
		<Ask_Comment>
		</Ask_Comment>
	</Ques>
	<Answers>
		<AnswerUser>Alexey Akhunov</AnswerUser>
		<AnswerTime>2016-02-02 21:28:19Z</AnswerTime>
		<Accepted>False</Accepted>
		<Content>
The most convenient way to get his information presently is via etherscan blockchain explorer: http://etherscan.io/accounts Currently, it shows that top 5 accounts are: Poloniex Cold Wallet (7.8 million Ether) Kraken (2.2 million Ether) EthDev (1.75 million - this is a multi signature contract) 0x1937c5c515057553ccbd46d5866455ce66290284 (1 million Ether). This one has bought Ether at pre-sale and has not spent any of it yet 0xd12cd8a37f074e7eafae618c986ff825666198bd (almost 1 million Ether). This one accumulated it over the period of 170 days (withdrawn from Poloniex Hot Wallet)
		</Content>
		<Answer_Comment>
		</Answer_Comment>
	</Answers>
	<Answers>
		<AnswerUser>Patoshi</AnswerUser>
		<AnswerTime>2016-02-02 21:39:17Z</AnswerTime>
		<Accepted>False</Accepted>
		<Content>
This is not accounting for people holding multiple accounts. Below is the first 3 pages of the list.
		</Content>
		<Answer_Comment>
		</Answer_Comment>
	</Answers>
</Questions>
