<Questions>
	<Address>https://ethereum.stackexchange.com/questions/13987/ipcapi-parameter-usage</Address>
	<Title>ipcapi parameter usage</Title>
	<Labels>go-ethereum ipc interfaces</Labels>
	<AskTime>2017-04-06 11:41:12Z</AskTime>
	<AskUser>null</AskUser>
	<Ques>
		<Content>
I initialize a node on my private test net passing only the eth interface in the ipcapi parameter expecting that I won't have access in the other interfaces such as admin etc.. However, when I attach a terminal to the node I have access to all apis. What is the puprpose of the ipcapi parameter then?
this is how I initialize start the node listening to ipc connections
geth --datadir ~/ethereum/localnode --ipcapi eth --networkid 1234 console

		</Content>
		<Ask_Comment>
			<Comment>What command are you running to attach to the node? – Richard Horrocks Apr 6 '17 at 13:25</Comment>
			<Comment>@RichardHorrocks I'm using this command geth attach ipc:~/ethereum/geth.ipc – silintzir Apr 6 '17 at 14:30</Comment>
		</Ask_Comment>
	</Ques>
	<Answers>
	</Answers>
</Questions>
