<Questions>
	<Address>https://ethereum.stackexchange.com/questions/32130/what-is-the-function-of-ether-in-operating-an-application-on-the-ethereum-blockc</Address>
	<Title>What is the function of Ether in operating an application on the Ethereum blockchain? [duplicate]</Title>
	<Labels>ether gas</Labels>
	<AskTime>2017-12-01 05:47:04Z</AskTime>
	<AskUser>Ismael</AskUser>
	<Ques>
		<Content>
This question already has an answer here: What is ether? How is it different from other tokens such as bitcoin? 4 answers
What is the relationship between the price of Ether and the usage of the Ethereuem blockchain?
Or is a Ether coin simply a means of holding a piece of the value of the Ethereum blockchain (like a shareholder in a publically listed company)? (I know that gas is used to operate Ethereuem blockchain applications...so then I am wondering what the point of the Ether token coin is in terms of running the applications on the Ethereum blockchain).

		</Content>
		<Ask_Comment>
			<Comment>Also related: What is meant by the term “gas”? – Richard Horrocks Nov 30 '17 at 18:41</Comment>
		</Ask_Comment>
	</Ques>
	<Answers>
		<AnswerUser>Miguel Mota</AnswerUser>
		<AnswerTime>2017-11-30 23:46:33Z</AnswerTime>
		<Accepted>False</Accepted>
		<Content>
Ether is used as an incentive for miners to process transactions, and to protect the network from being spammed since each computational step costs small units of ether. Related What is ether? How is it different from other tokens such as bitcoin? What is meant by the term "gas"? What exactly is Ether currency in Ethereum?
		</Content>
		<Answer_Comment>
		</Answer_Comment>
	</Answers>
	<Answers>
		<AnswerUser>pabloruiz55</AnswerUser>
		<AnswerTime>2017-11-30 18:41:07Z</AnswerTime>
		<Accepted>False</Accepted>
		<Content>
Every transaction be it from account to account or a transaction with a smart contract, costs GAS. Gas has a value in ether, so basically each transaction costs ether, and that's what ether is used for.
		</Content>
		<Answer_Comment>
		</Answer_Comment>
	</Answers>
</Questions>
