<Questions>
	<Address>https://ethereum.stackexchange.com/questions/15994/how-does-rinkeby-replicate-contracts-with-the-same-address-as-on-ropsten</Address>
	<Title>How does Rinkeby replicate contracts with the same address as on Ropsten?</Title>
	<Labels>contract-deployment testnets rinkeby</Labels>
	<AskTime>2017-05-09 05:55:46Z</AskTime>
	<AskUser>Roland Kofler</AskUser>
	<Ques>
		<Content>
When deploying a smart contract on Rinkeby I realized that Oraclize works out of the box. Normaly this is not possible as the deploy address is dependend from the creating transaction nounce. How does was Oraclize deployed on Rinkeby so that it is at the same address as in Ropsten?

		</Content>
		<Ask_Comment>
		</Ask_Comment>
	</Ques>
	<Answers>
	</Answers>
</Questions>
