<Questions>
	<Address>https://ethereum.stackexchange.com/questions/10431/having-trouble-verifying-a-contract-on-etherscan-io</Address>
	<Title>Having trouble verifying a contract on etherscan.io</Title>
	<Labels>etherscan verify</Labels>
	<AskTime>2016-12-01 22:44:46Z</AskTime>
	<AskUser>o0ragman0o</AskUser>
	<Ques>
		<Content>
I'm trying to verify a contract on etherscan.io.
The contract itself has a number of imports and libraries and has been deployed using certain constructor arguments.
I've copy/pasted the code from all the .sol files into the validation textbox on etherscan, have selected the same compiler version, but am not entirely sure how to provide the ABI-encoded constructor arguments. Do they want the hex, JSON or what?
The code does not verify otherwise.

		</Content>
		<Ask_Comment>
		</Ask_Comment>
	</Ques>
	<Answers>
		<AnswerUser>o0ragman0o</AnswerUser>
		<AnswerTime>2016-12-01 23:43:51Z</AnswerTime>
		<Accepted>False</Accepted>
		<Content>
Sorted. Had pasted contracts in wrong order Removed import references Pasted constructor argument bytecode from end of deployed TX
		</Content>
		<Answer_Comment>
			<Comment>I'm doing the same thing as yourself and I'm having trouble with finding out what to put for the ABI encoded constructor arguments. I'm using ethereum.github.io/browser-solidity to deploy the contract. – milkywaymasta Feb 9 '17 at 20:29</Comment>
		</Answer_Comment>
	</Answers>
	<Answers>
		<AnswerUser>milkywaymasta</AnswerUser>
		<AnswerTime>2017-02-09 21:17:47Z</AnswerTime>
		<Accepted>False</Accepted>
		<Content>
I was able to verify the contract on Etherscan by checking the "Input Data" of the transaction that created the contract. It includes the contract bytecode and the constructor argument bytecode right after. So you can copy the constructor argument bytecode into the "Constructor Arguments ABI-encoded" field to be able to verify the contract. Thanks for that 3rd bullet point!
		</Content>
		<Answer_Comment>
		</Answer_Comment>
	</Answers>
</Questions>
