<Questions>
	<Address>https://ethereum.stackexchange.com/questions/12538/gettransaction-returning-null</Address>
	<Title>getTransaction() returning null</Title>
	<Labels>go-ethereum transactions mining</Labels>
	<AskTime>2017-02-27 12:03:06Z</AskTime>
	<AskUser>amitKumar</AskUser>
	<Ques>
		<Content>
On sending a number of concurrent transactions to geth running a private network with a small number of mining peers , i notice that transaction hashes are generated for each of those transaction , but most of the time , some of them do not get mined and the getTransaction method for the hashes of these transaction returns null. Why is this occurring ?
The ratio of these transactions is almost 10 : 1 (total transactions : null transactions). All other transactions get successfully mined.
I am mining only on the peers whereas the node that generates transaction is not mining . What is wrong here ?
Geth Instance details are - instance: Geth/v1.5.9-unstable-29645045/linux/go1.7.4

		</Content>
		<Ask_Comment>
			<Comment>Are the transactions of equal size/gas cost? – Richard Horrocks Mar 12 '17 at 10:41</Comment>
			<Comment>Yes each transaction is generated in a similar way , with default gas and gasPrice and no other data. – amitKumar Mar 12 '17 at 10:43</Comment>
		</Ask_Comment>
	</Ques>
	<Answers>
	</Answers>
</Questions>
