<Questions>
	<Address>https://ethereum.stackexchange.com/questions/22816/how-do-i-set-up-ethereum-mist-wallet-to-watch-for-gnt</Address>
	<Title>How do I set up Ethereum / Mist wallet to watch for GNT</Title>
	<Labels>mist tokens</Labels>
	<AskTime>2017-07-23 20:37:07Z</AskTime>
	<AskUser>Tjaden Hess</AskUser>
	<Ques>
		<Content>
I'm interested in exchanging some ETH for GNT, and send it to my Ethereum wallet. I understand that as a token, I will send it from the exchange to my Mist wallet address. Then how to I configure Mist, so that it watches and displays the GNT tokens?

		</Content>
		<Ask_Comment>
			<Comment>Possible duplicate of Custom Tokens in Mist Problem – Ismael Jul 23 '17 at 17:17</Comment>
			<Comment>I found the answer here: theethereum.wiki/w/index.php/… – Wolfgang Haak Aug 3 '17 at 16:34</Comment>
		</Ask_Comment>
	</Ques>
	<Answers>
	</Answers>
</Questions>
