<Questions>
	<Address>https://ethereum.stackexchange.com/questions/2619/how-will-sharding-differ-from-federated-sidechains</Address>
	<Title>How will sharding differ from federated sidechains?</Title>
	<Labels>serenity scalability sidechain sharding</Labels>
	<AskTime>2016-04-03 19:18:45Z</AskTime>
	<AskUser>Donavan Theodor</AskUser>
	<Ques>
		<Content>
I suppose sharding will be implemented in the future, and there will be many mini-islands that hold only parts of the blockchain.
Does it mean that local nodes will mostly support local TX? If I live in Paris for example, then most of the nodes will hold records of the local transactions to speed things up? And what if I want to send money to Buenos Aires for Example? Will I need to find a node that will link me to the main chain and then another node that will store my transaction on the Buenos Aires Shard? Sending my transaction to another Shard will force all the nodes on my current Shard to download and hold the relevant blocks?
I understand it doesn't have to be a _geo-shard and that sharding can also take place between companies or other entities.
And how will it differ from the (proposed) federated sidechains?

		</Content>
		<Ask_Comment>
		</Ask_Comment>
	</Ques>
	<Answers>
		<AnswerUser>VoR0220</AnswerUser>
		<AnswerTime>2016-04-16 19:00:20Z</AnswerTime>
		<Accepted>True</Accepted>
		<Content>
Because it's completely integrated into the protocol and all interoperable. Side chains imply that there isn't really a consensus underneath that binds the two, it's sort of hacked together. Shards all operate under the exact same consensus structure.
		</Content>
		<Answer_Comment>
		</Answer_Comment>
	</Answers>
</Questions>
