<Questions>
	<Address>https://ethereum.stackexchange.com/questions/20972/how-to-make-function-call-through-relay-entry-level-contract</Address>
	<Title>How to make function call through relay / entry level contract</Title>
	<Labels>solidity contract-development contract-design fallback-function delegatecall</Labels>
	<AskTime>2017-07-12 07:14:05Z</AskTime>
	<AskUser>eth</AskUser>
	<Ques>
		<Content>
I am trying to create an entry level contract (one that is the entry point):
Relay.sol
#########CODE_START##########
pragma solidity ^0.4.8;
contract Relay {
    address public currentVersion;
    address public owner;

    modifier onlyOwner() {
        if (msg.sender != owner) {
            throw;
        }
        _;
    }

    function Relay(address initAddr) {
        currentVersion = initAddr;
        owner = msg.sender; 
    }

    function changeContract(address newVersion) public
    onlyOwner()
    {
        currentVersion = newVersion;
    }

    function() {
        if(!currentVersion.delegatecall(msg.data)) throw;
    }
}
#########CODE_END########
And my contract
Access2.sol
#########CODE_START##########
pragma solidity ^0.4.8;
import './Storage.sol';
import './Relay.sol';

contract Access2{
Storage s;
address Storageaddress=0xcd53170a761f024a0441eb15e2f995ae94634c06;

function Access2(){
Relay r=new Relay(this);
}

 function createEntity(string entityAddress,uint entityData)public returns(uint rowNumber){
        s = Storage(Storageaddress);
        uint row=s.newEntity(entityAddress,entityData);
        return row;
    }

    function getEntityCount()public constant returns(uint entityCount){
        s = Storage(Storageaddress);
        uint count=s.getEntityCount();
        return count;
    }   
}
#########CODE_END########
Both the contracts are deployed.
If I access the method of Access2 via web3 using the object of Access2 it works fine, but now the problem is how can I access the the method of Access2 via Relay.
Can I use the Object of Relay?
This will look like duplicate of up-gradable contract here but my question is not about writing upgradable contract but calling the functions of our contract from the entry level contract: i.e. how does the concept of entry level contract work?
Thanks in advance

		</Content>
		<Ask_Comment>
			<Comment>Possible duplicate of Upgradeable smart contracts – niksmac Jul 11 '17 at 12:25</Comment>
			<Comment>@niksmac, Not actually a duplicate, But next step or further explanation of answer to Upgradeable smart contracts – SwapnilKumbhar Jul 12 '17 at 7:20</Comment>
			<Comment>I think that the desired functionality of this question is similar to the one used for the Multisig Exploit; call a function of Access2 contract using the fallout function of Relay contract. More details in hackingdistributed.com/2017/07/22/deep-dive-parity-bug – Mike B Aug 4 '17 at 13:01</Comment>
		</Ask_Comment>
	</Ques>
	<Answers>
		<AnswerUser>eth</AnswerUser>
		<AnswerTime>2017-07-12 04:27:48Z</AnswerTime>
		<Accepted>True</Accepted>
		<Content>
Yes, from Relay you can call Access2 functions, like createEntity. The important code in Relay that makes it happen is its fallback-function: function() {
    if(!currentVersion.delegatecall(msg.data)) throw;
}
 It is helpful to read the questions and answers on fallback-function to learn more about them. Basically, when you invoke (call) createEntity in Relay, because Relay doesn't have a createEntity function, the fallback function of Relay will be called. The value of currentVersion is your instance of Access2, so it will do delegatecall(msg.data) on that Access2 instance. msg.data contains the information which will then invoke the createEntity function on that Access2 instance. Another way of putting it: you ask Relay to run some data (call function createEntity with certain data and arguments), but since Relay doesn't know how to handle that data, it will pass the data along to Access2.
		</Content>
		<Answer_Comment>
			<Comment>Basically, when you invoke (call) createEntity in Relay, because Relay doesn't have a createEntity function, the fallback function of Relay will be called. what will be the web3 command to for invoking createEntity in relay ? – A.K. Aug 3 '17 at 14:13</Comment>
			<Comment>@A.K. That's a good question and asked in ethereum.stackexchange.com/questions/23369/… – eth♦ Aug 10 '17 at 6:54</Comment>
			<Comment>that question is also not answered – A.K. Aug 11 '17 at 11:06</Comment>
			<Comment>@A.K. It has an answer now and it's to use web3.eth.sendTransaction. The data corresponding to calling createEntity will need to be specified according to the abi. – eth♦ Sep 15 '17 at 4:48</Comment>
		</Answer_Comment>
	</Answers>
	<Answers>
		<AnswerUser>Validity Labs - Sebastian</AnswerUser>
		<AnswerTime>2017-07-11 11:27:39Z</AnswerTime>
		<Accepted>False</Accepted>
		<Content>
Yes, you can use an instance of your Relay contract to call functions of the linked instance of the Access2 contract. I created the following minimal example that you could test in Remix: contract target {
    event something();
    function doSomething() {
        something();
    }
}

contract relay {
    target myTarget;

    function relay() {
        // this will deploy a new target contract, you could also just set its address
        myTarget = new target();
    }

    function relayCall() {
        myTarget.doSomething();
    }
}
 To test this, you can create an instance of relay (which creates an instance of target in its constructor). When you then call relayCall it will call the doSomething function of that target instance. You will correspondingly see the event something being called. Not that it matters but for completeness: there is a small issue in your Access2 contract: function Access2(){
Relay r=new Relay(this);
}
 Here this is the address of the current instance of Access2 (which is not of type Relay). Since you dont call anything on that r object all is fine. But you would most likely into runtime errors when trying to access functions that do not exist (since you assign an Access2 instance to an object of type Relay).
		</Content>
		<Answer_Comment>
			<Comment>I think you got me wrong, Its not about calling functions of other contract, – SwapnilKumbhar Jul 11 '17 at 13:42</Comment>
			<Comment>But that is what you wrote: "how can I access the the method of Access2 via Relay" - if that is not what you meant please rephrase your question. – Validity Labs - Sebastian Jul 11 '17 at 13:59</Comment>
			<Comment>Hi @SwapnilKumbhar Please ask the question that you intended as a new question. This question is still helpful for the community so we can keep this one but make it clearer. Thanks – eth♦ Jul 12 '17 at 4:06</Comment>
			<Comment>@ValidityLabs-Sebastian, Agree!! to avoid this confusion, I posted the code for both the contracts, which are clearly illustrating my question – SwapnilKumbhar Jul 12 '17 at 5:50</Comment>
		</Answer_Comment>
	</Answers>
</Questions>
