<Questions>
	<Address>https://ethereum.stackexchange.com/questions/2988/where-does-the-consumed-ether-gas-go</Address>
	<Title>Where does the consumed ether/gas go?</Title>
	<Labels>mining ether gas gas-price</Labels>
	<AskTime>2016-05-21 01:03:04Z</AskTime>
	<AskUser>eth</AskUser>
	<Ques>
		<Content>
I'm a bit new to ethereum and I'm finding it a bit difficult to understand how gas and Ether relate.
So every call we do to a smart contract costs gas. Where does the gas that the user pay goes to? Does it evaporate, or is it credited to some other account?

		</Content>
		<Ask_Comment>
		</Ask_Comment>
	</Ques>
	<Answers>
		<AnswerUser>null</AnswerUser>
		<AnswerTime>2016-04-14 11:17:41Z</AnswerTime>
		<Accepted>True</Accepted>
		<Content>
Gas is paid for out of the sender's ether balance, at the rate specified by the chosen gas cost. Any unused gas is refunded, and consumed gas is credited to the miner who mined the transaction, again at the rate specified by the gas cost.
		</Content>
		<Answer_Comment>
			<Comment>Fun fact: back in the old days (early 2014) we used to consume gas. Pollution all around! – Jeffrey W. Apr 14 '16 at 11:02</Comment>
			<Comment>Might be worth to mention that gas is paid with ether. – 5chdn Apr 14 '16 at 11:03</Comment>
			<Comment>@5chdn The user isn't asking where gas comes from, though. – Nick Johnson Apr 14 '16 at 11:04</Comment>
		</Answer_Comment>
	</Answers>
	<Answers>
		<AnswerUser>bamos</AnswerUser>
		<AnswerTime>2016-04-14 11:14:18Z</AnswerTime>
		<Accepted>False</Accepted>
		<Content>
Gas consumed x Gas price = transaction fee. The transaction fee is paid to the miner of the block similar to Bitcoin.
		</Content>
		<Answer_Comment>
		</Answer_Comment>
	</Answers>
</Questions>
