<Questions>
	<Address>https://ethereum.stackexchange.com/questions/32003/concat-two-bytes-arrays-with-assembly</Address>
	<Title>Concat two bytes arrays with Assembly</Title>
	<Labels>solidity bytes assembly</Labels>
	<AskTime>2017-11-29 15:38:07Z</AskTime>
	<AskUser>Tomas Gobionis</AskUser>
	<Ques>
		<Content>
Does anyone know how to efficiently concat two bytes arrays with assembly language to save gas costs? Currently I have
#########CODE_START##########
function mergeBytes(bytes param1, bytes param2) returns (bytes) {

    bytes memory merged = new bytes(param1.length + param2.length);

    uint k = 0;
    for (uint i = 0; i < param1.length; i++) {
        merged[k] = param1[i];
        k++;
    }

    for (i = 0; i < param2.length; i++) {
        merged[k] = param2[i];
        k++;
    }
    return merged;
}
#########CODE_END########
Is there a way to avoid for loops here?

		</Content>
		<Ask_Comment>
		</Ask_Comment>
	</Ques>
	<Answers>
	</Answers>
</Questions>
