<Questions>
	<Address>https://ethereum.stackexchange.com/questions/33078/how-can-a-user-buy-tokens-from-the-web</Address>
	<Title>How can a user buy tokens from the Web?</Title>
	<Labels>ether dapp-development ethereum-wallet-dapp</Labels>
	<AskTime>2017-12-12 05:52:56Z</AskTime>
	<AskUser>HoldOffHunger</AskUser>
	<Ques>
		<Content>
I know Token holder can send Token to other user by using Mist Or MyEthereumWallet but How it is possible by any web application?
is there any specific ethereum api's by which we can buy sell token and could check balance for running ICO Sale? Or there will be need of any Dapp developed by truffle framework ?
Kindly help me out it is too confusing for me. Thanks

		</Content>
		<Ask_Comment>
		</Ask_Comment>
	</Ques>
	<Answers>
		<AnswerUser>pabloruiz55</AnswerUser>
		<AnswerTime>2017-12-11 12:00:59Z</AnswerTime>
		<Accepted>True</Accepted>
		<Content>
If you are running your own ICO, you would have to build a Dapp using web3 (with or without Truffle) that acts as a front-end for your token sale. Given that each crowdsale contract is different, you would have to build such interface yourself, depending on what the smart contract looks like, there is no "API".
		</Content>
		<Answer_Comment>
			<Comment>Thanks @pabloruiz One more question . do i need to install the full main node on ethereum on server where Dapp is deployed? – Umar Abbas Dec 11 '17 at 13:15</Comment>
			<Comment>Not necessarily. You can deploy it using Infura – pabloruiz55 Dec 11 '17 at 13:35</Comment>
			<Comment>You don't need anything at all in your server. Is the user, using your Dapp who must have a node or light client. Your Dapp with connect to 127.0.0.1, that means, the user's localhost, his client or node. – Fernando Garcia Dec 11 '17 at 14:50</Comment>
			<Comment>@FernandoGarcia Interesting ! you mean without installing any ethereum node on server we could use it by Meta mask or some thing? – Umar Abbas Dec 12 '17 at 6:55</Comment>
			<Comment>@UmarAbbas If you create the Dapp, you don't need to install anything. Your server could be an apache that just servers your HTML/JS page. Then, most probably you will use web3.js, that connects to localhost. The user will load your website, and connect to localhost (his node), so it is the user who has to install the node or use a light client or something like Metamask. Even more, if you upload your static web page to something like SWARM, you don't even need a server at all – Fernando Garcia Dec 12 '17 at 11:58</Comment>
		</Answer_Comment>
	</Answers>
</Questions>
