<Questions>
	<Address>https://ethereum.stackexchange.com/questions/11606/what-is-the-best-practice-between-setting-a-variable-public-or-using-getters-in</Address>
	<Title>What is the best practice between setting a variable public or using getters in Solidity?</Title>
	<Labels>solidity contract-design access</Labels>
	<AskTime>2017-01-25 10:54:22Z</AskTime>
	<AskUser>5chdn</AskUser>
	<Ques>
		<Content>
From the solidity.readthedocs, a variable declared as public does not need a getter since an automatic accessor function is generated e.g:
#########CODE_START##########
pragma solidity ^0.4.2;

contract C {
    uint public data;
}
#########CODE_END########
The variable data, can also be reached using some getters:
#########CODE_START##########
pragma solidity ^0.4.2;
    contract C {
          uint data;

      function getData() constant returns (uint retData) {
        return data;
      }
}
#########CODE_END########
My question is simple: What is the best practice?

		</Content>
		<Ask_Comment>
			<Comment>Be careful of "best practice" questions: meta.stackexchange.com/questions/142353/… That said, I think this is a reasonable question and the 2 answers right now bring up good points (though they didn't upvote the question). – eth♦ Jan 24 '17 at 3:04</Comment>
		</Ask_Comment>
	</Ques>
	<Answers>
		<AnswerUser>Tjaden Hess</AnswerUser>
		<AnswerTime>2017-01-23 15:51:27Z</AnswerTime>
		<Accepted>True</Accepted>
		<Content>
For simple value types like uint and bytes32, use the public modifier. This is less verbose and often more efficient. If you need to access more complicated types like structs and arrays, it often makes sense to create your own getter to return the data in a format that makes sense for your use case. Essentially, use the public modifier when you can, but don't try to force it to do anything sophisticated.
		</Content>
		<Answer_Comment>
		</Answer_Comment>
	</Answers>
	<Answers>
		<AnswerUser>Xavier Leprêtre B9lab</AnswerUser>
		<AnswerTime>2017-01-23 16:48:27Z</AnswerTime>
		<Accepted>False</Accepted>
		<Content>
Your public and internal fields can still be modified by your child contract. I can think of situations when this may be a problem: if a data change needs to be followed by some action, like an event. if the data should not be modified by mistake by a child contract. If you are in this situation, you should make the field private and create a getter and a setter with access rights of their own. Otherwise, just make it public. Making it internal is not really hiding it because anyone, with minimal effort, has access to the whole data anyway.
		</Content>
		<Answer_Comment>
		</Answer_Comment>
	</Answers>
</Questions>
