<Questions>
	<Address>https://ethereum.stackexchange.com/questions/29028/tokenslot-wallet-process</Address>
	<Title>Tokenslot wallet process</Title>
	<Labels>wallets myetherwallet coinbase shapeshift</Labels>
	<AskTime>2017-10-22 18:54:59Z</AskTime>
	<AskUser>Ramon Sicre</AskUser>
	<Ques>
		<Content>
I am looking to develop a site like tokenlot.com, do you know which APIs they are using? I need to figure out a way of getting the users to send me ETH and to get a notification when the transaction has been completed. like an invoice.
Thank you for the help!

		</Content>
		<Ask_Comment>
		</Ask_Comment>
	</Ques>
	<Answers>
	</Answers>
</Questions>
