<Questions>
	<Address>https://ethereum.stackexchange.com/questions/26324/does-use-of-geth-removedb-zero-my-account-balance</Address>
	<Title>Does use of geth removedb zero my account balance?</Title>
	<Labels>go-ethereum synchronization balances</Labels>
	<AskTime>2017-09-14 09:32:22Z</AskTime>
	<AskUser>JohnAllen</AskUser>
	<Ques>
		<Content>
Geth syncing is stuck for several hours. I want to delete my blockchain using geth removedb. Will this affect my account? Will my balance become zero?

		</Content>
		<Ask_Comment>
			<Comment>The reason this won't delete your account is because your balance, and everyone else's, is stored on each copy of the data that sits on each of the 25,000 nodes across the planet :) – JohnAllen Sep 14 '17 at 3:31</Comment>
		</Ask_Comment>
	</Ques>
	<Answers>
		<AnswerUser>PalanceJacker</AnswerUser>
		<AnswerTime>2017-09-20 04:11:44Z</AnswerTime>
		<Accepted>False</Accepted>
		<Content>
No As long as you control your private keys, your balance will not be affected. You will see your full balance when the syncing is finished. See How do I backup my ether accounts?
		</Content>
		<Answer_Comment>
		</Answer_Comment>
	</Answers>
	<Answers>
		<AnswerUser>null</AnswerUser>
		<AnswerTime>2017-09-28 06:49:59Z</AnswerTime>
		<Accepted>False</Accepted>
		<Content>
I did a geth removedb and synced from scratch. After sync was finished I checked my accounts balance and it was Zero. Before removedb it was ~3000. and at the very end if u mine to nirvana your balance is in nirvana lost in infinite space- and the force is not with u anymore despite i like kurt cobains nirvana
		</Content>
		<Answer_Comment>
		</Answer_Comment>
	</Answers>
</Questions>
