<Questions>
	<Address>https://ethereum.stackexchange.com/questions/3270/mist-0-7-1-on-mac-not-updating-blocks-unable-to-send-ether-how-to-send-ether-g</Address>
	<Title>Mist 0.7.1 on Mac not updating blocks; unable to send Ether. How to send Ether given this problem?</Title>
	<Labels>mist synchronization mac-osx</Labels>
	<AskTime>2016-04-22 14:16:36Z</AskTime>
	<AskUser>tayvano</AskUser>
	<Ques>
		<Content>
Mist downloads new blocks upon a restart, thus is able to receive Ether, but I'm currently unable to send any Ether from any of the wallets in Mist.
I believe the issue is the lack of synchronization while Mist is open, and that my inability to send Ether is a symptom. For example, I've currently had Mist open for 15 minutes and it says "15 minutes since last block"
EDIT: I seem to have bypassed the problem, thus have solved my immediate need (sending Ether), though others may encounter this as well.
What I did was to change the network setting (top menu > Develop > Network) from "Main Network" to "Testnet" and then back to "Main Network". Restarting Mist hasn't fixed anything, but this 'restart of the network connection' seems to have made the difference. Mist is now receiving new blocks in real time.

		</Content>
		<Ask_Comment>
			<Comment>Hi zoidberg, welcome to Ethereum StackExchange. If you have found a solution to your problem, please post the solution as an ANSWER on this thread and then mark it as correct so that future users with the same problem can easily find it. Thank you. – tayvano Apr 22 '16 at 14:14</Comment>
			<Comment>Hi zoldberg, if you solved your own question to a satisfying extent please consider removing the solution part from your question and posting & accepting it as an answer instead. – Joël Apr 22 '16 at 15:49</Comment>
		</Ask_Comment>
	</Ques>
	<Answers>
		<AnswerUser>Community</AnswerUser>
		<AnswerTime>2017-04-13 13:01:02Z</AnswerTime>
		<Accepted>False</Accepted>
		<Content>
This post might help you. It is in response to another question, but explains what is going on under the hood in broad terms. Mist is unlikely not to be syncronising, but unless you look at the processes it won't immediately be obvious what is happening.
		</Content>
		<Answer_Comment>
		</Answer_Comment>
	</Answers>
	<Answers>
		<AnswerUser>tayvano</AnswerUser>
		<AnswerTime>2016-04-28 20:32:41Z</AnswerTime>
		<Accepted>False</Accepted>
		<Content>
Try to start geth on its own /Application/Mist.app/Contents/Framework/node/geth/geth
 Or via command line using geth --fast Then start the Ethereum Wallet app again (aka Mist)
		</Content>
		<Answer_Comment>
		</Answer_Comment>
	</Answers>
</Questions>
