<Questions>
	<Address>https://ethereum.stackexchange.com/questions/18102/encryption-of-keystore-keys-and-cryptographic-library-usage-locations</Address>
	<Title>Encryption of keystore, keys and cryptographic library usage locations</Title>
	<Labels>go-ethereum private-key cryptography encryption keystore</Labels>
	<AskTime>2017-06-16 01:35:09Z</AskTime>
	<AskUser>Brandon</AskUser>
	<Ques>
		<Content>
I understand that another question posted has mentioned that the keystore has aes-128-ctr encryption: What is the strength of Mist wallet encryption?
Key Derivation Function uses scrypt (where the underlying function uses SHA256?), then we have ECDSA for creating private keys. Where does secp256k1 come in?
I don't have a lot of knowledge in the cryptography or which libraries are used for hash/encryption but looking through the source code for the keystore and keys, can anyone explain the steps on how the keys & the keystores are being generated for Ethereum?

		</Content>
		<Ask_Comment>
			<Comment>By keys do you mean wallet addresses, and the secret keys? – Omkar Khair Jun 16 '17 at 6:54</Comment>
			<Comment>I'm looking at understanding how the private, public keys and the wallet are being generated using the different cryptographic libraries. (The documents don't provide much information on these) – Brandon Jun 16 '17 at 6:59</Comment>
			<Comment>Here is a great explanation how addresses are generated ethereum.stackexchange.com/questions/3542/… – Ismael Jun 16 '17 at 7:03</Comment>
			<Comment>ECDSA is used to sign & verify transactions. – Ismael Jun 16 '17 at 7:07</Comment>
			<Comment>Thanks, the link to the other question made it very clear to me :) – Brandon Jun 16 '17 at 13:10</Comment>
		</Ask_Comment>
	</Ques>
	<Answers>
		<AnswerUser>Omkar Khair</AnswerUser>
		<AnswerTime>2017-06-16 07:11:39Z</AnswerTime>
		<Accepted>True</Accepted>
		<Content>
Ethereum and Bitcoin Wallet addresses use ECDSA - Elliptic Curve Digital Signature algorithm (a type of asymmetric key encryption that requires lesser compute than RSA). secp256k1 is the curve definition used by this algorithm. You can generate an address for yourself using the process detailed here. https://kobl.one/blog/create-full-ethereum-keypair-and-address/
		</Content>
		<Answer_Comment>
		</Answer_Comment>
	</Answers>
</Questions>
