<Questions>
	<Address>https://ethereum.stackexchange.com/questions/13438/which-is-the-best-ethereum-solution-for-small-day-today-transaction-like-a-asse</Address>
	<Title>Which is the best Ethereum solution for small day today transaction? Like a asset exchange for $1-2</Title>
	<Labels>go-ethereum ether ethereum-wallet-dapp ethereum-classic</Labels>
	<AskTime>2017-03-23 09:51:23Z</AskTime>
	<AskUser>Dinesh Rivankar</AskUser>
	<Ques>
		<Content>
Building a portal where customer can rent out asset for the cost of $1-2. Is there any platform with low transaction cost but still make all the entries in the ledger?

		</Content>
		<Ask_Comment>
			<Comment>There's a state-channel approach called Raiden that will allow very low-cost payment channels. It's not finished, but looks promising – Tjaden Hess♦ Mar 23 '17 at 12:43</Comment>
		</Ask_Comment>
	</Ques>
	<Answers>
		<AnswerUser>Validity Labs - Sebastian</AnswerUser>
		<AnswerTime>2017-03-23 12:15:09Z</AnswerTime>
		<Accepted>False</Accepted>
		<Content>
Typical Ethereum transactions invoking a low complexity smart contract function call cost a few cent. That is a few percent of your overall asset rental fee of $1-2 if I understand correctly. Depending on the business case and the margins that you are planning to make, it could thus work out to run it on the public Ethereum blockchain. Alternatively maybe you dont need a public chain, you could have a private Ethereum chain and get it basically for free (except for running the network yourself) or alternatively go for another blockchain solution such as eris:db (by Monax) which can run the same Solidity contracts as you would run on the Ethereum chain. Maybe you could for a private setting also consider Hyperledger fabric, they are supposedly reaching a release for production end of this month.
		</Content>
		<Answer_Comment>
			<Comment>thanks for the response. We would like to minimize the infrastructure cost in-terms of network setup.Due to this we have not opted for Hyperledger and private Ethereum. Is there any other solution available? – Dinesh Rivankar Mar 23 '17 at 12:27</Comment>
			<Comment>The up-side of using the public Ethereum net is that you have >5k nodes running your network and you virtually dont have to bother about the acquaintance of this thing. That's what you pay for with the few cent tx cost that I mentioned. – Validity Labs - Sebastian Mar 23 '17 at 12:40</Comment>
		</Answer_Comment>
	</Answers>
</Questions>
