<Questions>
	<Address>https://ethereum.stackexchange.com/questions/14021/how-to-use-a-contract-deployed-by-my-friend-on-my-private-blockchain</Address>
	<Title>How to use a contract deployed by my friend on my private blockchain?</Title>
	<Labels>go-ethereum blockchain mining contract-deployment</Labels>
	<AskTime>2017-04-07 09:35:27Z</AskTime>
	<AskUser>Mikko Ohtamaa</AskUser>
	<Ques>
		<Content>
My friend and I are using geth and have the same private blockchain. He has deployed a contract and is able to invoke its functions after mining it.
Is it possible for me to call his contract functions without having to deploy the contract by myself?
Also what is the significance of mining for deploying a contract?

		</Content>
		<Ask_Comment>
		</Ask_Comment>
	</Ques>
	<Answers>
		<AnswerUser>Mikko Ohtamaa</AnswerUser>
		<AnswerTime>2017-04-07 09:35:12Z</AnswerTime>
		<Accepted>False</Accepted>
		<Content>
Mining the contract deployment transactions puts contract code and initial data in blockchain. After this is done the contract available to all Ethereum nodes. When the deployment transaction is done, you can access the contract by its address. Sharing the contract address and ABI definitions to your friends allows them to query and transact with the contract.
		</Content>
		<Answer_Comment>
		</Answer_Comment>
	</Answers>
	<Answers>
		<AnswerUser>null</AnswerUser>
		<AnswerTime>2017-04-07 10:50:59Z</AnswerTime>
		<Accepted>False</Accepted>
		<Content>
After the deployment, a contract goes to the blockchain. As you and your friend are sharing same network, the data inside the blockchain will also be replicated at you end. So yes, you can also access the functions of that contract. You can access the contract functions in the same way your friend does (by creating the instance as:- var obj = web3.eth.contract(ContractAbi).at(contractAddress)) Mining is used to validate and include a transaction in the block. Once the block is confirmed, transaction will be validated and replicated by all nodes. For more on mining : http://ethdocs.org/en/latest/mining.html
		</Content>
		<Answer_Comment>
		</Answer_Comment>
	</Answers>
</Questions>
