<Questions>
	<Address>https://ethereum.stackexchange.com/questions/21086/problems-getting-ether-on-testnet</Address>
	<Title>Problems getting ether on testnet?</Title>
	<Labels>mining</Labels>
	<AskTime>2017-07-12 16:31:28Z</AskTime>
	<AskUser>Erneko</AskUser>
	<Ques>
		<Content>
I have just install Ethereum today so im a complete newbee to Ethereum and doing some research. I have installed the Ethereum Wallet app and synchronized the testnet.
However, to deploy my first contract in testnet, it requires some Ether, so can someone guide how to get that? In Ethereum-Wallet, there is an option for CPU mining in the Develop menu. I try to use it to mine ethers (and win ethers) bt dosent work. It dont swich on. Someone knows how can i resolve it.

		</Content>
		<Ask_Comment>
			<Comment>Hi there. Your question could be interpreted in two ways: a) You'd just like some testnet ether, b) you'd like to know why you're failing to mine :-) If you'd like an answer to part b), then we'll need some more information. What do you mean when you say it doesn't switch on? – Richard Horrocks Jul 12 '17 at 16:49</Comment>
			<Comment>I want to mine to interact with the platform, I need some ether on the tesnet to start doing contracts... But when i click on minning the platform dosen't start running. I dont know why? You know? There are other metods to get some ether on the tesnet – Erneko Jul 13 '17 at 6:30</Comment>
		</Ask_Comment>
	</Ques>
	<Answers>
		<AnswerUser>thefett</AnswerUser>
		<AnswerTime>2017-07-12 16:56:41Z</AnswerTime>
		<Accepted>True</Accepted>
		<Content>
Here's a link that's been working for me: https://www.reddit.com/r/ethdev/comments/61zdn8/if_you_need_some_ropsten_testnet_ethers/ Also the faucet works sometimes (can be slow): http://faucet.ropsten.be:3001/ But also look at the TestRPC for running everything locally. It can be really helpful when you just want to play around with some code. Also, if you just want to test out your code (and don't care about having the wallet app installed), you can use the remix browser https://ethereum.github.io/browser-solidity/#version=soljson-v0.4.13+commit.fb4cb1a.js
		</Content>
		<Answer_Comment>
			<Comment>ty, but my first option is try to run the minning button. – Erneko Jul 12 '17 at 17:41</Comment>
		</Answer_Comment>
	</Answers>
</Questions>
