<Questions>
	<Address>https://ethereum.stackexchange.com/questions/24007/why-does-this-modifier-require-an-lvalue</Address>
	<Title>Why does this modifier require an lvalue?</Title>
	<Labels>go-ethereum contract-development tokens</Labels>
	<AskTime>2017-08-09 17:25:52Z</AskTime>
	<AskUser>rudar_man</AskUser>
	<Ques>
		<Content>
I copied this code from the Ethereum website and changed the outdated code that the compiler would not accept. However, previously I had no trouble with this modifier (show in the picture) as it now requires me to make the expression an lvalue.
https://i.stack.imgur.com/rctob.png

		</Content>
		<Ask_Comment>
		</Ask_Comment>
	</Ques>
	<Answers>
		<AnswerUser>Thomas Jay Rush</AnswerUser>
		<AnswerTime>2017-08-09 20:10:58Z</AnswerTime>
		<Accepted>False</Accepted>
		<Content>
You're doing an assignment, not a comparison. You need == for the comparison, not =. require(msg.sender == owner);
		</Content>
		<Answer_Comment>
		</Answer_Comment>
	</Answers>
</Questions>
