<Questions>
	<Address>https://ethereum.stackexchange.com/questions/17312/solidity-can-you-return-dynamic-arrays-in-a-function</Address>
	<Title>Solidity: Can you return dynamic arrays in a function?</Title>
	<Labels>solidity arrays</Labels>
	<AskTime>2017-06-06 12:32:38Z</AskTime>
	<AskUser>null</AskUser>
	<Ques>
		<Content>
I know I can return dynamic byte arrays in Solidity, such as in the following code:
#########CODE_START##########
function createMemoryArray(uint size) returns (bytes) {
    // Dynamic memory arrays are created using `new`:
    uint[2][] memory arrayOfPairs = new uint[2][](size);
    // Create a dynamic byte array:
    bytes memory b = new bytes(200);
    for (uint i = 0; i < b.length; i++)
        b[i] = byte(i);
    return b;
}
#########CODE_END########
But is there a way to return something like a dynamic array of strings? I feel like this is just an implementation detail in Solidity, but it would be great if it just serialized everything nicely for me.

		</Content>
		<Ask_Comment>
		</Ask_Comment>
	</Ques>
	<Answers>
		<AnswerUser>Crema</AnswerUser>
		<AnswerTime>2017-06-06 13:30:13Z</AnswerTime>
		<Accepted>True</Accepted>
		<Content>
Is it possible to return an array of strings ( string[] ) from a Solidity function? Not yet, as this requires two levels of dynamic arrays (string is a dynamic array itself). Doc However you can return an Array of Bytes32 ( fixed size of 32 byte) So you can try to do something like this ( you can copy paste on Remix to test it ) pragma solidity ^0.4.11;
contract ArrayOfBytes32 {
    address creator;
    bytes32[10] bytesArray; // size must be fixed

    function ArrayRR() 
    {
        creator = msg.sender;
        uint8 x = 0;
        while(x < bytesArray.length)
        {
            bytesArray[x] = "myString"; 
            x++;
        }
    }

    function getArray() constant returns (bytes32[10])
    {
        return bytesArray;
    }

    function getValue(uint8 x) constant returns (bytes32)
    {
        return bytesArray[x];
    }
}
 Note that you will have to use web3.toAcsii() doc to convert the result if you use web3 to interact with your contract
		</Content>
		<Answer_Comment>
			<Comment>Huh, I never would've thought to check the doc FAQs. Nice find and interesting solution! – user9402 Jun 6 '17 at 13:35</Comment>
			<Comment>Why I can't return a dynamic array of of bytes32 (bytes32[])? – Robert Zaremba Aug 21 '17 at 14:41</Comment>
			<Comment>You can return a dynamic array of of bytes32 (bytes32[]). What you can't is returning an object which combines two levels of dynamic arrays. – Robert Zaremba Aug 21 '17 at 18:02</Comment>
		</Answer_Comment>
	</Answers>
</Questions>
