<Questions>
	<Address>https://ethereum.stackexchange.com/questions/9048/cant-send-eth-out-from-wallet-contract</Address>
	<Title>Can't send ETH out from Wallet Contract</Title>
	<Labels>mist wallets accounts</Labels>
	<AskTime>2016-10-10 02:56:05Z</AskTime>
	<AskUser>null</AskUser>
	<Ques>
		<Content>
OS Win7. Node: Parity 1.3.3 Client: Ethereum wallet & Mist (on 2 different PC's)
Contract owner account is fully funded with >5 ETH (well enough to cover tx fees/ gas) *wallet contract contains >1 ETH fwiw.
I have never had this problem before, but after switching to parity (due to DOS attacks) I decided to place a few transactions to test that everything worked properly.
First I sent a small amount of ETH from account1 to account2, works fine.
Then I sent a small amount from account1 to my wallet contract, works fine.
Finally, I attempted (multiple times) to send from the wallet contract back to account1 and also tried sending to account2. Ethereum Wallet shows transaction as confirmed and show "-1.18 ETHER" in transaction history for a short time, but then disappears from history, (in mist, the transaction is still visible) But the receiving account and wallet contract's balances show no change.
Screenshots below show gas consumed but show value transferred as "0". I have tried several times from 2 different pc's and have burned gas after gas but can't move the ether out of the contract.
Viewing the contract address on etherscan shows the multiple transactions that I have tried, but the value of each transaction is "0 Ether". ETH balance is >1.
Just to test the function I also wrote to contract add owner and was successful in adding a 2nd owner to the contract. The contract was created using ethererum wallet Add wallet contract - (Single owner account) option.
Any help would greatly be appreciated.
EDIT: I used the Kill function to remove the ether from the contract. Unfortunately, the contract is now useless (as it has no owners). I tried to make a new contract, but got an error that it exceeds block gas limit (estimated 2 Million gas, 3 million maximum.)



		</Content>
		<Ask_Comment>
			<Comment>There might be no problem at all. Do the transactions that show on etherscan have an error icon? If they are executed properly, the contract might have just worked. Your transactions have 0 as value, but check the internal transactions of the contract. You should see contract -> account Ether transfer there. – jeff Mar 1 '17 at 23:36</Comment>
			<Comment>This sounds exactly like you ran out of gas and the transaction was rolled back. However, I hesitate to provide that as an answer because you didn't provide the transaction hash to inspect. Fees are still paid to the miner even if the transaction can not be completed. – Mike Shultz May 31 '17 at 1:55</Comment>
			<Comment>Possible duplicate ethereum.stackexchange.com/questions/1206/… – Kishore Dec 1 '17 at 4:37</Comment>
		</Ask_Comment>
	</Ques>
	<Answers>
	</Answers>
</Questions>
