<Questions>
	<Address>https://ethereum.stackexchange.com/questions/15462/new-account-creation-and-deploying-to-node</Address>
	<Title>New account creation and deploying to node</Title>
	<Labels>light-clients eth-lightwallet</Labels>
	<AskTime>2017-04-24 09:50:23Z</AskTime>
	<AskUser>niksmac</AskUser>
	<Ques>
		<Content>
I am developing lightwallet and trying to create new address (account) on custom node. Already tried to use eth-lightwallet and ethereumjs-accounts. I don't understand how to deploy new account to node. I created accounts, but it stored in browser only.
#########CODE_START##########
$("new").onclick = function() {
                console.log($("new_passphrase").value);

                var newAccount = Accounts.new($("new_passphrase").value);
                $("new_result").innerHTML = JSON.stringify(newAccount, null, 2);
            };
#########CODE_END########
Also I need to send coins from one address to another. Can you give some exaples how to add account to done and synchronise browser accounts with node accounts?

		</Content>
		<Ask_Comment>
		</Ask_Comment>
	</Ques>
	<Answers>
		<AnswerUser>null</AnswerUser>
		<AnswerTime>2017-04-27 17:35:45Z</AnswerTime>
		<Accepted>True</Accepted>
		<Content>
From the network's perspective, it's actually not a CREATE process but rather a RECLAIM process: all the accounts are already there, on creating the account from eth-lightwallet, you got the private key to access the address derived from that key.
		</Content>
		<Answer_Comment>
			<Comment>I understood, thanks. – Baga Apr 27 '17 at 17:35</Comment>
		</Answer_Comment>
	</Answers>
</Questions>
