<Questions>
	<Address>https://ethereum.stackexchange.com/questions/13370/relatively-complex-computations-on-private-chain</Address>
	<Title>(Relatively) complex computations on private chain?</Title>
	<Labels>contract-development private-blockchain gas gas-limit</Labels>
	<AskTime>2017-03-21 18:45:04Z</AskTime>
	<AskUser>eth</AskUser>
	<Ques>
		<Content>
Is there any way to get rid of gas limitations (or significantly increase them) to be able to do more or less useful stuff in smart contracts (such as RSA signature verification, defining advanced data structures, etc)?

		</Content>
		<Ask_Comment>
			<Comment>Related: ethereum.stackexchange.com/questions/1953/… – eth♦ Mar 21 '17 at 18:44</Comment>
		</Ask_Comment>
	</Ques>
	<Answers>
		<AnswerUser>Giuseppe Bertone</AnswerUser>
		<AnswerTime>2017-03-21 18:23:26Z</AnswerTime>
		<Accepted>False</Accepted>
		<Content>
Gas limit is set for the first time in the genesis block and since then it is increased or decreased by miners. From official documentation, Design Rationale - Gas & Fees: Currently, due to a lack of clear information about how miners will behave in reality, we are going with a fairly simple approach: a voting system. Miners have the right to set the gas limit for the current block to be within ~0.0975% (1/1024) of the gas limit of the last block, and so the resulting gas limit should be the median of miners' preferences. The hope is that in the future we will be able to soft-fork this into a more precise algorithm. Please note this does not mean you can do complex things on the EVM, but just more things on the EVM in a single transaction or block. And no, you can't verify an RSA signature inside a smart contract.
		</Content>
		<Answer_Comment>
		</Answer_Comment>
	</Answers>
</Questions>
