<Questions>
	<Address>https://ethereum.stackexchange.com/questions/20795/can-i-set-the-gas-price-in-mist-to-whatever-i-want</Address>
	<Title>Can I set the gas price in Mist to whatever I want?</Title>
	<Labels>mist</Labels>
	<AskTime>2017-07-09 06:50:24Z</AskTime>
	<AskUser>Steve</AskUser>
	<Ques>
		<Content>
The lowest I can slide the knob in Mist to the left is at around 7 Gwei. Currently miners have no problem mining 1 Gwei transactions in a matter of minutes. How do I lower the gas price in Mist to say 1 Gwei?

		</Content>
		<Ask_Comment>
		</Ask_Comment>
	</Ques>
	<Answers>
	</Answers>
</Questions>
