<Questions>
	<Address>https://ethereum.stackexchange.com/questions/23968/web3js-nodejs-error-eth-sendtransaction-invalid-address</Address>
	<Title>web3js/nodejs error: eth.sendTransaction invalid address</Title>
	<Labels>web3js</Labels>
	<AskTime>2017-08-09 09:18:31Z</AskTime>
	<AskUser>Dhanesh</AskUser>
	<Ques>
		<Content>
I want to invoke a send transaction from my nodejs code using web3js api. But I'm getting error at eth.sendTransaction step: invalid address. I have added default account assignment after looking at some other posts. But still the same error. Any clue?
#########CODE_START##########
bcConn.eth.defaultAccount = bcConn.eth.accounts[0];
var defaultFlag = bcConn.personal.unlockAccount(bcConn.eth.accounts[0], '***whatever***', 15000);
if (defaultFlag) {

    var unlockFlag = bcConn.personal.unlockAccount(fromAddress, passphrase, 15000);
    if (unlockFlag) {

        **bcConn.eth.sendTransaction(fromAddress, toAddress, passphrase, sendAmount, function (err, result)** {
            if (err) return next(err, null);
            return next(null, result);
        });
    } else {
        console.log('DAO unlock error: ' +err);
        return next(err, null);        
    }
}
#########CODE_END########

		</Content>
		<Ask_Comment>
		</Ask_Comment>
	</Ques>
	<Answers>
		<AnswerUser>BinGoBinBin</AnswerUser>
		<AnswerTime>2017-08-09 09:30:27Z</AnswerTime>
		<Accepted>True</Accepted>
		<Content>
Because sendTransaction method has only a json param, so i modified it, as follows: bcConn.eth.defaultAccount = bcConn.eth.accounts[0];
var defaultFlag = bcConn.personal.unlockAccount(bcConn.eth.accounts[0], '***whatever***', 15000);
if (defaultFlag) {

    var unlockFlag = bcConn.personal.unlockAccount(fromAddress, passphrase, 15000);
    if (unlockFlag) {

        **bcConn.eth.sendTransaction({from:fromAddress,to:toAddress,value:sendAmount}, function (err, result)** {
            if (err) return next(err, null);
            return next(null, result);
        });
    } else {
        console.log('DAO unlock error: ' +err);
        return next(err, null);        
    }
}
 Hope it works~
		</Content>
		<Answer_Comment>
		</Answer_Comment>
	</Answers>
	<Answers>
		<AnswerUser>benjaminion</AnswerUser>
		<AnswerTime>2017-08-09 09:37:06Z</AnswerTime>
		<Accepted>False</Accepted>
		<Content>
You should be specifying an object rather than a list of arguments to sendTransaction: bcConn.eth.sendTransaction({from:fromAddress, to:toAddress, value:sendAmount}, function (err, result){...})
 Note that I've removed passphrase here - it's not needed.
		</Content>
		<Answer_Comment>
		</Answer_Comment>
	</Answers>
</Questions>
