<Questions>
	<Address>https://ethereum.stackexchange.com/questions/30697/distributing-tokens-to-1000-addresses</Address>
	<Title>Distributing tokens to 1000 addresses [duplicate]</Title>
	<Labels>mist</Labels>
	<AskTime>2017-11-14 13:04:58Z</AskTime>
	<AskUser>Barry Flood</AskUser>
	<Ques>
		<Content>
This question already has an answer here: Sending tokens to multiple addresses 2 answers How to airdrop tokens to multiple addresses in one transaction 2 answers
I have to create a contract to distribute 1000 tokens to 1000 addresses (1 token each). I have no idea how to do this. Can someone please advise?
I know I must create a contract, but what code should I use? Is it possible to specify a gas limit for each transaction?
Also, what parameters do I need to configure for this to work when actually sending?
Apologies for my greenness

		</Content>
		<Ask_Comment>
		</Ask_Comment>
	</Ques>
	<Answers>
		<AnswerUser>pabloruiz55</AnswerUser>
		<AnswerTime>2017-11-14 13:57:47Z</AnswerTime>
		<Accepted>False</Accepted>
		<Content>
you are almost asking someone to write the contract for you. You should post what code you have tried so far, what errors you are getting and ask for some particular pointers. Nevertheless, here's some code that should get you on the right track. I'm assuming you are the owner of these tokens. Notice that the only way for this contract to transfer the tokens is for it to use the transferFrom function from the ERC20 tokens. That means that before using the code below you will have to call the approve function from your account in order to allow this contract to use your tokens. pragma solidity ^0.4.18;

contract ERC20 {
    function transferFrom(address _from, address _to, uint _value) returns (bool success);
}

contract TokenAirdrop {

    function sendTokens(address[] beneficiaries) public {
        ERC20 token = ERC20(OXO...); //Token address
        for (uint8 i = 0; i< beneficiaries.length; i++){
            address beneficiary = beneficiaries[i];
            token.transferFrom(OWNER_OF_TOKENS, beneficiary, 1);
        }

    }
}
		</Content>
		<Answer_Comment>
			<Comment>Agree! your snipped is working! – vishwa ratna Nov 14 '17 at 14:21</Comment>
			<Comment>Thank you for this. I;ve reokaced OXO... with the original token address, it gave me an error for 0.4.18 so I changed to 0.4.16 but now its telling me: Undeclared identifier. token.transferFrom(OWNER_OF_TOKENS, beneficiary, 1); ^-------------^ for this line token.transferFrom(OWNER_OF_TOKENS, beneficiary, 1); – Barry Flood Nov 14 '17 at 17:22</Comment>
			<Comment>OWNER_OF_TOKENS should be replaced by the address who owns the tokens and previously approved the token transfer by setting the allowance – pabloruiz55 Nov 14 '17 at 19:45</Comment>
			<Comment>when i deploy this contract by address owner token contract , how can i send tokens to joined airdrop once time? – TahaBA Nov 14 '17 at 22:49</Comment>
		</Answer_Comment>
	</Answers>
	<Answers>
		<AnswerUser>vishwa ratna</AnswerUser>
		<AnswerTime>2017-11-14 14:20:56Z</AnswerTime>
		<Accepted>False</Accepted>
		<Content>
Make a array with size 100 and allow the contract to send the Tokens to each address when triggered. You can take a look at the ready and implemented contract Here : https://github.com/KyberNetwork/airdrop/blob/master/contracts/KyberAirDrop.sol
		</Content>
		<Answer_Comment>
			<Comment>do you can explain this code and where is the way to add airdrop addresses – TahaBA Nov 15 '17 at 0:36</Comment>
		</Answer_Comment>
	</Answers>
</Questions>
