<Questions>
	<Address>https://ethereum.stackexchange.com/questions/9209/can-bytes-take-in-value-as-a-hex</Address>
	<Title>Can “bytes” take in value as a hex?</Title>
	<Labels>remix</Labels>
	<AskTime>2016-10-25 01:02:32Z</AskTime>
	<AskUser>jrbedard</AskUser>
	<Ques>
		<Content>
While trying to upload a public key on Ethereum, I have faced a problem.
Given the following code in Solidity browser, it seems that I can only insert string values (using the browser compiler). For example, when I "create" and "set" values as "0x1234", it outputs:
"0x000000000000000000000000000000000000000000000000000000000000002000000000000000000000000000000000000000000000000000000000000000063078313233340000000000000000000000000000000000000000000000000000"
What I want was something like "0x1234" but instead of that it interprets as a string. The work around is use bytesN where N is actual number of bytes. But then it becomes a static. Could anyone help?
#########CODE_START##########
contract SimpleStorage {
    bytes storedData;
    function set(bytes x) {
        storedData = x;
    }
    function get() constant returns (bytes retVal) {
        return storedData;
    }
}
#########CODE_END########
Yes, instead of the above code, I can do as the following where I set bytes to bytes2. Then I can put "0x12", which would output "0x12". But Can I do it without being static?
#########CODE_START##########
contract SimpleStorage
{
    bytes2 storedData;
    function set(bytes2 x) {
        storedData = x;
    }
    function get() constant returns (bytes2 retVal) {
        return storedData;
    }
}
#########CODE_END########

		</Content>
		<Ask_Comment>
		</Ask_Comment>
	</Ques>
	<Answers>
		<AnswerUser>Badr Bellaj</AnswerUser>
		<AnswerTime>2016-10-12 10:03:53Z</AnswerTime>
		<Accepted>False</Accepted>
		<Content>
try to use uint instead : contract Ballot {
 uint public  key = 0x123A1; // A hex constant

}
 you will get : "0x00000000000000000000000000000000000000000000000000000000000123a1"
		</Content>
		<Answer_Comment>
			<Comment>Thanks! but the reason I wanted to use bytes was 1) dynamic 2)more intuitive to use bytes instead of int. – Phillip Oct 13 '16 at 0:23</Comment>
			<Comment>In that case, browser compiler has a limitation that I can express hex in bytesN while I cannot express hex in bytes? – Phillip Oct 13 '16 at 0:24</Comment>
		</Answer_Comment>
	</Answers>
	<Answers>
		<AnswerUser>Xavier Leprêtre B9lab</AnswerUser>
		<AnswerTime>2016-10-12 10:46:52Z</AnswerTime>
		<Accepted>False</Accepted>
		<Content>
To create a binary out of your hex string, use web3.toAscii(); and to convert back to hex, use web3.toHex(). Like so: 
// In Javascript
var txHash = simple.set(web3.toAscii("0x1234"), { from: account });
// And to retrieve
var returned = simple.get().toHex();
		</Content>
		<Answer_Comment>
			<Comment>Thanks! but the reason I wanted to use bytes was 1) dynamic 2)more intuitive to use bytes instead of int. – Phillip Oct 13 '16 at 0:25</Comment>
			<Comment>In that case, browser compiler has a limitation that I can express hex in bytesN while I cannot express hex in bytes? – Phillip Oct 13 '16 at 0:25</Comment>
			<Comment>I do not understand why you mention int. – Xavier Leprêtre B9lab Oct 13 '16 at 12:23</Comment>
		</Answer_Comment>
	</Answers>
</Questions>
