<Questions>
	<Address>https://ethereum.stackexchange.com/questions/25454/in-parity-what-is-the-equivalent-rpc-call-to-geths-txpool-content</Address>
	<Title>In Parity, what is the equivalent RPC call to geth's txpool_content?</Title>
	<Labels>parity pending-transactions txpool</Labels>
	<AskTime>2017-08-29 21:07:00Z</AskTime>
	<AskUser>carver</AskUser>
	<Ques>
		<Content>
There are several useful txpool queries in geth: txpool_content, txpool_inspect and txpool_status. Since these are not part of the general standard, Parity likely has some other name for the same mechanism.
Ideally, I would get a list of transaction details or hashes that are pending for a supplied account. Although, geth doesn't have an option to filter the results by account, as far as I can tell.

		</Content>
		<Ask_Comment>
		</Ask_Comment>
	</Ques>
	<Answers>
		<AnswerUser>carver</AnswerUser>
		<AnswerTime>2017-08-29 21:07:00Z</AnswerTime>
		<Accepted>False</Accepted>
		<Content>
The closest I was able to find is parity_pendingtransactions and parity_pendingtransactionsstats. parity_pendingtransactions is very similar to geth's txpool_content, and gets the job done. If there is a different call that does the same thing, but filters by account, then that answer would be the better one.
		</Content>
		<Answer_Comment>
		</Answer_Comment>
	</Answers>
</Questions>
