<Questions>
	<Address>https://ethereum.stackexchange.com/questions/17278/can-i-make-a-contract-a-keyholder-to-a-multisig-wallet</Address>
	<Title>Can I Make A Contract A Keyholder to a Multisig Wallet?</Title>
	<Labels>wallets</Labels>
	<AskTime>2017-06-05 23:13:47Z</AskTime>
	<AskUser>Jeffrey Liang</AskUser>
	<Ques>
		<Content>
As the title says, I want to make a smart contract one of the keyholders to a multisig wallet so that transactions from the wallet can be approved if they meet certain conditions. I think this should be possible but I'm not sure which method of the basic multisig wallet my contract should be calling. Also how can my contract know when it's appropriate to call the method or does the multisig wallet itself actually call the individual keyholders' accounts and I just need to specify a response?

		</Content>
		<Ask_Comment>
		</Ask_Comment>
	</Ques>
	<Answers>
		<AnswerUser>Omkar Khair</AnswerUser>
		<AnswerTime>2017-06-06 18:09:42Z</AnswerTime>
		<Accepted>False</Accepted>
		<Content>
If I understand your use case correctly, you wish to make a contract authorize some transaction by participating in a multisig wallet. If this transaction is on the blockchain, this feature is inherent to Ethereum. You can setup a transaction contract that will not only seek approval of users, but also other participant contracts. These participant contracts can be programmed in Solidity to approve an instance of said transaction contract after satisfying certain conditions. I hope that answers your question.
		</Content>
		<Answer_Comment>
		</Answer_Comment>
	</Answers>
	<Answers>
		<AnswerUser>Thomas Jay Rush</AnswerUser>
		<AnswerTime>2017-06-06 19:22:26Z</AnswerTime>
		<Accepted>False</Accepted>
		<Content>
In answer to your second question, a contract can not initiate a transaction, therefore, it will never be able to "know when it's appropriate" to do anything. The contract must be prompted by a transaction sent from an external account (a regular user account) or some sort of Oracle such as Oraclize.it. Also, just to note, if the contract is able to sign transactions, this means that its private key must be stored openly on the blockchain (or the key is sent to the contract each time it needs to sign something). In either case, everyone will be able to see the private key, and therefore anyone will be able to sign transactions from that account. It's not clear in your question that you recognize this.
		</Content>
		<Answer_Comment>
			<Comment>Ah okay. But could the contract only have to approve the transaction, not actually sign it? – Jeffrey Liang Jun 6 '17 at 22:09</Comment>
			<Comment>Couldn't you just modify the multi-sig to respond properly to the conditions you mention in the original post? Why create a second contract? Why not just build the conditions into the multi-sig itself? Sorry--I'm just a little bit confused. – Thomas Jay Rush Jun 6 '17 at 22:18</Comment>
		</Answer_Comment>
	</Answers>
	<Answers>
		<AnswerUser>k06a</AnswerUser>
		<AnswerTime>2017-11-10 10:44:33Z</AnswerTime>
		<Accepted>False</Accepted>
		<Content>
Yesterday I shipped universal Solidity smart contract for multi-signature: https://github.com/bitclave/Multiownable Using it yesterday you will be able easily add multi-signatire functionality to any smart contract method. Just subclass from Multiownable contract and add onlyManyOwners modifier to methods you want to protect. This is an example of simplest multisig wallet you may imagine: contract SimplestMultiWallet is Multiownable {
    function transferTo(address to, uint256 amount) onlyManyOwners {
        to.transfer(amount);
    }
}
 Technically you will be able to transferOwnership to array of wallets and methods marked with onlyManyOwners modifier will be executed only when latest of the owners will call this method with the same arguments as all other owners.
		</Content>
		<Answer_Comment>
		</Answer_Comment>
	</Answers>
</Questions>
