<Questions>
	<Address>https://ethereum.stackexchange.com/questions/4228/sending-ether-from-an-account-in-node1-to-another-an-account-in-node2-both-node</Address>
	<Title>Sending Ether from an account in Node1 to another an account in Node2, both nodes are running in Same network</Title>
	<Labels>ether nodes</Labels>
	<AskTime>2016-07-13 07:20:12Z</AskTime>
	<AskUser>null</AskUser>
	<Ques>
		<Content>
[RESOLVED]I am trying to send ether from Account1 in Node1 to Account1 in Node2, both Node1 and Node2 are running under same network ID. I am able to send ether between accounts in same node but not between different accounts in different nodes. Error is "No key for given address or file".

		</Content>
		<Ask_Comment>
			<Comment>Perhaps your nodes aren't communicating? Accounts aren't 'hosted' on any one node, so the only reason you'd see this is if your nodes are partitioned. – Nick Johnson May 23 '16 at 13:38</Comment>
			<Comment>I am able to admin.addPeer(nodeUrl) and I could see that net.peerCount is 1 on both nodes which are under same networkID. – Vny Kumar May 24 '16 at 6:45</Comment>
			<Comment>are you mining? – Roland Kofler Jul 12 '16 at 11:41</Comment>
			<Comment>Can you ping from one node to the other? If either node is using a firewall, are you forwarding ports TCP/UDP 30303? – Richard Horrocks Jul 12 '16 at 12:47</Comment>
		</Ask_Comment>
	</Ques>
	<Answers>
		<AnswerUser>Ross Perkins</AnswerUser>
		<AnswerTime>2016-07-13 03:16:19Z</AnswerTime>
		<Accepted>True</Accepted>
		<Content>
Since you are running 2 different nodes and it works on 1 node but not on the other, I'm guessing that you don't have a miner running. Make sure you are mining on that network, otherwise the nodes won't be able to verify transactions with each other. On the production network other people are mining for you, but on your own test network you have to supply your own mining cycles.
		</Content>
		<Answer_Comment>
		</Answer_Comment>
	</Answers>
	<Answers>
		<AnswerUser>Roland Kofler</AnswerUser>
		<AnswerTime>2016-07-13 07:13:36Z</AnswerTime>
		<Accepted>False</Accepted>
		<Content>
As I suggested in my comment to the question you must mine. Note that not every node has to mine but at least one of the nodes must. The passive nodes will simply sync the newly mined blocks.
		</Content>
		<Answer_Comment>
			<Comment>Since I gave the right solution before anybody else I hope to get the reward :-) – Roland Kofler Jul 13 '16 at 7:14</Comment>
		</Answer_Comment>
	</Answers>
</Questions>
