<Questions>
	<Address>https://ethereum.stackexchange.com/questions/8962/how-to-speed-up-transaction-confirmation-time</Address>
	<Title>How to speed up transaction confirmation time?</Title>
	<Labels>transactions blocks block-interval</Labels>
	<AskTime>2016-10-01 21:10:17Z</AskTime>
	<AskUser>ThePiachu</AskUser>
	<Ques>
		<Content>
I recently ran some tests on one of my testnet nodes and found out that my average transaction takes between 30 seconds to 2 minutes to confirm, despite the block times being at around 15 seconds. I wonder what would be the be the best way to speed up transaction confirmation time to make sure they get into a block faster. Connect directly to miners, some relay services, etc?

		</Content>
		<Ask_Comment>
		</Ask_Comment>
	</Ques>
	<Answers>
		<AnswerUser>Mikko Ohtamaa</AnswerUser>
		<AnswerTime>2016-10-01 22:39:45Z</AnswerTime>
		<Accepted>False</Accepted>
		<Content>
Miners pick up transactions by their gas cost. You can set gas price (not maximum gas limit) for your transaction. Take the default gas price value and multiple it with 2x - 3x for urgent transactions. https://ethereum.gitbooks.io/frontier-guide/content/costs.html https://github.com/ethereum/wiki/wiki/JavaScript-API#web3ethgasprice https://github.com/ethereum/wiki/wiki/JavaScript-API#web3ethsendtransaction Ps. Currently Ethereum is receiving "transaction spam". Somebody is burning money to useless transactions to slow down the network. However even in its slowed down form Ethereum network is quite fast compared to other cryptocurrency networks. This issue will be resolved in long term: https://www.reddit.com/r/ethereum/comments/55cm1d/a_new_attack_in_progress/d89fxjq
		</Content>
		<Answer_Comment>
		</Answer_Comment>
	</Answers>
</Questions>
