<Questions>
	<Address>https://ethereum.stackexchange.com/questions/11923/how-to-access-contract-events-through-rpc</Address>
	<Title>How to access contract events through RPC?</Title>
	<Labels>contract-development json-rpc events</Labels>
	<AskTime>2017-04-13 13:01:02Z</AskTime>
	<AskUser>Community</AskUser>
	<Ques>
		<Content>
I'm trying to figure out how to log events happening in a contract at a private Ethereum network. It looks like Events are the way to go. However, I can't seem to find any good example of how to interface with contract's Events through JSON RPC.
How can I use contracts Events through JSON RPC?

		</Content>
		<Ask_Comment>
			<Comment>First answer here is pretty good. Helpful? ethereum.stackexchange.com/questions/11419/… – Rob Hitchens Feb 5 '17 at 20:03</Comment>
			<Comment>Not completely - that's javascript, not JSON RPC – ThePiachu Feb 6 '17 at 2:36</Comment>
			<Comment>Maybe a little more on topic: ethereum.stackexchange.com/questions/3780/… – Rob Hitchens Feb 6 '17 at 3:30</Comment>
			<Comment>The javascript uses JSON RPC under the hood. It just calls the eth_newFilter method – Tjaden Hess♦ Feb 6 '17 at 4:37</Comment>
		</Ask_Comment>
	</Ques>
	<Answers>
		<AnswerUser>Max Binnewies</AnswerUser>
		<AnswerTime>2017-02-06 14:13:59Z</AnswerTime>
		<Accepted>False</Accepted>
		<Content>
I agree with Mikko Ohtamaa. Do it through an API that wraps the JSON-RPC calls for you. However, to answer your question, I believe "eth_getTransactionReceipt" is the RPC call your looking for. It delivers an Array "logs" which should contain the fired events.
		</Content>
		<Answer_Comment>
		</Answer_Comment>
	</Answers>
	<Answers>
		<AnswerUser>Mikko Ohtamaa</AnswerUser>
		<AnswerTime>2017-02-06 08:21:24Z</AnswerTime>
		<Accepted>False</Accepted>
		<Content>
How you frame the question doesn't make sense. Usually you want to use a language specific client library that wraps the underlying Ethereum JSON-RPC questio (You do not want to build this wrapper library yourself unless you are very experienced in programming). Because you did not open your question enough and explain what kind of run-time environment you have, it is not possible to give an accurate answer. However most notable Ethereum JSON-RPC libraries include Web3.py Web3.js You'll find one for your programming language unless you are using very eccentric run-time environment.
		</Content>
		<Answer_Comment>
			<Comment>I am building my own wrapper, hence why I'm asking for JSON RPC, rather than a specific language. – ThePiachu Feb 8 '17 at 9:40</Comment>
		</Answer_Comment>
	</Answers>
</Questions>
