<Questions>
	<Address>https://ethereum.stackexchange.com/questions/31293/not-able-to-create-credentials-from-walletutils-loadcredentials-web3j</Address>
	<Title>Not able to create credentials from WalletUtils.loadCredentials() (web3j)</Title>
	<Labels>go-ethereum web3j android</Labels>
	<AskTime>2017-11-22 06:38:41Z</AskTime>
	<AskUser>Malone</AskUser>
	<Ques>
		<Content>
I'm using private blockchain network and I have a wallet file in my keystore, but in Android Studio I'm getting FileNotFoundException, any help would be appreciated.
#########CODE_START##########
credentials = WalletUtils.loadCredentials("mypassword","/path/filename");
#########CODE_END########



		</Content>
		<Ask_Comment>
			<Comment>If you copy the path from the exception (e.g. to the terminal), are you able to access it? Either the file is not there, or the IDE is not allowed to access it. – javahippie Dec 5 '17 at 12:33</Comment>
			<Comment>sorry my bad, android studio was looking for file in emulator and i had it in my local file system. thank you. – Ameen Dec 20 '17 at 4:38</Comment>
		</Ask_Comment>
	</Ques>
	<Answers>
	</Answers>
</Questions>
