<Questions>
	<Address>https://ethereum.stackexchange.com/questions/29191/smart-contract-to-refund-eth-transfer</Address>
	<Title>Smart contract to refund ETH transfer</Title>
	<Labels>solidity evm out-of-gas</Labels>
	<AskTime>2017-10-24 22:14:34Z</AskTime>
	<AskUser>null</AskUser>
	<Ques>
		<Content>
I wanna achieve smart contract to send ETH back to the sender on some conditions:
#########CODE_START##########
function() public payable {
    msg.sender.transfer(msg.value);
}
#########CODE_END########
I am passing gasLimit equal to 4700000:
#########CODE_START##########
web3.eth.sendTransaction({from: wallet, to: contract.address, value: ether(2), gasLimit: 4700000});
#########CODE_END########
And still see error when running on testrpc:
#########CODE_START##########
Error: VM Exception while processing transaction: out of gas
#########CODE_END########
Sending ETH to other smart contract usually works fine. What's wrong with instant refund?

		</Content>
		<Ask_Comment>
		</Ask_Comment>
	</Ques>
	<Answers>
		<AnswerUser>k26dr</AnswerUser>
		<AnswerTime>2017-10-25 00:08:59Z</AnswerTime>
		<Accepted>True</Accepted>
		<Content>
You've set the gasLimit not the gas. I think what you meant to send was: web3.eth.sendTransaction({from: wallet, to: contract.address, value: ether(2), gas: 4700000});
		</Content>
		<Answer_Comment>
		</Answer_Comment>
	</Answers>
</Questions>
