<Questions>
	<Address>https://ethereum.stackexchange.com/questions/9179/is-fast-sync-the-reason-why-my-ethereum-wallet-doesnt-show-the-ether-i-got-back</Address>
	<Title>Is fast sync the reason why my ethereum wallet doesn't show the ether I got back through the DAO withdraw?</Title>
	<Labels>go-ethereum the-dao</Labels>
	<AskTime>2016-10-11 11:06:10Z</AskTime>
	<AskUser>David Albrecht</AskUser>
	<Ques>
		<Content>
On block-explorers like ethersan.io I can see that the DAO withdraw worked and that ether was returned to my address. However my Ethereum Wallet (0.84 - Mac OSX using geth-node) shows my old balance.
Before I made the withdraw I used fast-sync to download the blockchain. I heard that the node doesn't know about the "state". Might this be the reason the shown balance is not correct?

		</Content>
		<Ask_Comment>
		</Ask_Comment>
	</Ques>
	<Answers>
		<AnswerUser>BokkyPooBah</AnswerUser>
		<AnswerTime>2016-10-11 11:14:39Z</AnswerTime>
		<Accepted>False</Accepted>
		<Content>
Fast sync should not make a difference to your DAO withdrawn balance. While the intermediate state is omitted in the fast sync, your balances and transactions will all be in the blockchain. I'm assuming that your balance in etherscan.io is correct. What I would check next: Is your geth node fully synced? If not, your recent balance changes will not be reflected in your Ethereum Wallet. Is your geth node synced to the ETH chain and not the ETC chain? In etherscan.io, does the most recent block number correspond to the latest eth.blockNumber in geth?
		</Content>
		<Answer_Comment>
			<Comment>The node is not fully synced. Sorry, I ought to have checked that first. It is five days behind and it is not updating anymore. I doesnt load a single block. – David Albrecht Oct 11 '16 at 11:24</Comment>
			<Comment>Have you got the latest Ethereum Wallet or geth installed? The newest version will fix some of the stalling issues with the syncing. – BokkyPooBah Oct 11 '16 at 11:28</Comment>
			<Comment>I seem to have the newest version Ethereum Wallet 0.8.4 and geth 0.14 Thank you for the help – David Albrecht Oct 11 '16 at 12:28</Comment>
			<Comment>There is a later version of geth v 1.4.17 but this has not been packaged with Ethereum Wallet yet. In the meantime, you will just have to wait for the syncing to complete. It will take some time to process the recent blocks with the spam transaction attacks that have been happening over the last 3 weeks. – BokkyPooBah Oct 11 '16 at 12:42</Comment>
			<Comment>I installed the ethereum wallet on another computer. The new install managed to fully sync! I transfered the keystore to the new install and could access all funds. The old install still seems to be completely stuck. Thanks for the help. – David Albrecht Oct 13 '16 at 8:00</Comment>
		</Answer_Comment>
	</Answers>
</Questions>
