<Questions>
	<Address>https://ethereum.stackexchange.com/questions/34145/is-it-okay-to-use-if-else-in-modifiers</Address>
	<Title>Is it Okay to use if else in modifiers?</Title>
	<Labels>solidity remix modifiers</Labels>
	<AskTime>2017-12-22 10:47:13Z</AskTime>
	<AskUser>null</AskUser>
	<Ques>
		<Content>
In solidity use of require and assert is recommended than using if else conditions but in every solidity example where modifiers are used instead of require if else is used. So is it Okay to use if else in modifiers.

		</Content>
		<Ask_Comment>
		</Ask_Comment>
	</Ques>
	<Answers>
		<AnswerUser>Harry Wright</AnswerUser>
		<AnswerTime>2017-12-22 11:08:42Z</AnswerTime>
		<Accepted>False</Accepted>
		<Content>
The difference between: modifier onlyOwner {
    require(msg.sender == owner);
    _;
}
 and modifier onlyOwner {
    if(msg.sender == owner);
        _;
}
 is now less significant as of Byzantium, due to the fact that require or assert will actually execute the revert opcode instead of throw, which means remaining gas for any given transaction will now be refunded instead of being used up. Use of require will also revert any state changes, so you must factor this into your decision. For example, in the following code, if one was to call eatStuff() - eatOrange() would get called, followed by eatApple(). The modifier checkOrangeStock() verifies there are enough oranges, and we are able to eat one. However, when checkAppleStock() gets executed, the require fails and all state which was changed gets reverted. This means we have to give back the orange we took, which in this case, might not be the intended behaviour. contract MrHungry {

    uint oranges = 2;
    uint apples = 0;

    modifier checkOrangeStock() {
        require(oranges > 0);
        _;
    }

    modifier checkAppleStock() {
        require(apples > 0);
        _;
    }

    function eatStuff() public {
        eatOranges();
        eatApples();
    }

    function eatOranges() private checkOrangeStock {
        oranges--;
    }

    function eatApples() private checkAppleStock {
        apples--;
    }
}
 If we were to use an if conditional in the modifier for eatOrange() instead of require, our state would not have been reverted and our hunger for delicious fruit may at least be partially satisfied.
		</Content>
		<Answer_Comment>
		</Answer_Comment>
	</Answers>
</Questions>
