<Questions>
	<Address>https://ethereum.stackexchange.com/questions/30921/tx-doesnt-have-the-correct-nonce-metamask</Address>
	<Title>TX doesn't have the correct nonce - Metamask</Title>
	<Labels>web3js metamask</Labels>
	<AskTime>2017-11-16 16:14:34Z</AskTime>
	<AskUser>null</AskUser>
	<Ques>
		<Content>
I'm trying to call the leafPicked() function in my contract from web3 which launches Metamask as intended. After pressing accept the transaction shows as failed along with the error message pictured below.
What am I doing wrong?
Contract Function:
#########CODE_START##########
function leafPicked(uint numPicked) public returns (uint, uint){
    require(numPicked < remaining_leaves);
    uint number_before_picking = remaining_leaves;
    remaining_leaves -= numPicked;
    leafWasPicked(remaining_leaves, numPicked);
    return (remaining_leaves, number_before_picking);
}
#########CODE_END########
Web3 function:
#########CODE_START##########
web3.eth.getAccounts(function(error, accounts) {
    if (error) {
    console.log(error);
    }

    var account = accounts[0];
    console.log(account);

    App.contracts.Plant.deployed().then(function(instance) {
      plantInstance = instance;

      // This function is not executing as intended
      return plantInstance.leafPicked(parseInt(leafNum), {from: account});

    }).then(function(result) {
      console("Result from leaf picking: ", result);
      return App.SetContractValues();
    }).catch(function(err) {
      console.log(err.message);
    });
  });
#########CODE_END########


		</Content>
		<Ask_Comment>
			<Comment>According to the screenshot you have the wrong nonce in your transaction, rather than an out of gas error. You can check if you are you using in the code the same account as MetaMask. – gisdev_p Nov 16 '17 at 14:56</Comment>
			<Comment>How can you retrieve the nonce? – Charles.fried Nov 16 '17 at 15:06</Comment>
			<Comment>web3.eth.getTransactionCount(account) gives you the nonce for the next transaction – gisdev_p Nov 16 '17 at 15:30</Comment>
			<Comment>Ok. so web3.eth.getTransactionCount(account); does give 4 which is inline with the error. The tx however is set to 15 - how do I get them to match? – Charles.fried Nov 16 '17 at 15:46</Comment>
		</Ask_Comment>
	</Ques>
	<Answers>
		<AnswerUser>DanF</AnswerUser>
		<AnswerTime>2017-11-17 03:04:51Z</AnswerTime>
		<Accepted>True</Accepted>
		<Content>
There are two common problems people have when using MetaMask on private networks. If you're running a private network, you have to be sure to set your chainId to the same as your networkId. This is for EIP 155 compatibility. If you're running a test blockchain that you've shut down and restarted from a blank state with MetaMask connected to it, you can get MetaMask confused, because it caches some information about the network it is currently connected to, including completed transactions, which it uses to derive the correct nonce. You can clear this cache by selecting a different network in MetaMask, and then your local server again.
		</Content>
		<Answer_Comment>
			<Comment>Hi Dan, I keep getting this error when connecting to the truffle RPC. Switching server does not solve it, only reinstalling Metamask works. Do you have another solution I can try? – Charles.fried Nov 17 '17 at 9:21</Comment>
			<Comment>Try starting TestRPC with a different Network ID. MetaMask uses the current network ID to keep track of successful transactions, and uses those to compute its nonce. If you keep re-using the same network ID, MetaMask will assume it's still on the same network. We'll have it auto-fix this soon, as discussed in this issue: github.com/MetaMask/metamask-extension/issues/1999 – DanF Nov 18 '17 at 0:04</Comment>
		</Answer_Comment>
	</Answers>
	<Answers>
		<AnswerUser>Charles.fried</AnswerUser>
		<AnswerTime>2017-11-16 16:05:53Z</AnswerTime>
		<Accepted>False</Accepted>
		<Content>
It seems this is an ongoing Metamask issue when testing on the private networks. It is described here: Nonce calculation is broken for private networks And here: Truffle develop static network id interferes with MetaMask The current solution is to reinstall Metamask - it worked for me.
		</Content>
		<Answer_Comment>
		</Answer_Comment>
	</Answers>
</Questions>
