<Questions>
	<Address>https://ethereum.stackexchange.com/questions/13319/intrinsic-gas-too-low-how-to-increase-gas-in-mist</Address>
	<Title>intrinsic gas too low: how to increase gas in Mist?</Title>
	<Labels>mist contract-deployment gas out-of-gas</Labels>
	<AskTime>2017-12-16 11:12:16Z</AskTime>
	<AskUser>Jesse Busman</AskUser>
	<Ques>
		<Content>
I cannot deploy a contract using Mist because of the error intrinsic gas too low
How can I increase the value of it?


		</Content>
		<Ask_Comment>
			<Comment>That seems like a lot of gas to me for a contract you might want to see if there is a problem with the contract – Joe Mar 20 '17 at 16:42</Comment>
		</Ask_Comment>
	</Ques>
	<Answers>
		<AnswerUser>Joe</AnswerUser>
		<AnswerTime>2017-03-20 16:40:13Z</AnswerTime>
		<Accepted>False</Accepted>
		<Content>
You can type the gas you want in the blue underlined bit. Just click on it and type
		</Content>
		<Answer_Comment>
			<Comment>@happycrazy Please accept the answer, by clicking on the tick icon, if this answer worked for you. – eth♦ Apr 19 '17 at 0:21</Comment>
		</Answer_Comment>
	</Answers>
	<Answers>
		<AnswerUser>Prashant Prabhakar Singh</AnswerUser>
		<AnswerTime>2017-03-20 16:46:56Z</AnswerTime>
		<Accepted>False</Accepted>
		<Content>
While deploying the contract, you can specify the amount of gas you want to send with the transaction. On the bottom left of the page where your write your code, you can see a slider bar for Select Fee, Just use the slider to increase/ decrease the gas you want to send.
		</Content>
		<Answer_Comment>
			<Comment>it will be better if you add a screenshot to help him – Badr Bellaj♦ Mar 20 '17 at 16:54</Comment>
			<Comment>Isnt this the gas price - the amount of ether per gas unit- not the amount of gas? – Joe Mar 20 '17 at 17:00</Comment>
		</Answer_Comment>
	</Answers>
</Questions>
