<Questions>
	<Address>https://ethereum.stackexchange.com/questions/267/why-dont-ethereum-addresses-have-checksums</Address>
	<Title>Why don't Ethereum addresses have checksums?</Title>
	<Labels>accounts addresses bitcoin history checksum</Labels>
	<AskTime>2016-02-07 10:11:25Z</AskTime>
	<AskUser>null</AskUser>
	<Ques>
		<Content>
A checksum, similar to its use in Bitcoin addresses, can primarily prevent mistyped or invalid addresses from being used, before a transaction with an invalid address is constructed.
Why don't Ethereum addresses have checksums? Was it an oversight that was overlooked by the designers, auditors, and the community until after Frontier was launched? (This question is more about the history, than ongoing and future efforts to rectify.)

		</Content>
		<Ask_Comment>
		</Ask_Comment>
	</Ques>
	<Answers>
		<AnswerUser>null</AnswerUser>
		<AnswerTime>2017-06-15 03:08:21Z</AnswerTime>
		<Accepted>True</Accepted>
		<Content>
Edited to add: As predicted, with the launch of the Ethereum Name Service (ENS), users and wallets have gradually begun switching over to using strings like "mywallet.eth" instead of the raw hex addresses. Because that name was not known at the time this answer was written, it refers to the same concept as a "namereg". I can elaborate on this a little bit, because it's not just the fact that end users are eventually expected to use human-readable strings for normal day to day transactions. It's that the raw hexadecimal string that you're calling an "Ethereum address" wasn't even intended to be the standard way of representing that information. You may or may not know that when you send a bitcoin transaction to a "bitcoin address" such as 1Q2TWHE3GMdB6BZKafqwxXtWAWgFt5Jvm3, the actual transaction itself doesn't contain the string "1Q2TWHE3GMdB6BZKafqwxXtWAWgFt5Jvm3". Instead, it decodes that representation into the real address 0xfc916f213a3d7f1369313d5fa30f6168f9446a2d, a pure hexadecimal representation that doesn't waste space on checksums and version bits. Look familiar? It's true that the pure hexadecimal address itself doesn't contain any checksums. But there's nothing stopping you from writing software which uses the exact same method that Bitcoin does to create an encoding of that string in base 58 with a built-in version number and checksum. It would interoperate perfectly with the network by silently decoding the new "Ethereum address" into raw hexadecimal form. It could even accept both types of formats as long as you were careful to always include the "0x" on the front of the raw ones (which you should be doing anyways). Then you could send and receive with the exact same experience you have in Bitcoin. Perhaps with a different version number so that you don't accidentally mix up the addresses, though. Vitalik has already pointed out one reason nobody bothered to do this for most Frontier apps. But there's another one, much more relevant. Ethereum apps don't take the Bitcoin approach because there is an even more featureful way of representing raw Ethereum addresses, called the ICAP, which looks like this: "XE7338O073KYGTWWZN0F2WZ0R8PX5ZPPZS". Like the standard Bitcoin address representation, it uses a wider range of alphanumeric characters to save space and includes a checksum. But that's not all, folks! For one thing, the ICAP is a fully valid International Bank Account Number (or IBAN). That means that existing bank software can understand it and interact with it. For another, the ICAP doesn't have to use hexadecimal addresses. Instead, once we all do switch over to using namereg contracts it can just use your actual human readable string to end up with something like "XE81ETHXREGJEFFCOLEMAN", which still matches bank formats but might be possible to actually remember! Support for the ICAP is gradually growing, including within the official Ethereum clients. Perhaps one day soon, it will no longer be the case that the most common representation of an Ethereum address lacks a checksum! Edit: As of February 2016, Vitalik has also implemented a transitional checksumming method where capitalisation of the otherwise case-insensitive hex address is used to provide some additional protection against accidental errors while remaining backwards compatible with software that doesn't support the checksum (and will ignore the case differences). Anyone developing software that supports inputting or displaying a raw hexadecimal encoding is strongly advised to implement this "capitals-based checksum" method. Details: With Vitalik's method, the address: 0xcd2a3d9f938e13cd947ec05abc7fe734df8dd826 is compared against the raw binary keccack-256 hash of the address bytes, and where there are letters in the same corresponding place as a "1" bit the letter is capitalised (letters which correspond to the place of a "0" bit are left in lowercase form, and numbers are unchanged). This results in: 0xCd2a3d9f938e13Cd947eC05ABC7fe734df8DD826 Almost all non-checksum aware code will simply ignore the case differences above and interpret this representation identically to the first one, so there is very little disadvantage to implementation of the capitals-based checksum.
		</Content>
		<Answer_Comment>
			<Comment>"your" code would have to "silently decoding the new "Ethereum address" into raw hexadecimal form" right? Can you clarify because "you from writing software" seems to be different from the "it" in "it would interoperate..." – eth♦ Jan 22 '16 at 23:09</Comment>
			<Comment>It's not quite clear to me what you're asking. The "it" refers to the software that "you" could create. What part is it that I should clarify? – Jeff Coleman Jan 23 '16 at 16:12</Comment>
			<Comment>Thanks your comment is enough clarification for me. (Your answer was possible to interpret that Ethereum itself already handles base58 encoded addresses, if one encoded it themselves. Maybe clarifying the part that one would have to write both the encoding and decoding parts.) – eth♦ Jan 23 '16 at 19:29</Comment>
		</Answer_Comment>
	</Answers>
	<Answers>
		<AnswerUser>null</AnswerUser>
		<AnswerTime>2016-01-22 18:56:18Z</AnswerTime>
		<Accepted>False</Accepted>
		<Content>
Here's the answer from V: ethertarian seriously? there's no checksum? you typo one character wrong and your ether is lost forever? Damn.... TIL Ethereum has a massive design oversight permalink vbuterinEthereum You're not meant to use ether addresses; you're meant to use the namereg and equivalents of things like bip70. Source: https://www.reddit.com/r/ethereum/comments/33l08f/do_ethereum_address_not_have_a_checksum_like/ Straight from the developers - it appears checksums may be developed in future versions: taylorgerringEthereum I think everyone wants checksums and understands the benefits, but delivering a stable network protocol upgrade is of chief importance right now and has been since the beginning. Additional functionality in the clients themselves will hopefully follow soon after the Homestead hard-fork. :) https://www.reddit.com/r/ethereum/comments/425js8/maybe_we_should_reconsider_checksums_as_default/
		</Content>
		<Answer_Comment>
			<Comment>BIP70 github.com/bitcoin/bips/blob/master/bip-0070.mediawiki – hcvst Jan 21 '16 at 19:41</Comment>
			<Comment>I'm switching to the other answer for now; will gladly accept this answer again when it's updated as developments like namereg are completed (and improving the formatting would also help). – eth♦ Feb 27 '16 at 1:36</Comment>
			<Comment>@eth kindly bumping here, as ENS is now live :) – FRAGA Aug 18 '17 at 23:23</Comment>
			<Comment>@FRAGA The accepted answer was also updated with ENS :) It's a well written answer so unlikely it's going to lose its green checkmark. (I've upvoted this answer too.) – eth♦ Aug 29 '17 at 9:36</Comment>
		</Answer_Comment>
	</Answers>
</Questions>
