<Questions>
	<Address>https://ethereum.stackexchange.com/questions/23165/geth-not-syncing-to-last-block</Address>
	<Title>Geth not syncing to last block</Title>
	<Labels>go-ethereum synchronization</Labels>
	<AskTime>2017-07-27 17:58:15Z</AskTime>
	<AskUser>Tomas Bond</AskUser>
	<Ques>
		<Content>
i have been trying to run a node in a virtual machine. Im using Ubuntu 16.04 and have already installed Geth to it. Im running it with geth --rpc --cache=1024 --verbosity 5. When i attach to the console and send the eth.syncing command i get this information:
#########CODE_START##########
{
  currentBlock: 4081498,
  highestBlock: 4081655,
  knownStates: 747286,
  pulledStates: 730115,
  startingBlock: 4067468
}
#########CODE_END########
I cant get it to sync to the last block, please dont tell me to delete de blockchain and start again because i have already done it like 5 times and i always get stucked. Have already lost 2 weeks in syncing time.
What is wrong with my node?
My node is listed in the ethstats panel as "ArgenPool"

		</Content>
		<Ask_Comment>
		</Ask_Comment>
	</Ques>
	<Answers>
	</Answers>
</Questions>
