<Questions>
	<Address>https://ethereum.stackexchange.com/questions/8699/how-to-get-only-latest-logged-event-via-web3-api</Address>
	<Title>How to get only latest logged event via Web3 API?</Title>
	<Labels>web3js</Labels>
	<AskTime>2016-09-17 18:20:56Z</AskTime>
	<AskUser>ma2s</AskUser>
	<Ques>
		<Content>
Is there a way to get only latest log for e.g myContractInstance.myEvent? Don't wanna rewind whole past. I know I can pass latest to a filter object, but that's not quite what I want. I'd like to get latest one from the past (no matter at which block it happened) and then continue listening for a new ones. Is this possible?

		</Content>
		<Ask_Comment>
			<Comment>Would you know a rough upper bound on how long ago the last event would have been produced? Also, have you considered using a state variable in your contract instead of an event? Seems like that's more suited to your use case – Tjaden Hess♦ Sep 19 '16 at 15:36</Comment>
			<Comment>yea, indeed, it can be solved with state variable. I was just curious if such thing is possible. Thanks – ma2s Sep 19 '16 at 20:02</Comment>
		</Ask_Comment>
	</Ques>
	<Answers>
		<AnswerUser>null</AnswerUser>
		<AnswerTime>2016-09-19 15:00:23Z</AnswerTime>
		<Accepted>False</Accepted>
		<Content>
How about {fromBlock: "latest", toBlock: "latest" }?
		</Content>
		<Answer_Comment>
			<Comment>hmm, I don't think this is it. For example if myEvent was executed 20 times during lifetime of a smart-contract. I want to get that 20th time, I don't care if it was called 20th time in latest, first, or whichever block – ma2s Sep 19 '16 at 15:20</Comment>
			<Comment>It sounds like what you need is a state variable indeed. If only to store block.number. – Xavier Leprêtre B9lab Sep 19 '16 at 16:16</Comment>
		</Answer_Comment>
	</Answers>
</Questions>
