<Questions>
	<Address>https://ethereum.stackexchange.com/questions/10442/what-should-be-the-input-for-getstorageat-function-in-web3-js</Address>
	<Title>What should be the input for getStorageAt function in web3 js?</Title>
	<Labels>web3js accounts addresses storage get-storage-at</Labels>
	<AskTime>2017-04-04 20:59:45Z</AskTime>
	<AskUser>eth</AskUser>
	<Ques>
		<Content>
I am trying to trace history of transactions in ethereum. I am using a function called getStorageAt(). Now what should be the input to this function, a contract address or account address(account no)?

		</Content>
		<Ask_Comment>
		</Ask_Comment>
	</Ques>
	<Answers>
		<AnswerUser>Community</AnswerUser>
		<AnswerTime>2017-04-13 13:01:02Z</AnswerTime>
		<Accepted>False</Accepted>
		<Content>
https://github.com/ethereum/wiki/wiki/JavaScript-API#web3ethgetstorageat web3.eth.getStorageAt(addressHexString, position ...
 For addressHexString you will want a contract address, since random addresses are unlikely to have any values in storage. For position, see How do I get the storage indices/keys?
		</Content>
		<Answer_Comment>
		</Answer_Comment>
	</Answers>
</Questions>
