<Questions>
	<Address>https://ethereum.stackexchange.com/questions/2979/can-browser-solidity-access-contracts-values-with-the-in-memory-tester</Address>
	<Title>Can browser-solidity access contracts values with the in memory tester?</Title>
	<Labels>solidity dapp-development remix</Labels>
	<AskTime>2017-04-13 13:01:02Z</AskTime>
	<AskUser>Community</AskUser>
	<Ques>
		<Content>
I was reading an interesting answer and wanted to make a quick test in browser-solidity.
My contract code is below and I'd just like to get the string I passed in the constructor.
#########CODE_START##########
contract testConstant{
string testString;
// {"_testString":"this is a test"}
function testConstant(string _testString) {
    testString=_testString;
}
function gettestString() public constant returns(string) {
    return testString;
}
}
#########CODE_END########
Attached a screenshot, maybe I'm overlooking something but it seems to me the gettestString in blue should return the arg I passed in the constructor : "this is a test"


		</Content>
		<Ask_Comment>
		</Ask_Comment>
	</Ques>
	<Answers>
		<AnswerUser>eth</AnswerUser>
		<AnswerTime>2016-05-28 00:54:37Z</AnswerTime>
		<Accepted>True</Accepted>
		<Content>
Your example works on latest Solidity version: 0.3.3-4dc1cb14/Release-Emscripten/clang/Interpreter "0x0000000000000000000000000000000000000000000000000000000000000020000000000000000000000000000000000000000000000000000000000000000e7468697320697320612074657374000000000000000000000000000000000000" Cost: 805 gas. (caveat) Decoded: string: this is a test
		</Content>
		<Answer_Comment>
		</Answer_Comment>
	</Answers>
</Questions>
