<Questions>
	<Address>https://ethereum.stackexchange.com/questions/27100/find-a-web-wallet-i-can-import-keystore</Address>
	<Title>Find a web wallet I can import keystore</Title>
	<Labels>mining wallets</Labels>
	<AskTime>2017-09-25 21:25:01Z</AskTime>
	<AskUser>UserZer0</AskUser>
	<Ques>
		<Content>
Ok so I was following a quickstart guide for mining ethreum and it told me to download the official wallet, and I saw it gave me an address before it was done syncing. So I used this address for dawfpool , but the problem is I never got the wallet to ever finish syncing, I started over, I used fast sync, I played around with geth manually. I've now wasted well over 100gb of bandwidth trying to get the freaking blockchain, and over a week letting it go for a couple of days at a time, and so now I've given up on that. I've already got some Eth pending using that address though, I have the keystore folder. Is there any online wallet I can use that will let me import that info so I don't have to start over and lose the ETH I've mined? I don't want to try another desktop solution only to have it stall out at 30gb again.

		</Content>
		<Ask_Comment>
			<Comment>Perhaps this will be of interest: ethereum.stackexchange.com/questions/15923/… – lungj Sep 25 '17 at 23:00</Comment>
		</Ask_Comment>
	</Ques>
	<Answers>
	</Answers>
</Questions>
