<Questions>
	<Address>https://ethereum.stackexchange.com/questions/25570/system-for-paid-retrieval-of-secret-information-possible</Address>
	<Title>System for paid retrieval of (secret) information possible?</Title>
	<Labels>contract-development contract-design hash</Labels>
	<AskTime>2017-08-31 10:13:17Z</AskTime>
	<AskUser>Shuzheng</AskUser>
	<Ques>
		<Content>
I've been thinking about designing a system, where every student's grades are stored on the blockchain in encrypted form.
However, I've read enough posts describing why this is not a good idea: Ethereum discourages the use of storage, and contracts cannot store the decryption key safely/hidden anyway (all contract data is visible to anyone on the blockchain, right?).
The system should facilitate a paid service for, e.g., companies that want information on a particular student.
My initial thoughts of such system is as follows (assuming both parties, i.e., university and company, have an Ethereum account with public/private key pair):
The company sends a request to the university web server, requesting information, and providing the public key of the company. The university creates a smart contract with the encrypted information (under the company's public key) and a hash of the plaintext. The company sends a transaction to the smart contract, paying some amount of ether, whereafter it gets the encrypted information and hash. The contract then suicides and transfer its funds to the university. The company decrypts the information under its private key and verifies the hash.
There is a problem with this idea. After the smart contract (step 2.) has been deployed, the company can just read its data without sending any ether to it. How can this be fixed?
In general, what approach would I choose for designing such paid service for information retrieval?

		</Content>
		<Ask_Comment>
			<Comment>You seem to be falling into the trap of trying to use blockchain for something that does not need blockchain. Why does this need anything more than a payment processor and a web server? – Thomas Clowes Aug 31 '17 at 10:21</Comment>
			<Comment>@ThomasClowes - it might not need more than that. However, I'm looking for a project for my master thesis that makes use of blockchain and language based-security. – Shuzheng Aug 31 '17 at 10:23</Comment>
		</Ask_Comment>
	</Ques>
	<Answers>
		<AnswerUser>null</AnswerUser>
		<AnswerTime>2017-08-31 21:44:58Z</AnswerTime>
		<Accepted>True</Accepted>
		<Content>
The only way to fix the issue you've determined with the system is to wait to send them the decryption key until your company has verified that the contract has been paid. But at that point, you might as well just withhold the data entirely, use a normal address instead of a smart contract, and give them the data once they pay up, i.e. run a normal, centralized service. Having the data out there and encrypted doesn't give you much of an advantage over just keeping it on an in-house server, and it doesn't remove any trust since until the client has the decryption key, for all they know the encrypted data could just be gibberish. Currently, there is no way to implement a system like the one you are describing (and I believe it might actually be strictly impossible, violating the laws of information in the universe for a properly functioning blockchain). Either the data is accessible on the blockchain or it is not, and your company can only change that by releasing the data (or an encryption key) after you have verified the payment through a centralized (off-chain) means. In short, if you want to keep information secret, you cannot trust a network based on complete and perfect information to control access to it. Here's an idea though - you could always encrypt the data using an M-of-N scheme and distribute the N keys to a set of trusted validators (which could be users, companies, etc.). They could release their key to the client when the payment comes in. When most of them verify the payment and release keys, the client can use the keys to decrypt the content.
		</Content>
		<Answer_Comment>
		</Answer_Comment>
	</Answers>
</Questions>
