<Questions>
	<Address>https://ethereum.stackexchange.com/questions/11832/buy-and-sell-of-my-tokens</Address>
	<Title>Buy and sell of my tokens</Title>
	<Labels>dapp-development ethereum-wallet-dapp tokens</Labels>
	<AskTime>2017-02-01 11:08:06Z</AskTime>
	<AskUser>M.Sheremain</AskUser>
	<Ques>
		<Content>
How to implement the buy of tokens. That is, the customer transfers money to the address and receives tokens at his account. And Similar to sold?

		</Content>
		<Ask_Comment>
		</Ask_Comment>
	</Ques>
	<Answers>
		<AnswerUser>Juan Ignacio Pérez Sacristán</AnswerUser>
		<AnswerTime>2017-02-01 11:20:50Z</AnswerTime>
		<Accepted>False</Accepted>
		<Content>
You just need to deploy a Solidity Smart Contract of your own tokens like this: https://www.ethereum.org/token
		</Content>
		<Answer_Comment>
		</Answer_Comment>
	</Answers>
</Questions>
