<Questions>
	<Address>https://ethereum.stackexchange.com/questions/12096/read-uport-persona-from-registry</Address>
	<Title>Read uPort Persona from Registry</Title>
	<Labels>uport uport-connect registries</Labels>
	<AskTime>2017-02-16 08:06:03Z</AskTime>
	<AskUser>eth</AskUser>
	<Ques>
		<Content>
I'm trying to read a profile via uport-persona. In doc it sounds easy but I can't access to my persona.
#########CODE_START##########
export function loginUser() {
  return function(dispatch) {
    web3.eth.getCoinbase(function (err, address) {
      if (err) { throw err }
      web3.eth.defaultAccount = address;

      uport.getUserPersona().then((userPersona) => {

        registry.getPublicProfile(userPersona.profileAddress).then((profile) => {
        console.log(profile);
      });
        return dispatch(userLoggedIn(userPersona.profile))
      })
    })
  }
}
#########CODE_END########
First I get my userPersona, and after I try to get my public profile (with my address) from registry. But in console I have:
Uncaught (in promise) Error: Failed to get value from registry

		</Content>
		<Ask_Comment>
		</Ask_Comment>
	</Ques>
	<Answers>
		<AnswerUser>Pelle</AnswerUser>
		<AnswerTime>2017-02-13 06:21:43Z</AnswerTime>
		<Accepted>True</Accepted>
		<Content>
I'm the Engineering Lead for uport. We are about to deprecate some of our libraries as they weren't as straightforward to use as we wanted. Our new library for browser use is: https://github.com/uport-project/uport-connect import { Connect } from 'uport-connect'

const uport = new Connect('MyDApp')
uport.requestCredentials().then((credentials) => {
  console.log(credentials)
})
 We are working on updating documentation and example code, so please be patient but the above code should work without a problem.
		</Content>
		<Answer_Comment>
		</Answer_Comment>
	</Answers>
</Questions>
