<Questions>
	<Address>https://ethereum.stackexchange.com/questions/12242/is-it-a-mandatory-to-add-payable-keyword-when-using-msg-value</Address>
	<Title>Is it a mandatory to add payable keyword when using msg.value</Title>
	<Labels>solidity</Labels>
	<AskTime>2017-02-17 10:06:30Z</AskTime>
	<AskUser>Rob Hitchens</AskUser>
	<Ques>
		<Content>
Example :
#########CODE_START##########
pragma solidity ^0.4.8;

contract X{

    uint amount;

    function X() {
        amount = amount + msg.value;
    }
}
#########CODE_END########
Here Constructor X() is not payable. Should I change it to payable because of using msg.value ?

		</Content>
		<Ask_Comment>
			<Comment>Yes, I think this was changed in Solidity 0.4.x – Mikko Ohtamaa Feb 17 '17 at 8:07</Comment>
			<Comment>No, it's not mandatory, but it will always be 0, because the contract will throw an exception if there is any value sent with it. – Tjaden Hess♦ Feb 17 '17 at 22:33</Comment>
			<Comment>What will always be zero? The amount, or msg.value? @TjadenHess – vonGohren May 4 '17 at 21:20</Comment>
			<Comment>Both. msg.value will always be zero, because any nonzero value will cause an error. ammount will be zero because it is impossible to add anything to it – Tjaden Hess♦ May 4 '17 at 21:25</Comment>
		</Ask_Comment>
	</Ques>
	<Answers>
		<AnswerUser>Matthew Schmidt</AnswerUser>
		<AnswerTime>2017-02-17 19:00:41Z</AnswerTime>
		<Accepted>False</Accepted>
		<Content>
Having just tried it in browser-solidity, it will warn you, but it will not stop you. That said, I'm not sure what use it would have other than calling it through a different, payable function. browser-solidity doesn't have a way to send amounts, it seems. Can anyone test if that works?
		</Content>
		<Answer_Comment>
		</Answer_Comment>
	</Answers>
	<Answers>
		<AnswerUser>null</AnswerUser>
		<AnswerTime>2017-05-23 08:51:09Z</AnswerTime>
		<Accepted>False</Accepted>
		<Content>
Not mandatory, but as Matthew notes, it would be useless to leave it out of the function that should be receiving ether. msg.value gets passed around internally. Browser Solidity is aware that we don't have a problem in the code below. It's not warning about the presence of msg.value inside a function that itself isn't payable. If the logValue() function is changed to public, then Browser Solidity warns that there might be an oversight.
		</Content>
		<Answer_Comment>
		</Answer_Comment>
	</Answers>
</Questions>
