<Questions>
	<Address>https://ethereum.stackexchange.com/questions/33074/dao-withdrawal-without-keystore</Address>
	<Title>DAO withdrawal without keystore</Title>
	<Labels>go-ethereum the-dao dao thedao-refund</Labels>
	<AskTime>2017-12-11 11:21:24Z</AskTime>
	<AskUser>null</AskUser>
	<Ques>
		<Content>
I have been reading here about the withdrawal process. A friend of mine has participated in DAO and he needs some help - a couple of days ago found that DAO has failed and wants to withdraw.
All he has is :
the DAO password the DAO address, which verified from the above links is entitled to some refunds.
So my most important question here is - that he should need a keystore/private key to get those back into an ether wallet right? Where should he have that? Should he have downloaded them/kept a backup from DAO or are these something else? Without those is there any way for getting back his deposited ether?
Update : There is no private key in his laptop - used shapeshift to convert BTC to ETH, and then send the ETH to DAO from within the DAO website.
Any way he can do anything?

		</Content>
		<Ask_Comment>
		</Ask_Comment>
	</Ques>
	<Answers>
		<AnswerUser>lungj</AnswerUser>
		<AnswerTime>2017-12-11 15:56:04Z</AnswerTime>
		<Accepted>False</Accepted>
		<Content>
There's no such thing as a password for the DAO (unless I'm forgetting something). By "DAO address", I'm assuming you mean "account that is holding DAO tokens". Your friend needs the decrypted private key associated with the account that holds DAO tokens. If all your friend did was buy the DAO tokens from an account holding ETH, then the account that holds the DAO tokens is that account. Not sure how your friend intended on doing anything without the private key to the account that the BTC was shapeshifted to, though. That's a bit confusing; are you sure he doesn't have access to the ETH account?
		</Content>
		<Answer_Comment>
			<Comment>that's what he says, he gave me sth that looks like a normal password for a website and not a private key and he is kind of technologically agnostic. I am assuming he needs the private key for the ETH account the BTC was converted to ( via shapeshift ). – ghostrider Dec 11 '17 at 23:31</Comment>
			<Comment>If he was using myetherwallet (the only ethereum wallet I know of that doesn’t use a login system and uses passwords aside from geth and parity), that password is needed in addition to the encrypted key store. See also ethereum.stackexchange.com/questions/26452/… – lungj Dec 11 '17 at 23:58</Comment>
			<Comment>from what he said - he got the address generated from daohub. never used etherwallet so does not have an idea of what a private key should be. password is the password to access daohub - that's all he has plus the address. I assume nothing he can do right? – ghostrider Dec 12 '17 at 23:20</Comment>
		</Answer_Comment>
	</Answers>
</Questions>
