<Questions>
	<Address>https://ethereum.stackexchange.com/questions/19140/contract-migration-error-the-contract-code-couldnt-be-stored-please-check-you</Address>
	<Title>Contract migration error: The contract code couldn't be stored, please check your gas amount</Title>
	<Labels>solidity truffle testrpc truffle-contract truffle-migration</Labels>
	<AskTime>2017-06-30 14:31:14Z</AskTime>
	<AskUser>null</AskUser>
	<Ques>
		<Content>
I am trying to deploy my simple ERC20 token with locally installed Truffle, but received this error:
#########CODE_START##########
truffle migrate --reset
Using network 'development'.

Running migration: 1_initial_migration.js
  Replacing Migrations...
  Migrations: 0xc67440ccf402de259e5d6193eec29283bcb5555e
Saving successful migration to network...
Saving artifacts...
Running migration: 2_deploy_contracts.js
  Deploying ERC20...
Error encountered, bailing. Network state unknown. Review successful transactions manually.
Error: The contract code couldn't be stored, please check your gas amount.
#########CODE_END########
ERC20 class contains:
#########CODE_START##########
pragma solidity ^0.4.11;

    contract ERC20 {
        //uint public totalSupply;
        function totalSupply() constant returns (uint totalSupply);

        function balanceOf(address _owner) constant returns (uint balance);
        function transfer(address _to, uint _value) returns (bool success);
        function transferFrom(address _from, address _to, uint _value) returns (bool success);
        function approve(address _spender, uint _value) returns (bool success);
        function allowance(address _owner, address _spender) constant returns (uint remaining);

        event Transfer(address indexed _from, address indexed _to, uint _value);
        event Approval(address indexed _owner, address indexed _spender, uint _value);
    }
#########CODE_END########
Migration JS file:
#########CODE_START##########
var ERC20 = artifacts.require("./ERC20.sol");
var SafeMath = artifacts.require("./SafeMath.sol");

var MyToken = artifacts.require("./MyToken.sol");

module.exports = function(deployer) {
  deployer.deploy(ERC20);
  //deployer.deploy(SafeMath);
  //deployer.link(ERC20, MyToken);
  //deployer.link(SafeMath, MyToken);

  //deployer.deploy(MyToken);
};
#########CODE_END########
Environment:
#########CODE_START##########
Truffle v3.3.0, bundle version: 3.3.1
Solidity v0.4.11 (solc-js)
EthereumJS TestRPC v3.0.5
#########CODE_END########
So my token is inherited from this ERC20 contract, but I even can't compile parent one contract. What is wrong?

		</Content>
		<Ask_Comment>
			<Comment>can you also share your 2_deploy_contracts.js file. – Sanchit Jun 30 '17 at 13:42</Comment>
			<Comment>@Sanchit yes, added. – Dmytro Zarezenko Jun 30 '17 at 14:31</Comment>
			<Comment>Normally when you have too many files to deploy in migration file, then breaking them into multiple can fix the out of gas issue, but here in your case, that doesn't seem to be an issue. – Sanchit Jun 30 '17 at 22:04</Comment>
			<Comment>So, what can it be then? – Dmytro Zarezenko Jul 1 '17 at 6:52</Comment>
			<Comment>Your ERC20.sol is an abstract contract solidity.readthedocs.io/en/develop/…: Such contracts cannot be compiled, it will fail to deploy. – Ismael Jul 2 '17 at 4:17</Comment>
		</Ask_Comment>
	</Ques>
	<Answers>
		<AnswerUser>Dmytro Zarezenko</AnswerUser>
		<AnswerTime>2017-11-09 13:05:43Z</AnswerTime>
		<Accepted>True</Accepted>
		<Content>
Abstract contract cannot be compiled (even if they contain implemented functions alongside non-implemented functions), but they can be used as base contracts. More details Abstract Contracts
		</Content>
		<Answer_Comment>
		</Answer_Comment>
	</Answers>
</Questions>
