<Questions>
	<Address>https://ethereum.stackexchange.com/questions/19218/will-revert-refund-all-gas-of-the-transaction-or-just-the-remaining-gas</Address>
	<Title>Will revert() refund all gas of the transaction or just the remaining gas?</Title>
	<Labels>solidity gas security evm revert-opcode</Labels>
	<AskTime>2017-07-01 21:18:41Z</AskTime>
	<AskUser>eth</AskUser>
	<Ques>
		<Content>
According to the docs revert() will not consume any gas:
Note that assert-style exceptions consume all gas available to the call, while revert-style exceptions will not consume any gas starting from the Metropolis release.
But i frequently read that revert() will refund unused gas, e.g. in this answer.
I'm thinking refunding ALL gas will open gates for DOS-attacks, so I'm assuming only unused gas will be refunded. But I would like confirmation :-)

		</Content>
		<Ask_Comment>
		</Ask_Comment>
	</Ques>
	<Answers>
		<AnswerUser>eth</AnswerUser>
		<AnswerTime>2017-07-01 21:17:48Z</AnswerTime>
		<Accepted>True</Accepted>
		<Content>
Just the remaining gas. revert will keep unused gas: meaning the caller will have the unused gas to perform further computations. refund is different and you're correct that if revert gave back gas to the caller, that would allow DoS attacks (a caller could loop many times, then revert, loop, and revert infinitely).
		</Content>
		<Answer_Comment>
			<Comment>So can we say that usage of revert() will be preferred over throw, as it saves the caller some gas? E.g. in cases the caller makes a mistake and provides wrong parameters, causing the contract to raise an error. – TripleSpeeder Jul 1 '17 at 21:29</Comment>
			<Comment>@TripleSpeeder Yes, throw is being deprecated. – eth♦ Oct 17 '17 at 10:30</Comment>
		</Answer_Comment>
	</Answers>
</Questions>
