<Questions>
	<Address>https://ethereum.stackexchange.com/questions/16634/open-ethereum-pool-the-total-payments-always-0</Address>
	<Title>open-ethereum-pool , the total payments always 0</Title>
	<Labels>go-ethereum balances</Labels>
	<AskTime>2017-05-26 00:55:03Z</AskTime>
	<AskUser>Angel</AskUser>
	<Ques>
		<Content>
i use the pool for private chain, it works
so i use the command
ethminer.exe -C -F http://192.168.11.102:8888/0x85cc549b04e862d662db8e440e26c9dc14eb657d/A9
from another windows pc
from the web, the minner is online and the blocks founded
but the total payments & immature balance & pending balance always 0
only the coinbase can get the balance
eth.getBalance(eth.accounts[0]) 189531250000000000000 eth.getBalance(eth.accounts[1]) 0 eth.accounts ["0x39b6412f5bf73cf00f0428ebe4758206a82dbd09", "0x55f77cb751e86cea24a9d10d19e1577d84d92a32", "0x85cc549b04e862d662db8e440e26c9dc14eb657d", "0x344e06e8e3413333a55b830a157a3f7f04f1f4ff", "0xb7a9f1b5bc32e450cc68debfdc84362249b97beb"] eth.coinbase "0x39b6412f5bf73cf00f0428ebe4758206a82dbd09"
what should i do

		</Content>
		<Ask_Comment>
		</Ask_Comment>
	</Ques>
	<Answers>
	</Answers>
</Questions>
