<Questions>
	<Address>https://ethereum.stackexchange.com/questions/34500/transaction-not-being-mined-on-ropsten</Address>
	<Title>Transaction not being mined on Ropsten</Title>
	<Labels>transactions mining testnets ropsten</Labels>
	<AskTime>2017-12-28 01:42:44Z</AskTime>
	<AskUser>Sayed Tauseef Haider Naqvi</AskUser>
	<Ques>
		<Content>
I initiated a transaction shown below on the Ropsten network on 20th december but it has still not been mined
#########CODE_START##########
eth.getTransaction("0x03be33da1534059365be44459153829fce0e0ff1f9423a5f823c048dae680f4d")

{
  blockHash: "0x0000000000000000000000000000000000000000000000000000000000000000",
  blockNumber: null,
  from: "0x39000b406ef0b3602a36eac3126ede1873b1a550",
  gas: 136158,
  gasPrice: 46000000000,
  hash: "0x03be33da1534059365be44459153829fce0e0ff1f9423a5f823c048dae680f4d",
  input: "0xa9059cbb00000000000000000000000096d495e9573520626e8432c63184f6de13d7a8b10000000000000000000000000000000000000000000000000000000000000014",
  nonce: 16,
  r: "0xc826a6f48d396876225c0a0e42d3e1db01b89291720df4075105fd57d1a7c960",
  s: "0x6fa6fe7904114eba91a717327aa5d9862dd01dbd36afa683d345c8ed9ddb6ec7",
  to: "0xeb1dcb768c1656721aeb0c1a727e84e0fec82ec7",
  transactionIndex: 0,
  v: "0x29",
  value: 0
}
#########CODE_END########
What could be the reason for this?

		</Content>
		<Ask_Comment>
			<Comment>how did you initiate this transaction? – de_ninja Dec 27 '17 at 11:55</Comment>
			<Comment>it is a transfer of tokens from one account to another. I used Ethereum wallet for this? – Webdev Dec 27 '17 at 12:10</Comment>
		</Ask_Comment>
	</Ques>
	<Answers>
		<AnswerUser>Sayed Tauseef Haider Naqvi</AnswerUser>
		<AnswerTime>2017-12-27 13:45:03Z</AnswerTime>
		<Accepted>True</Accepted>
		<Content>
This transaction in pending in geth txpool (from that transaction was broadcast). Due to high nonce the current nonce is 14 and this transaction nonce is 16.
		</Content>
		<Answer_Comment>
		</Answer_Comment>
	</Answers>
</Questions>
