<Questions>
	<Address>https://ethereum.stackexchange.com/questions/9105/modifiers-causing-internal-compilation-error</Address>
	<Title>Modifiers causing internal compilation error</Title>
	<Labels>solidity modifiers</Labels>
	<AskTime>2016-10-07 16:58:44Z</AskTime>
	<AskUser>ethereal</AskUser>
	<Ques>
		<Content>
My modifiers are throwing internal compilation errors: Internal compiler error: Identifier type not expected in expression context.
#########CODE_START##########
modifier critical {
    if (mutex) throw;
    mutex = true;
    _;
    mutex = false;
}

function createPlayer() {
    critical; 
    var player = players[msg.sender];
    if (player.ready) { throw; }
    player.ethaddress = msg.sender;
    player.creationdate = block.timestamp; 
    player.balance += msg.value;
}
#########CODE_END########

		</Content>
		<Ask_Comment>
		</Ask_Comment>
	</Ques>
	<Answers>
		<AnswerUser>Xavier Leprêtre B9lab</AnswerUser>
		<AnswerTime>2016-10-07 17:04:11Z</AnswerTime>
		<Accepted>True</Accepted>
		<Content>
function createPlayer() critical {
// Not
function createPlayer() {
    critical;
		</Content>
		<Answer_Comment>
		</Answer_Comment>
	</Answers>
	<Answers>
		<AnswerUser>eth</AnswerUser>
		<AnswerTime>2016-10-07 17:04:12Z</AnswerTime>
		<Accepted>False</Accepted>
		<Content>
Modifiers are specified after the function, like: function createPlayer() critical {
    ...
}
		</Content>
		<Answer_Comment>
		</Answer_Comment>
	</Answers>
</Questions>
