<Questions>
	<Address>https://ethereum.stackexchange.com/questions/34330/contract-transaction-ran-out-of-gas-but-the-gas-limit-is-much-higher-than-the-r</Address>
	<Title>Contract transaction ran out of gas, but the gas limit is much higher than the required amount</Title>
	<Labels>transactions contract-invocation out-of-gas</Labels>
	<AskTime>2017-12-25 12:14:55Z</AskTime>
	<AskUser>V. Rutten</AskUser>
	<Ques>
		<Content>
We have a smart contract which sends ETH to some address', but everytime we call that function, the function fails..
https://etherscan.io/tx/0xe430a3f57c01f4a1ea26dc94d4d16f0748d8d7a03e05187830c5bdf15826bdce
As you can see in the link we do however specify a much higher GAS limit that needed, but still it runs out of gas...
What is going wrong?

		</Content>
		<Ask_Comment>
		</Ask_Comment>
	</Ques>
	<Answers>
		<AnswerUser>pabloruiz55</AnswerUser>
		<AnswerTime>2017-12-25 13:55:38Z</AnswerTime>
		<Accepted>False</Accepted>
		<Content>
It seems to be a problem with one of the addresses you are forwarding ether. If you look at the internal transactions you will see the following: call_49 is failing due to "out of gas". If you inspect the target address, you will see it is a contract. Inspecting the code the contract has, it has a fallback function that has the following code: function() payable {
    if (!parentAddress.call.value(msg.value)(msg.data))
      throw;
    // Fire off the deposited event if we can forward it  
    ForwarderDeposited(msg.sender, msg.value, msg.data);
  }
 This suggests the problem is that the contract is receiving ether and trying to send it back its parent address and this call is either throwing or actually running out of gas, making the whole transaction fail.
		</Content>
		<Answer_Comment>
			<Comment>How can this be fixed? If inspect the parent address it got lots of ether etherscan.io/address/0x1522900b6dafac587d499a862861c0869be6e‌​428. Is it needed that the original contract (the one of V. Rutten) sends value at it's invocation or does the forward owner needs to add money to it's forward contract? – Casper Broeren Dec 26 '17 at 17:29</Comment>
			<Comment>If the receiving account is throwing when trying to send ether to it, there's not much you can do. One way to fix it would be not to send ether to that one account. – pabloruiz55 Dec 26 '17 at 20:18</Comment>
		</Answer_Comment>
	</Answers>
</Questions>
