<Questions>
	<Address>https://ethereum.stackexchange.com/questions/29911/passing-data-to-a-method</Address>
	<Title>Passing data to a method</Title>
	<Labels>solidity go-ethereum</Labels>
	<AskTime>2017-11-04 22:31:37Z</AskTime>
	<AskUser>Ismael</AskUser>
	<Ques>
		<Content>
I am working on a smart contract that take a data from each node to be stored in the blockchain
What is the best data structure to pass it as a method parameter?. I have done a string but it doesn't work if I pass a long string which contains some special character.
For example, I have the following code:
#########CODE_START##########
function push (String str)
{
.....
}

// invoking the method 
push("temp-temp,1234*cent,skgvxcj12497sdf7485t70gsbvw4987ety");
#########CODE_END########
Thanks

		</Content>
		<Ask_Comment>
		</Ask_Comment>
	</Ques>
	<Answers>
		<AnswerUser>pabloruiz55</AnswerUser>
		<AnswerTime>2017-11-04 23:08:23Z</AnswerTime>
		<Accepted>False</Accepted>
		<Content>
There's no issue with passing such a string. Tried the following on Remix and it does work: contract Test {

    string public data;

    function push (string str)
    {
        data = str;
    }

    function pushTheString(){
        push("temp-temp,1234*cent,skgvxcj12497sdf7485t70gsbvw4987ety");
    } 

}
		</Content>
		<Answer_Comment>
			<Comment>Thank you for your answer, but when I try it, EV exception appears, I will try it again and try to detect where the error is, Cheers – sheemar Nov 5 '17 at 12:06</Comment>
			<Comment>@sheemar Operations with strings may require large amounts of gas, be sure you have send enough gas with the transaction. – Ismael Nov 6 '17 at 17:02</Comment>
		</Answer_Comment>
	</Answers>
</Questions>
