<Questions>
	<Address>https://ethereum.stackexchange.com/questions/33662/object-composition-in-solidity</Address>
	<Title>Object composition in Solidity</Title>
	<Labels>solidity contract-development contract-design</Labels>
	<AskTime>2017-12-17 17:57:41Z</AskTime>
	<AskUser>Adam Szabo</AskUser>
	<Ques>
		<Content>
How does object composition work in Solidity? I haven't found a comprehensive guide, and all examples seem to deal with hello world level stuff or ERC20 token implementations.
Can I have a contract with public properties which are other contracts? Can these contract instances passed as function arguments between contracts?

		</Content>
		<Ask_Comment>
		</Ask_Comment>
	</Ques>
	<Answers>
		<AnswerUser>o0ragman0o</AnswerUser>
		<AnswerTime>2017-12-18 04:51:47Z</AnswerTime>
		<Accepted>True</Accepted>
		<Content>
Yes and Yes contract Foo {
    function Foo() {}

    function chop() public returns (bytes32)
    {
        return "Chop!!!";
    }
}

contract Bar {
    // Foo bytecode will be compiled into Bar's bytecode
    Foo public foo = new Foo(); 

    // Foo bytecode will be loaded into memory from an existing Foo deployment
    Foo public foo2 = Foo(0xF00BAA...); 

    // An address primitive to cast;
    address public hoo;

    // Internal calls can pass complex types
    function kungFoo(Foo sumFoo) internal {
        sumFoo.chop();
    }

    // External calls ca pass basic types
    function kungHoo(address sumHoo) public {
        hoo = sumHoo;
        Foo(hoo).chop();
    }
}
		</Content>
		<Answer_Comment>
		</Answer_Comment>
	</Answers>
</Questions>
