<Questions>
	<Address>https://ethereum.stackexchange.com/questions/24963/geth-testnet-attach-getsockopt-connection-refused-with-blockchain-saved-on</Address>
	<Title>geth --testnet attach “getsockopt: connection refused”, with blockchain saved on external storage</Title>
	<Labels>go-ethereum synchronization testnets ropsten</Labels>
	<AskTime>2017-08-23 08:31:48Z</AskTime>
	<AskUser>ethtrader</AskUser>
	<Ques>
		<Content>
I have just finished syncing to the testnet, but I'm having trouble running geth console on it.
Storing the blockchain on an external usb drive, this is the command I used to start geth on the testnet $ geth --testnet --datadir /media/removable/Lexar/ethereum/ --ipcpath ~/.ethereum/geth.ipc
and attempting to attach to the network with geth console geth --testnet attach http://127.0.0.1:8545 gave me this error:
Fatal: Failed to start the JavaScript console: api modules: Post http://127.0.0.1:8545: dial tcp 127.0.0.1:8545: getsockopt: connection refused
I read this answer here, but even with the --ipcpath flag as suggested, it doesn't work.
Please advise. Any help would be appreciated.

		</Content>
		<Ask_Comment>
		</Ask_Comment>
	</Ques>
	<Answers>
		<AnswerUser>Sanchit</AnswerUser>
		<AnswerTime>2017-08-23 11:06:39Z</AnswerTime>
		<Accepted>True</Accepted>
		<Content>
Once a geth node is already running on your machine then to attach you don't need to give rpcaddr once again, you can use below command to attach console to your already running geth node - geth attach ipc://path/to/ipc/datadir/geth.ipc
 You just need to know your IPC file and then you can attach it using above command. Hope this helps.
		</Content>
		<Answer_Comment>
		</Answer_Comment>
	</Answers>
</Questions>
