<Questions>
	<Address>https://ethereum.stackexchange.com/questions/16419/why-does-solidity-use-an-invalid-jump-instead-of-an-invalid-opcode-for-throws</Address>
	<Title>Why does Solidity use an invalid jump instead of an invalid opcode for throws?</Title>
	<Labels>solidity evm exceptions bad-jump invalid-opcode</Labels>
	<AskTime>2017-05-21 21:53:38Z</AskTime>
	<AskUser>eth</AskUser>
	<Ques>
		<Content>
In Solidity's 0.4.9 release:
Internal exceptions are now thrown by using an invalid opcode (0xfe), manual exceptions still use an invalid jump.
and
Code generator: Internal errors (array out of bounds, etc.) now cause a reversion by using an invalid instruction (0xfe - EIP141) instead of an invalid jump. Invalid jump is still kept for explicit throws.
Why the difference? Is there an advantage to using an invalid jump destination rather than the 0xfe opcode for explicit throws?

		</Content>
		<Ask_Comment>
		</Ask_Comment>
	</Ques>
	<Answers>
		<AnswerUser>Nikita Fuchs</AnswerUser>
		<AnswerTime>2017-05-21 22:41:21Z</AnswerTime>
		<Accepted>False</Accepted>
		<Content>
the whole idea behind using the invalid jump is burning the whole gas and therefore punishing the user for trying to do something he wasn't allowed to. First all exceptions used an invalid jump, but this can also lead to users being punished in an unfair way: If a user causes an array out of bounds without any bad intentions, all his gas was automatically burned. This was replaced with the invalid opcode, whereas devs still can punish users with a manual throw.
		</Content>
		<Answer_Comment>
			<Comment>An invalid opcode also burns all gas. So a throw can use invalid opcode instead of an invalid jump. Can you clarify why in one case "This was replaced with the invalid opcode", and in the manual throw case, invalid jump was not replaced with invalid opcode? – eth♦ May 22 '17 at 9:27</Comment>
			<Comment>Yes, I got that wrong, the invalid opcode indeed burns al gas, too. But invalid opcodes for programmatical errors allow fo easier / more differentiated error reporting:It's easier to tell if the code or a manual throw is the reason for the failure of a transaction. E.g. did I call for an array value I wasn't supposed to, or did I simply jump out of bounds ? – Nikita Fuchs May 22 '17 at 15:15</Comment>
		</Answer_Comment>
	</Answers>
</Questions>
