<Questions>
	<Address>https://ethereum.stackexchange.com/questions/33801/solidity-ecrecover-using-web3j-not-working</Address>
	<Title>Solidity ecrecover using web3j not working</Title>
	<Labels>solidity web3j recovery keccak</Labels>
	<AskTime>2017-12-19 09:27:45Z</AskTime>
	<AskUser>Adnan Md. Wahidur Rahman</AskUser>
	<Ques>
		<Content>
I am using below solidity file to recover Address from a hash.
#########CODE_START##########
function recoverAddress(bytes32 operationHash, uint8 v, bytes32 r, bytes32 s) public pure returns (address) {
    bytes memory prefix = "\x19Ethereum Signed Message:\n32";
    bytes32 prefixedHash = keccak256(prefix, operationHash);
    return ecrecover(prefixedHash, v, r, s);
}

function send2(address toAddress, bytes value, bytes data, bytes expireTime, bytes1 sequenceId, uint8 v, bytes32 r, bytes32 s) public returns (address) {
    var operationHash = keccak256("ETHER", toAddress, value, expireTime, sequenceId, data);
    var otherSigner = recoverAddress(operationHash, v, r, s);
    return otherSigner;
}

function send3(address toAddress, uint value, bytes data, uint expireTime, uint sequenceId, uint8 v, bytes32 r, bytes32 s) public returns (address) {
    var operationHash = keccak256("ETHER", toAddress, value, expireTime, sequenceId, data);
    var otherSigner = recoverAddress(operationHash, v, r, s);
    return otherSigner;
}
#########CODE_END########
This contract has two methods,
function send2(address toAddress, bytes value, bytes data, bytes expireTime, bytes1 sequenceId, uint8 v, bytes32 r, bytes32 s) public returns (address);
function send3(address toAddress, uint value, bytes data, uint expireTime, uint sequenceId, uint8 v, bytes32 r, bytes32 s) public returns (address);
Difference between them is only the input parameters like value, expireTime and sequenceId
If I pass them as bytes then I can recover address. But If I pass them as uint then fail to recover address.
var operationHash = keccak256("ETHER", toAddress, value, expireTime, sequenceId, data);
This return wrong operation hash for uint parameter.

		</Content>
		<Ask_Comment>
			<Comment>What's your question? If it's "Why can't I hash a uint?" it's because hash functions take bytes as input, and there's no conversion defined between the two. (If you think there should be, what endianness do you think such a conversion should use?) – smarx Dec 19 '17 at 9:31</Comment>
			<Comment>Thanks for your response. How can I convert bytes to uint in solidity? – Adnan Md. Wahidur Rahman Dec 19 '17 at 9:33</Comment>
			<Comment>I should say that there's no implicit conversion that happens between the two. – smarx Dec 19 '17 at 9:38</Comment>
			<Comment>See ethereum.stackexchange.com/q/4170/19510 for the other way around. – smarx Dec 19 '17 at 9:40</Comment>
		</Ask_Comment>
	</Ques>
	<Answers>
	</Answers>
</Questions>
