<Questions>
	<Address>https://ethereum.stackexchange.com/questions/23604/compiler-requests-storage-keyword-which-produces-the-next-compiler-error</Address>
	<Title>Compiler requests storage keyword which produces the next compiler error [duplicate]</Title>
	<Labels>solidity mist ethereum-wallet-dapp storage struct</Labels>
	<AskTime>2017-08-03 08:50:04Z</AskTime>
	<AskUser>Mindful</AskUser>
	<Ques>
		<Content>
This question already has an answer here: Usage of “storage” and “memory” keywords in struct declaration 1 answer
I want to deploy a contract via Mist, but the compiler tells me to use the storage keyword:
I tried many things including this one:
#########CODE_START##########
pragma solidity ^0.4.13;

//listing 1
contract Trace{

struct Tru{
    bool consumed;
    bool used;
    bool created;
    uint id;
    uint producedBy;
    uint consumedBy;
}

struct PrimitiveActivity{
    bool created;
    string storage name;
    uint id;
    uint inputTruId;
    uint outputTruId;
}
}
#########CODE_END########
However this just produces the next compiler error:
Expected identifier, got 'eth_compileSolidity' string storage name; ^
Has anyone an idea how I can resolve this issue? Thx.

		</Content>
		<Ask_Comment>
		</Ask_Comment>
	</Ques>
	<Answers>
		<AnswerUser>benjaminion</AnswerUser>
		<AnswerTime>2017-08-03 10:06:29Z</AnswerTime>
		<Accepted>True</Accepted>
		<Content>
Try using compiler version 4.14 (specifically 0.4.14+commit.c2215d46). The issue about needing the "storage" keyword goes away. You can select the compiler version in Remix on the settings tab.
		</Content>
		<Answer_Comment>
		</Answer_Comment>
	</Answers>
</Questions>
