<Questions>
	<Address>https://ethereum.stackexchange.com/questions/562/whats-involved-in-making-a-private-chain-become-a-sidechain-of-ethereum</Address>
	<Title>What's involved in making a private chain become a sidechain of Ethereum?</Title>
	<Labels>security private-blockchain sidechain</Labels>
	<AskTime>2017-04-13 13:01:02Z</AskTime>
	<AskUser>Community</AskUser>
	<Ques>
		<Content>
"A private Ethereum-based network that had a linkage allowing ether to be securely moved from the public Ethereum main chain onto it and back would be considered to be a sidechain of the public network"
What are the main steps for the "linkage" and how secure would it be? For example, are there any concerns about the sidechain being attacked (like there would be if it involved merge mining)?

		</Content>
		<Ask_Comment>
			<Comment>Would be nice to merge this with: ethereum.stackexchange.com/questions/1470/… – axic Mar 17 '16 at 23:06</Comment>
		</Ask_Comment>
	</Ques>
	<Answers>
		<AnswerUser>Alexey Akhunov</AnswerUser>
		<AnswerTime>2016-01-24 19:32:02Z</AnswerTime>
		<Accepted>False</Accepted>
		<Content>
One would need to deploy contracts on both public and private chain, which are able to verify the tokens of one another. That could be, of course, tricky since EtHash's (POW algorithm) implementation in Ethereum VM would be inefficient. It is potentially much more plausible to implement such a thing in Proof-Of-Stake phase (after Serenity), since mutual verification would be much simpler. If the private chain is mined by much smaller hash power, it is indeed more susceptible to an attack. However, this does not have any implications for the public chain. The private chain's tokens would be known to have weaker security and, consequently, treated as such, with extra caution and suspicion.
		</Content>
		<Answer_Comment>
		</Answer_Comment>
	</Answers>
</Questions>
