<Questions>
	<Address>https://ethereum.stackexchange.com/questions/30171/question-about-the-voting-example</Address>
	<Title>Question about the voting example</Title>
	<Labels>remix</Labels>
	<AskTime>2017-11-08 07:44:45Z</AskTime>
	<AskUser>Peter.PP</AskUser>
	<Ques>
		<Content>
I am a beginner studying how to use Solidity in writing smart contract.
As I read the Solidity documentation, I would like to have a feel of how smart contract works using the Remix IDE.
I am trying with the contract Ballot given in the voting example.

According to my understanding, after I have created the contract, I would be the the chairperson with address msg.sender.
And I can give right to other voters using the giveRightToVote function by entering their address.
What I am not sure here is how I can create another voter with different address in Remix IDE. If I click create, another contract would be generated voting for different proposals.
Can someone please teach me what I should do in order to create a new voter or point out if I have misunderstanding in concepts. Thank you very much.

		</Content>
		<Ask_Comment>
			<Comment>are you using javascript VM as the environmnet? – Achala Dissanayake Nov 8 '17 at 8:12</Comment>
			<Comment>yes, I have used the original setting. – Peter.PP Nov 8 '17 at 8:15</Comment>
			<Comment>yes, I would like to create other voter as well. – Peter.PP Nov 8 '17 at 8:19</Comment>
		</Ask_Comment>
	</Ques>
	<Answers>
		<AnswerUser>Achala Dissanayake</AnswerUser>
		<AnswerTime>2017-11-08 08:23:01Z</AnswerTime>
		<Accepted>True</Accepted>
		<Content>
Go to Run tab and select another account from account field and try. There are five test accounts with 100 ETH in each.
		</Content>
		<Answer_Comment>
			<Comment>Should I create a new contract by clicking create or clicking at address? – Peter.PP Nov 8 '17 at 8:25</Comment>
			<Comment>No need you can just use the functions available in already deployed contract – Achala Dissanayake Nov 8 '17 at 8:27</Comment>
		</Answer_Comment>
	</Answers>
</Questions>
