<Questions>
	<Address>https://ethereum.stackexchange.com/questions/26226/maintenance-of-contracts</Address>
	<Title>Maintenance of contracts</Title>
	<Labels>solidity contract-debugging bug</Labels>
	<AskTime>2017-09-11 15:08:38Z</AskTime>
	<AskUser>Davide C</AskUser>
	<Ques>
		<Content>
If debugging is the process of removing bugs. Then programming must be the process of putting them in.
Testing can show the presence of bugs, but not their absence
I could go forever with quotes on the subject. The point is that contracts once deployed are hard to be replaced with a fresh new bug (so far) free version.
I wonder which are the best practices here. Having a bugged contract implies loss of money. In this field code is money. Wasted code is wasted money.
The immediate countermeasure in design is to write contracts with a kind of backdoor, and once a bug is found, move the money to a fresh contract and start again. However, this solution implies a new contract address and some discomfort for contracts users because of this backdoor. Last but not least. The new contract has a new address. It is like in today's Internet having a new URL for any new version released in production. Any better ideas?

		</Content>
		<Ask_Comment>
			<Comment>This question ethereum.stackexchange.com/questions/2404/… should be interesting to you. You can make your contract that support some kind upgradability and serious projects just do that. You have to take into account your users, it is really inconvinient to move to a different address, but the losing all you have is much worse. – Ismael Sep 11 '17 at 17:10</Comment>
		</Ask_Comment>
	</Ques>
	<Answers>
	</Answers>
</Questions>
