<Questions>
	<Address>https://ethereum.stackexchange.com/questions/9664/what-do-the-strange-tiny-transactions-executed-at-the-same-time-during-the-ico-m</Address>
	<Title>What do the strange tiny transactions executed at the same time during the ICO mean?</Title>
	<Labels>transactions ico</Labels>
	<AskTime>2017-06-15 12:28:17Z</AskTime>
	<AskUser>Tesa</AskUser>
	<Ques>
		<Content>
Exploring InChain ICO smart contract transactions. Smart contract address is 0x162ac26e2f0fe036c3a3d370c118de0b6c883083
There are many tiny amount transactions executed at the same time. Like this, for example: https://etherscan.io/tx/0xb515d370fc6912a1ee88ed371035906e5c4d50f94009c52c03a4eb7b23a5c9dd
Usually all these tiny transactions are executed from the addresses that were used to deposit funds to ICO some time before. For example: https://etherscan.io/address/0xd0f0d00d85ca8237b9845d64d49098d03c3275fa
As you can see there was a transfer of 19.99 Ether at block 2516173. 5 hours later 0.00571868 Ether were sent to the same contract. Almost all the ICO transactions have the same pattern. One incoming transaction from some exchange wallet and two or more transactions to the ICO contract. And all the addresses have a balance like 0.000xxxxx Ether now.
I would like to know how is that possible that a large number of tiny transactions are executed at the same time from the large number of addresses (that belong to different people in theory)? Does it mean all the addresses are managed from one centralized point? To execute all the transactions at the same time the wallets should be unlocked simultaneously. This can be done with some APi or specialized script. Or maybe the accepting contract can execute some kind of 'delayed' transactions that were authorized several hours before by the address owner? Why all the accounts have a balance near zero now? Is it possible to send all the funds from Ethereum Wallet and leave 0.000xxx Ether using Mist or geth for an unexperienced user? I tried to do that but usually 0.01 Ether were still kept by my wallet.

		</Content>
		<Ask_Comment>
		</Ask_Comment>
	</Ques>
	<Answers>
	</Answers>
</Questions>
