<Questions>
	<Address>https://ethereum.stackexchange.com/questions/11626/how-nodes-are-discovered-with-pos</Address>
	<Title>How nodes are discovered with PoS?</Title>
	<Labels>proof-of-stake</Labels>
	<AskTime>2017-01-24 14:53:12Z</AskTime>
	<AskUser>null</AskUser>
	<Ques>
		<Content>
On the PoW model, in order to find the proper network all you need is the address of a single correct node. You're able to identify the proper network by simply picking up the one with the most accumulated computing power.
On the PoS model, the solution isn't as obvious to me. It seems that, in order to find the proper network, you must absolutely trust whoever gave you the IP of a node. That seems to put a "trust" barrier on network entrance.
Am I missing something, is there any clever trick to solve this issue?

		</Content>
		<Ask_Comment>
			<Comment>A new discovery protocol is in the works in geth, maybe you want to ask in that direction. – Herman Junge Jan 24 '17 at 14:52</Comment>
			<Comment>"Discovery v5" blog.ethereum.org/2016/11/17/whoa-geth-1-5 – Herman Junge Jan 24 '17 at 14:55</Comment>
			<Comment>This doesn't actually answer the question, does it? – MaiaVictor Jan 24 '17 at 15:25</Comment>
			<Comment>That's why I'm adding a comment instead of an answer, to help you, in your inquire for truth :-) – Herman Junge Jan 24 '17 at 15:57</Comment>
			<Comment>@HermanJunge Oh I see, sorry... – MaiaVictor Jan 24 '17 at 15:58</Comment>
		</Ask_Comment>
	</Ques>
	<Answers>
		<AnswerUser>Nathan Rush</AnswerUser>
		<AnswerTime>2017-01-24 20:12:39Z</AnswerTime>
		<Accepted>False</Accepted>
		<Content>
If I understand you correctly, you're asking how a node, in PoS, can trust another node it is connecting to for the purpose of downloading the blockchain, as it with PoS quite easy to "fake" the entire blockchain from the beginning of time (generating blocks requires little work). PoW, on the other hand, is impossible to fake unless you buy a very very very large amount of computing power and generate valid blocks (maybe leaving out a transaction or two to give yourself some extra Eth). To solve this issue, see this blog post about weak subjectivity. Essentially, when you sync your PoS node for the first time, you are going to have to go to a source you trust, whether that be the internet, a block explorer, Reddit, or a node you trust.
		</Content>
		<Answer_Comment>
		</Answer_Comment>
	</Answers>
</Questions>
