<Questions>
	<Address>https://ethereum.stackexchange.com/questions/34870/sending-tokens-from-myetherwallet-fail</Address>
	<Title>Sending tokens from MyEtherWallet fail</Title>
	<Labels>myetherwallet</Labels>
	<AskTime>2018-01-02 00:31:33Z</AskTime>
	<AskUser>Ismael</AskUser>
	<Ques>
		<Content>
I am trying to send tokens from MyEtherWallet to another address. I have set the gas limit at 200000 and have enough ETH to cover it. When I click send it says it has been added to the blockchain but when I check on etherscan it says "tx receipt failed" could it be that the tokens are still in presale and can't be sent?

		</Content>
		<Ask_Comment>
			<Comment>As it is, you haven't provided enough details for someone to help. If you can provide an example transaction hash, I'm sure someone can help investigate. – smarx yesterday</Comment>
		</Ask_Comment>
	</Ques>
	<Answers>
	</Answers>
</Questions>
