<Questions>
	<Address>https://ethereum.stackexchange.com/questions/21242/after-peering-2-nodes-i-am-now-trying-to-send-ether-to-the-other-node-but-i-am-g</Address>
	<Title>After peering 2 nodes i am now trying to send ether to the other node but i am getting the below error</Title>
	<Labels>transactions</Labels>
	<AskTime>2017-07-14 23:02:51Z</AskTime>
	<AskUser>lungj</AskUser>
	<Ques>
		<Content>
After peering 2 nodes i am now trying to send ether to the other node but i am getting the below error :
#########CODE_START##########
eth.sendTransaction({from: eth.coinbase, to: "0xc7d0aa54e81d394e4b9e9dce74508bc75a66fdb5", value: web3.toWei(10, “ether”)})
(anonymous): Line 1:114 Unexpected token ILLEGAL
#########CODE_END########
(and 5 more errors after this one)
Can you please help ?
Regards Shibu

		</Content>
		<Ask_Comment>
			<Comment>Are the quotation marks you used for "ether" here straight quotes or angled quotes as is pasted in? That could be the source of error. – lungj Jul 14 '17 at 21:57</Comment>
		</Ask_Comment>
	</Ques>
	<Answers>
	</Answers>
</Questions>
