<Questions>
	<Address>https://ethereum.stackexchange.com/questions/7411/rlp-encoding-of-0</Address>
	<Title>RLP encoding of 0</Title>
	<Labels>pyethereum rlp</Labels>
	<AskTime>2016-07-25 02:42:58Z</AskTime>
	<AskUser>bozzle</AskUser>
	<Ques>
		<Content>
According to the docs here,
For a single byte whose value is in the [0x00, 0x7f] range, that byte is its own RLP encoding
I ran the following using pyrlp (similar to the code in pyethereum here):
#########CODE_START##########
res = rlp.encode([1, 0])
print ':'.join(x.encode('hex') for x in res)
#########CODE_END########
and got a result of c2:01:80. The c2 refers to the list identifier (c0 + 2 bytes for the following 2 elements). The 01 is obviously the first element in the array (1), encoded as itself. The 0 however is encoded to hex 80, which from my understanding of the documentation should not be the case.
I did notice in the examples on the RLP wiki that the null string encodes to hex 80, so is that factoring into this somehow?

		</Content>
		<Ask_Comment>
		</Ask_Comment>
	</Ques>
	<Answers>
		<AnswerUser>Richard Horrocks</AnswerUser>
		<AnswerTime>2016-07-26 14:49:26Z</AnswerTime>
		<Accepted>True</Accepted>
		<Content>
It appears that encoding the integer 0 no longer equates to \x00 (as the documentation would imply). This can be seen both in your example, and in the fact that it can't be decoded: >>> decode('\x00')
'\x00'
>>> decode('\x00', big_endian_int)
Traceback (most recent call last):
  File "<stdin>", line 1, in <module>
  File "/usr/local/lib/python2.7/dist-packages/rlp/codec.py", line 214, in decode
....
 I think the typeless-ness of RLP encoding means that this shouldn't be an issue. Instead you can use \x80 and a sedes object to specify the type: >>> decode('\x80')
''
>>> decode('\x80', big_endian_int)
0
		</Content>
		<Answer_Comment>
			<Comment>The RLP specification says that an integer zero should equate to the empty array (zero bytes) – Sentinel Nov 12 '17 at 8:59</Comment>
		</Answer_Comment>
	</Answers>
</Questions>
