<Questions>
	<Address>https://ethereum.stackexchange.com/questions/16580/how-to-user-open-ethereum-pool-with-private-chain</Address>
	<Title>how to user open-ethereum-pool with private chain?</Title>
	<Labels>go-ethereum mining-pools</Labels>
	<AskTime>2017-05-25 05:30:01Z</AskTime>
	<AskUser>Angel</AskUser>
	<Ques>
		<Content>
i installed the pool , create the private chain, but the miners online alway be 0. what should i do ?
install pool create private chain, and create 3 accounts start geth with:
geth --datadir ~/pool/privatenets/chains/ --networkid 15 --rpc --rpcaddr "127.0.0.1" --rpcport "8545" --rpc --rpccorsdomain "*" console --etherbase=0x5e5d6fbc659f98f05519818f3f5f6df880500547
in the geth, i can use miner.begin(1) to get blocks start the pool with
./build/bin/open-ethereum-pool config.example.json all ip is set to 127.0.0.1
start the ember with:
ember server --port 8082 --environment development
start the minner with:
ethminer -C -F http://127.0.0.1:8888/0x0536c57f4095a20e55699a235821ba9a282b2a30/A1r
access the web , the miners online count always be 0
what should i do

		</Content>
		<Ask_Comment>
			<Comment>change the config --- "proxy" --- "difficulty" -- to a very small number, like 32768 , make sure the private chain have the same difficulty setting, wait for a short time since miner started, that's the solve – Angel May 26 '17 at 0:57</Comment>
		</Ask_Comment>
	</Ques>
	<Answers>
	</Answers>
</Questions>
