<Questions>
	<Address>https://ethereum.stackexchange.com/questions/18450/an-account-in-one-network-can-be-recovered-in-another-network-if-key-and-passwor</Address>
	<Title>An account in one network can be recovered in another network if key and password are known. What does this mean?</Title>
	<Labels>accounts keystore backup</Labels>
	<AskTime>2017-06-21 02:11:24Z</AskTime>
	<AskUser>Budhaditya Dutta</AskUser>
	<Ques>
		<Content>
Lets say we took a backup of an account in network A.We restored it back to another network B.Here network A and network B both are private network.So it will be working fine in network B as it was working in network A.I mean mining and all other work will continue as it is.If it holds any ether earlier it will be get reflected in network B.What does it signifies...From security perspective is it justified ?

		</Content>
		<Ask_Comment>
		</Ask_Comment>
	</Ques>
	<Answers>
	</Answers>
</Questions>
