<Questions>
	<Address>https://ethereum.stackexchange.com/questions/5873/ethminer-failed-to-submit-hashrate</Address>
	<Title>ethminer Failed to submit hashrate</Title>
	<Labels>go-ethereum cpp-ethereum mining-pools ethminer</Labels>
	<AskTime>2017-08-15 03:21:29Z</AskTime>
	<AskUser>Scott Weldon</AskUser>
	<Ques>
		<Content>
I keep getting an error: ethminer Failed to submit hashrate :( I am very new to this whole mining thing, and just want to learn more. I am using:
#########CODE_START##########
Geth
Version: 1.5.0-unstable

ethminer version 1.2.7
Build: Linux/g++/Interpreter/RelWithDebInfo
#########CODE_END########
This is the error:
#########CODE_START##########
miner  10:16:59.788|ethminer  Mining on PoWhash #d89fc0ca… : 2759410 H/s = 1572864 hashes / 0.57 s
  ✘  10:16:59.808|ethminer  Failed to submit hashrate.
  ✘  10:16:59.808|ethminer  Dynamic exception type: jsonrpc::JsonRpcException
std::exception::what: Exception -32700 : JSON_PARSE_ERROR: The JSON-Object is not JSON-Valid:  Database Error
#########CODE_END########
I've used the commands (to start mining):
#########CODE_START##########
./build/bin/geth --rpc --rpccorsdomain localhost

./libethereum/ethminer/ethminer -G -F http://ethereumpool.co/?miner=10@[ADDRESS]@myrig
#########CODE_END########
Btw I am guessing that [ADDRESS] is my coinbase (ethereum account on geth), is that right?
Any ideas why this is happening? I am currently using the develop branch from geth and Ubuntu Xenial

		</Content>
		<Ask_Comment>
		</Ask_Comment>
	</Ques>
	<Answers>
		<AnswerUser>Sjon</AnswerUser>
		<AnswerTime>2016-06-10 12:47:52Z</AnswerTime>
		<Accepted>True</Accepted>
		<Content>
Your client is trying to submit something to the server that's operated by the pool. Instead of returning valid json like it should; the server returns a string: Database Error
 It seems obvious to me there is nothing you can do to 'fix' this. It's a problem with the pool. All you can do is retry.
		</Content>
		<Answer_Comment>
			<Comment>unfortunately this seems to be the answer :P with dwarfpool it is working – doart3 Jun 13 '16 at 10:41</Comment>
		</Answer_Comment>
	</Answers>
	<Answers>
		<AnswerUser>Nicolas Massart</AnswerUser>
		<AnswerTime>2016-06-10 13:28:48Z</AnswerTime>
		<Accepted>False</Accepted>
		<Content>
I also had this error and complete deletion of the ethminer folders under ~/.ethash and restart of ethminer did the trick.
		</Content>
		<Answer_Comment>
		</Answer_Comment>
	</Answers>
	<Answers>
		<AnswerUser>Burke9077</AnswerUser>
		<AnswerTime>2016-06-10 11:47:40Z</AnswerTime>
		<Accepted>False</Accepted>
		<Content>
I recently dealt with the very same issue, and unfortunately there is no clear solution from just the information provided. Some steps that may get you back on your feet: Are you using an AMD card? Are you running catalyst version 16 drivers? Catalyst v16 has been known to produce bad shares and was my eventual issue. Uninstall the v16 drivers completely, reboot, then install v15 drivers. Your DAG may be corrupted. Stop geth, delete your DAG file, restart geth and the miner and the DAG will be rebuilt. DAG location: https://forum.ethereum.org/discussion/2114/where-are-my-config-files-go-and-cpp Best of luck, these errors can be tricky to fix.
		</Content>
		<Answer_Comment>
			<Comment>Thanks for the reply, I am using an Nvidia 745 already have deleted the DAG file :( – doart3 Jun 10 '16 at 11:50</Comment>
			<Comment>@doart3 I see on the specs page for the 745 says it can have up to 4 gb of GPU RAM. How much does your 745 have? Just trying to cover all my bases. geforce.com/hardware/desktop-gpus/geforce-gtx-745-oem/… – Burke9077 Jun 10 '16 at 12:11</Comment>
			<Comment>My graphics card has 4096 MB – doart3 Jun 10 '16 at 12:46</Comment>
		</Answer_Comment>
	</Answers>
	<Answers>
		<AnswerUser>null</AnswerUser>
		<AnswerTime>2016-06-11 02:11:07Z</AnswerTime>
		<Accepted>False</Accepted>
		<Content>
It appears that ethminer was broken in the 1.2.6 release. https://github.com/ethereum/webthree-umbrella/issues/558 I am working on a 1.2.8 release today, which would address the issue. The other alternative is to use Genoil's miner - https://github.com/Genoil/cpp-ethereum. NEW RELEASE HERE -> https://twitter.com/BobSummerwill/status/741450414290149376
		</Content>
		<Answer_Comment>
			<Comment>probably missing something but I am still getting the same error :( ./ethminer -V ethminer version 1.2.8 Build: Linux/g++/Interpreter/RelWithDebInfo – doart3 Jun 13 '16 at 10:11</Comment>
			<Comment>with dwarfpool it is working though ;) – doart3 Jun 13 '16 at 10:40</Comment>
		</Answer_Comment>
	</Answers>
</Questions>
