<Questions>
	<Address>https://ethereum.stackexchange.com/questions/28046/is-the-genesis-block-the-same-as-the-first-block</Address>
	<Title>Is the genesis block the same as the first block?</Title>
	<Labels>private-blockchain genesis</Labels>
	<AskTime>2017-11-11 01:30:56Z</AskTime>
	<AskUser>null</AskUser>
	<Ques>
		<Content>
I am playing around with a private blockchain, and I realize that I don't understand how the "genesis block" is different fromthe first block. I assume it has to get mined like any other, yes? Otherwise, why have a "gasLimit" in the genesis section of a chain spec?
Is it simply the first transaction I manually engage in? Like, if I fire up a few nodes and transfer some testETH between them, is that exchange the "genesis block"?
I have to ask this because the block does not seem to automatically happen if there are no transactions. I do have a miner on the network from the moment I start Parity but until I transact something, no blocks are visible in the explorer I am running.

		</Content>
		<Ask_Comment>
		</Ask_Comment>
	</Ques>
	<Answers>
		<AnswerUser>null</AnswerUser>
		<AnswerTime>2017-10-18 21:41:24Z</AnswerTime>
		<Accepted>False</Accepted>
		<Content>
The genesis block is just the initial state of the system when the chain is begun. EDIT: The genesis block is hardcoded into the system. When your node starts it is fed a pre-written genesis block. There is a particular one for the Ethereum public network but you could technically write one up and start a chain from that which people do often when building private networks for testing.
		</Content>
		<Answer_Comment>
			<Comment>I don't understand what that means, in relation to my question. – stone212 Oct 11 '17 at 5:11</Comment>
			<Comment>@jojoyh For example, what could the gasLimit for the genesis block mean in that case? – stone212 Oct 15 '17 at 5:37</Comment>
			<Comment>The gas limit param in the genesis block is just telling this chain this is the maximum amount of gas a transaction can burn. – jojeyh Oct 15 '17 at 21:16</Comment>
			<Comment>I could correct that comment but it would be off-topic. Anyway I still don't understand how your answer relates to the question so I won't mark it as correct until that changes – stone212 Oct 17 '17 at 3:17</Comment>
		</Answer_Comment>
	</Answers>
</Questions>
