<Questions>
	<Address>https://ethereum.stackexchange.com/questions/30490/mist-wallet-hangs-on-creating-contract</Address>
	<Title>Mist wallet hangs on creating contract</Title>
	<Labels>mist ethereum-wallet-dapp</Labels>
	<AskTime>2017-11-11 18:50:44Z</AskTime>
	<AskUser>gandra404</AskUser>
	<Ques>
		<Content>
I have the problem with Mist ver 0.9.2 on Mac. Hangs on creating contract.
Here is the log:
INFO [11-10|16:43:01] Starting peer-to-peer node instance=Geth/v1.7.2-stable-1db4ecdc/darwin-amd64/go1.9 INFO [11-10|16:43:01] Allocated cache and file handles database=/Users/gandra/Library/Ethereum/testnet/geth/chaindata cache=1024 handles=1024 INFO [11-10|16:43:04] Initialised chain configuration config="{ChainID: 3 Homestead: 0 DAO: DAOSupport: true EIP150: 0 EIP155: 10 EIP158: 10 Byzantium: 1700000 Engine: ethash}" INFO [11-10|16:43:04] Disk storage enabled for ethash caches dir=/Users/gandra/Library/Ethereum/testnet/geth/ethash count=3 INFO [11-10|16:43:04] Disk storage enabled for ethash DAGs dir=/Users/gandra/.ethash count=2 INFO [11-10|16:43:04] Initialising Ethereum protocol versions="[63 62]" network=3 INFO [11-10|16:43:04] Loaded most recent local header number=1729633 hash=5c07ec…a88172 td=2630668671660353 INFO [11-10|16:43:04] Loaded most recent local full block number=1729633 hash=5c07ec…a88172 td=2630668671660353 INFO [11-10|16:43:04] Loaded most recent local fast block number=1729633 hash=5c07ec…a88172 td=2630668671660353 WARN [11-10|16:43:04] Failed to journal local transaction err="no active journal" WARN [11-10|16:43:04] Failed to journal local transaction err="no active journal" INFO [11-10|16:43:04] Loaded local transaction journal transactions=2 dropped=0 INFO [11-10|16:43:04] Regenerated local transaction journal transactions=2 accounts=1 WARN [11-10|16:43:04] Blockchain not empty, fast sync disabled INFO [11-10|16:43:04] Starting P2P networking INFO [11-10|16:43:06] UDP listener up self=enode://eb648ac5dee6feea27c0f2644c363ca48f97eebec68fc76e04476c74fc8f0bf89b891338e61fa44119d614d0e0b41e3f2b989ff7f523cfa3d1a4a11a484c649e@[::]:30303 INFO [11-10|16:43:06] RLPx listener up self=enode://eb648ac5dee6feea27c0f2644c363ca48f97eebec68fc76e04476c74fc8f0bf89b891338e61fa44119d614d0e0b41e3f2b989ff7f523cfa3d1a4a11a484c649e@[::]:30303 INFO [11-10|16:43:06] IPC endpoint opened: /Users/gandra/Library/Ethereum/geth.ipc INFO [11-10|16:44:31] Submitted contract creation fullhash=0x90fdc0727ce8bc64fb10d2a0f8b8e2decd9b8487cb1a1daac3c7822d14a077ff contract=0x4A97c33AddbAa8E5746AFBEB2404e2fcA3302449
After the two days Mist is still in hang mode: https://giphy.com/gifs/26u4ktdvQbRrMeJCE/fullscreen

		</Content>
		<Ask_Comment>
			<Comment>Is your client fully synchronized? Do you have enough balance to pay for the deployment? Is your contract gas below the block gas limit? – Ismael Nov 12 '17 at 15:38</Comment>
		</Ask_Comment>
	</Ques>
	<Answers>
	</Answers>
</Questions>
