<Questions>
	<Address>https://ethereum.stackexchange.com/questions/32589/how-much-gas-is-charged-for-altcoins-transfer-over-ethereum-is-it-a-percentage</Address>
	<Title>How much Gas is charged for Altcoins transfer over Ethereum. Is it a percentage of the total amount or the number of tokens?</Title>
	<Labels>coinbase</Labels>
	<AskTime>2017-12-06 04:37:44Z</AskTime>
	<AskUser>HungryCoin</AskUser>
	<Ques>
		<Content>
If a Token ICO is $1 per Token. How much Gas would it cost before the Wallet fees. Coinbase charges around 6%. I assume the gas is part of the fee structure. Coinbase has bitcoin pending now for 3+ hours

		</Content>
		<Ask_Comment>
		</Ask_Comment>
	</Ques>
	<Answers>
	</Answers>
</Questions>
