<Questions>
	<Address>https://ethereum.stackexchange.com/questions/25757/how-is-it-possible-for-a-contract-to-automatically-charge-an-amount-to-an-extern</Address>
	<Title>How is it possible for a contract to automatically charge an amount to an external account?</Title>
	<Labels>transactions</Labels>
	<AskTime>2017-09-05 12:20:05Z</AskTime>
	<AskUser>Ajay</AskUser>
	<Ques>
		<Content>
How is it possible for a contract to automatically charge an amount to an EOA? I mean, in example, in a car rental smart contract (by hours) If balance of the EOA (Who has rented) is enough, how a new price unit (x wei) could be charged every hour.

		</Content>
		<Ask_Comment>
			<Comment>I mean, in example, in a car rental smart contract (by hours) If balance of the EOA (Who has rented) is enough, how a new price unit (x wei) could be charged every hour. – Carlos Tur Faúndez Sep 3 '17 at 20:31</Comment>
		</Ask_Comment>
	</Ques>
	<Answers>
		<AnswerUser>Ismael</AnswerUser>
		<AnswerTime>2017-09-05 03:55:40Z</AnswerTime>
		<Accepted>False</Accepted>
		<Content>
If you want to 'debit' an amount of ether from an external owned account currently it is not possible. The user has to send the ether to your contract. But with an ERC20 token you can use approve/transferFrom to allow a third party to retrieve an amount of tokens from your balance.
		</Content>
		<Answer_Comment>
		</Answer_Comment>
	</Answers>
</Questions>
