<Questions>
	<Address>https://ethereum.stackexchange.com/questions/34584/cant-withdraw-from-wallet-contract-once-again</Address>
	<Title>Can't withdraw from Wallet Contract ..once again</Title>
	<Labels>wallets</Labels>
	<AskTime>2017-12-28 12:39:35Z</AskTime>
	<AskUser>Rhovac</AskUser>
	<Ques>
		<Content>
Finally after syncing for 2 weeks, suddenly i see my wallet balance in Ethereum Wallet as well an wallet contract for mining, once i added it manually. The contract was created in around Juli 2017. I used the standard parameter to create this wallet and haven´t explicitly specified any functions like withdrawel.
https://etherscan.io/address/0x8e37d6fed83dbd34a9b802e8409fca45915b1c72#code
Now I checked the functions available and cannot find a way to make a transaction. I checked the execute command, put in an ether amount into value and a target wallet address. The contract command is, as displayed above the execution button, executed also from my main account. i cannot change the "execute from" address. Once i execute i get an transaction from my main wallet, not from the contract.
So it looks like a dead end using the Ethereum Wallet" as well the Mist wallet for a withdrawel.
Is there a way to manually create a transaction for a wallet contract?
Greetz, Rhovac

		</Content>
		<Ask_Comment>
			<Comment>This execute transaction 0xce9117dc.., seems to correctly transfer 1 wei from the wallet to the account 0x671231Ca... – Ismael Dec 28 '17 at 20:52</Comment>
			<Comment>Thx Ismael for the hint! That`s the solution to my withdrawel problem. I just send the smallest amount possible in ether, and also learned its called wei, not satoshi in etherworld :) – Rhovac Dec 29 '17 at 1:47</Comment>
		</Ask_Comment>
	</Ques>
	<Answers>
	</Answers>
</Questions>
