<Questions>
	<Address>https://ethereum.stackexchange.com/questions/15072/hello-i-erroneously-transferred-my-ethereum-coins-in-my-coinomi-wallet-to-the-e</Address>
	<Title>Hello! I erroneously transferred my Ethereum coins in my Coinomi Wallet to the Ethereum CLASSIC Wallet on Cryptopia</Title>
	<Labels>ethereum-classic exchanges wallet-transfer</Labels>
	<AskTime>2017-04-10 07:22:11Z</AskTime>
	<AskUser>kidkuzzy</AskUser>
	<Ques>
		<Content>
SO, here's the story; yesterday, I wanted to sync all my wallets to be on one exchanger and I found cryptopia to be reliable. But I wasn't paying attention when I generated the wallet for ETC and so I just copied the address and sent all the ETH on my Coinomi to that account. Now it's been 8 hours and I can't see a reflection of the coins anywhere. Is it possible to reverse this action?
PS: I'm new to cryptocurrencies. I'm not sure how all of this works...

		</Content>
		<Ask_Comment>
		</Ask_Comment>
	</Ques>
	<Answers>
		<AnswerUser>null</AnswerUser>
		<AnswerTime>2017-05-29 09:20:34Z</AnswerTime>
		<Accepted>False</Accepted>
		<Content>
Once a transaction is final on the blockchain, there is no way to cancel or reverse it. However, if you have the private key for this address (regardless of chain) you do still have access to your account. Start by checking your balance on etherscan.io and gastracker.io. If you see your balance, then it is just a matter of accessing that wallet on the correct chain in order to see and spend your ETH. If you have the private key to this account, you can use MyEtherWallet to access that wallet on either chain. You can select which chain you are on via the node switcher in the upper right corner of https://www.myetherwallet.com/. If you do not have the key because the funds are in a service, reach out to them and explain the situation. It may be possible that they can send your ETH/ETC to a different account.
		</Content>
		<Answer_Comment>
		</Answer_Comment>
	</Answers>
</Questions>
