<Questions>
	<Address>https://ethereum.stackexchange.com/questions/9816/calling-a-payable-function-sending-a-custom-amount</Address>
	<Title>calling a payable function sending a custom amount</Title>
	<Labels>go-ethereum contract-invocation</Labels>
	<AskTime>2016-11-04 11:19:54Z</AskTime>
	<AskUser>KanekiDev</AskUser>
	<Ques>
		<Content>
Lets supose i got a contract named Contract (already an instance). And this contract got a method/function named function with the payable clause.
This method gets the address of the caller and the amount paid to do some stuff.
I've tried calling it by: Contract.function.value(x)(arguments) but it throws me TypeError: 'value' is not a function.
How can i call this contract and send (as example) 5 ether to this function?
Thank you.

		</Content>
		<Ask_Comment>
		</Ask_Comment>
	</Ques>
	<Answers>
		<AnswerUser>KanekiDev</AnswerUser>
		<AnswerTime>2016-11-04 13:11:05Z</AnswerTime>
		<Accepted>False</Accepted>
		<Content>
New way: Contract.function({from:"address goes here", value:"amount goes here"})
 And that's the way to do it.
		</Content>
		<Answer_Comment>
		</Answer_Comment>
	</Answers>
</Questions>
