<Questions>
	<Address>https://ethereum.stackexchange.com/questions/24452/truffle-metamask-on-heroku-error-node-js-webpack</Address>
	<Title>Truffle & Metamask on Heroku Error - Node JS Webpack</Title>
	<Labels>web3js truffle metamask</Labels>
	<AskTime>2017-08-16 08:15:27Z</AskTime>
	<AskUser>Federico Capello</AskUser>
	<Ques>
		<Content>
I'm new to webpack and NodeJS in general. I have a local web app that works fine. When I deploy it to Heroku I get this error:
GET http://{example.com}:28203/sockjs-node/info?t=1501331942755 net::ERR_CONNECTION_REFUSED
Here is my webpack.config.js for Heroku:
#########CODE_START##########
const path = require('path');
const CopyWebpackPlugin = require('copy-webpack-plugin');

module.exports = {
  entry: './app/javascripts/app.js',
  output: {
    path: path.resolve(__dirname, 'build'),
    filename: 'app.js'
  },
  plugins: [
    // Copy our app's index.html to the build folder.
    new CopyWebpackPlugin([
      { from: './app/index.html', to: "index.html" }
    ])
  ],
  module: {
    rules: [
      {
       test: /\.css$/,
       use: [ 'style-loader', 'css-loader' ]
      }
    ],
    loaders: [
      { test: /\.json$/, use: 'json-loader' },
      {
        test: /\.js$/,
        exclude: /(node_modules|bower_components)/,
        loader: 'babel-loader',
        query: {
          presets: ['es2015'],
          plugins: ['transform-runtime']
        }
      }
    ]
  },
  devServer: {
    port: process.env.PORT || 8080,
    host: '0.0.0.0',
    disableHostCheck: true
  },
}
#########CODE_END########
Here is the entry file app.js removing the unnecessary parts and basically focusing on what should be executed when the app is ready:
#########CODE_START##########
// Import libraries
import { default as Web3} from 'web3';
import { templates } from '../javascripts/templates.js';
import { default as contract } from 'truffle-contract'

//...

$( document ).ready(function() {
  if (typeof web3 !== 'undefined') {
    console.warn("Using web3 detected from external source like Metamask")
    // Use Mist/MetaMask's provider
    window.web3 = new Web3(web3.currentProvider);
  } else {
    // fallback - use your fallback strategy (local node / hosted node + in-dapp id mgmt / fail)
    window.web3 = new Web3(new Web3.providers.HttpProvider("http://localhost:8545"));
  }

  account = web3.eth.accounts[parseInt(prompt("Select an Ethereum address..."))];//web3.eth.accounts[1];
  ForwardPayment.setProvider(web3.currentProvider);
  MatchPay.setProvider(web3.currentProvider);


  let filter = web3.eth.filter({fromBlock: 0, address: master_address, topics: [web3.sha3("Created(address,address,address)"), topicize(account), null, null]});
  filter.get(function(error, result) {
     reconstruct(result);
  });

  let in_filter = web3.eth.filter({fromBlock: 0, address: master_address, topics: [web3.sha3("Created(address,address,address)"), null, topicize(account), null]});
  in_filter.get(function(error, result) {
     in_reconstruct(result);
  });

  // look for newly created contracts
  let new_in_filter = web3.eth.filter({address: master_address, topics: [web3.sha3("Created(address,address,address)"), null, topicize(account), null]});
  new_in_filter.watch(function(error, receipt) {
    let contr_address = "0x" + receipt['topics'][3].substring(26);
    in_handler(contr_address, "0x" + receipt.topics[1].substring(26));
  });

});
#########CODE_END########
Many thanks.

		</Content>
		<Ask_Comment>
		</Ask_Comment>
	</Ques>
	<Answers>
	</Answers>
</Questions>
