<Questions>
	<Address>https://ethereum.stackexchange.com/questions/19274/how-to-set-default-address-in-truffle</Address>
	<Title>How to set default address in truffle?</Title>
	<Labels>go-ethereum truffle</Labels>
	<AskTime>2017-07-02 22:50:43Z</AskTime>
	<AskUser>null</AskUser>
	<Ques>
		<Content>
I made four accounts and lost the passwords to the first three. I am trying to run truffle migrate, but I am worried that truffle is trying to use the first address that I created rather than the latest one for which I still have the password. How can I either:
A) Delete the first 3 addresses without the passwords

or

B) Set the default address to the latest one?
References to errors:
#########CODE_START##########
Error encountered, bailing. Network state unknown. Review successful transactions manually.
Error: authentication needed: password or unlock
#########CODE_END########

		</Content>
		<Ask_Comment>
			<Comment>Really similar question and answer over here. How to be specific about the account to use: ethereum.stackexchange.com/questions/19283/… – Rob Hitchens Jul 3 '17 at 3:10</Comment>
			<Comment>I fixed my problem by deleting the keystores to the addresses with lost passwords – John Worthley Jul 3 '17 at 13:34</Comment>
		</Ask_Comment>
	</Ques>
	<Answers>
		<AnswerUser>Nikita Fuchs</AnswerUser>
		<AnswerTime>2017-07-02 23:01:27Z</AnswerTime>
		<Accepted>False</Accepted>
		<Content>
As far as I know, Truffle always uses the coinbase account. You can try setting it to another account, in your case web3.miner.setEtherBase(web3.eth.accounts[3]) please report if that worked.
		</Content>
		<Answer_Comment>
		</Answer_Comment>
	</Answers>
	<Answers>
		<AnswerUser>user3161928</AnswerUser>
		<AnswerTime>2017-10-30 08:14:38Z</AnswerTime>
		<Accepted>False</Accepted>
		<Content>
You can specify the account address in truffle.js file as below: staging: {
  host: "localhost", // Connect to geth on the specified
  port: 8545,
  from: "0x04136750a3df9f3cd19e06f60af25f596c74aa0c", // default address to use for any transaction Truffle makes during migrations
  network_id: 15,
  gas: 4700000 // Gas limit used for deploys
}
		</Content>
		<Answer_Comment>
		</Answer_Comment>
	</Answers>
	<Answers>
		<AnswerUser>Ajay</AnswerUser>
		<AnswerTime>2017-07-02 23:10:59Z</AnswerTime>
		<Accepted>False</Accepted>
		<Content>
You need to configure the truffle.js for giving the account to use - account will be mentioned in from paramter networks: {
development: {
 host: "localhost",
 port: 8545,
 network_id: "*" // match any network
            },
 live: {
 host: "178.25.19.88", // Random IP for example purposes (do not use)
 port: 80,
 network_id: 1,        // Ethereum public network
// optional config values:
// gas
// gasPrice
// from - default address to use for any transaction Truffle makes 
              during migrations
// provider - web3 provider instance Truffle should use to talk to the 
              Ethereum network.
//          - if specified, host and port are ignored.
         }
     }
 For each network, if unspecified, transaction options will default to the following values: gas: Gas limit used for deploys. Default is 4712388. gasPrice: Gas price used for deploys.Default is 100000000000 (100 Shannon). from: From address used during migrations. Defaults to the first available account provided by your Ethereum client. provider: Default web3 provider using host and port options: new - Web3.providers.HttpProvider("http://:") http://truffleframework.com/docs/advanced/configuration#networks
		</Content>
		<Answer_Comment>
		</Answer_Comment>
	</Answers>
</Questions>
