<Questions>
	<Address>https://ethereum.stackexchange.com/questions/32232/solution-to-collect-funds-raised-in-ico</Address>
	<Title>solution to collect funds raised in ico</Title>
	<Labels>ico</Labels>
	<AskTime>2017-12-01 18:23:51Z</AskTime>
	<AskUser>Davide C</AskUser>
	<Ques>
		<Content>
Simple question, which are the best practices to safely store money collected by ICOs. I know multisig is an option, but after multisig suicide doesn't sound so good. There are more?

		</Content>
		<Ask_Comment>
		</Ask_Comment>
	</Ques>
	<Answers>
		<AnswerUser>Ismael</AnswerUser>
		<AnswerTime>2017-12-04 18:36:23Z</AnswerTime>
		<Accepted>False</Accepted>
		<Content>
I'd say multisig wallets are pretty ok. The problem with parity's multisig wallet was not in the contract, but in the procedures they should have followed to safely deploy it.
		</Content>
		<Answer_Comment>
			<Comment>would you elaborate "procedures they should have followed"? – Davide C Dec 5 '17 at 11:32</Comment>
			<Comment>From their post-mortem analysis the fault was in the procedure to follow when deploying such critical component. They didn't have an explicit procedure, and deployment was done ad-hoc. In the rush to fix the previous bug they forgot the critical step of initializing the "library" contract. – Ismael Dec 5 '17 at 14:25</Comment>
		</Answer_Comment>
	</Answers>
</Questions>
