<Questions>
	<Address>https://ethereum.stackexchange.com/questions/24636/workaround-for-testrpc-bug-where-amounts-spent-multiple-time-with-library-calls</Address>
	<Title>Workaround for testRPC bug where amounts spent multiple time with library calls?</Title>
	<Labels>solidity contract-development testrpc library</Labels>
	<AskTime>2017-08-18 13:19:34Z</AskTime>
	<AskUser>szerte</AskUser>
	<Ques>
		<Content>
Using testRPC the amount transferred is multiple times of the msg.value if a library call is involved.
There is bug report and it was raised here and here as well.
It's a well documented, long standing bug in testRPC and as of testRPC v4.0.1 it's still there.
Anyone was able to come up with a workaround?

		</Content>
		<Ask_Comment>
			<Comment>You can use a private test network, with clique if you need faster block times. – Ismael Aug 18 '17 at 14:34</Comment>
			<Comment>thanks. not ideal, it still slows down dev cycle too much :/ – szerte Aug 18 '17 at 19:27</Comment>
			<Comment>The github issue seems will be fixed in the next version of testrpc github.com/ethereumjs/testrpc/issues/122#issuecomment-323528‌​520 – Ismael Aug 19 '17 at 16:59</Comment>
		</Ask_Comment>
	</Ques>
	<Answers>
		<AnswerUser>szerte</AnswerUser>
		<AnswerTime>2017-08-23 07:44:40Z</AnswerTime>
		<Accepted>True</Accepted>
		<Content>
It has been fixed in latest 4.1.0 release
		</Content>
		<Answer_Comment>
		</Answer_Comment>
	</Answers>
</Questions>
