<Questions>
	<Address>https://ethereum.stackexchange.com/questions/29977/is-there-a-current-11-2017-way-to-parse-the-ethereum-blockchain</Address>
	<Title>Is there a current (11/2017) way to parse the Ethereum blockchain?</Title>
	<Labels>go-ethereum blockchain parser</Labels>
	<AskTime>2017-11-06 08:50:19Z</AskTime>
	<AskUser>ConfusinglyCuriousTheThird</AskUser>
	<Ques>
		<Content>
I understand there exist many (defunct/unsupported to date) blockchain explorer project and rate-limited web APIs exist for culling Ethereum data from the .ldb blockchain files. But what about bulk processing of the .ldb files on a local node? Is there a (preferably python based) parser scheme?
Is there a recommended to date? For being a public ledger, it is quit difficult to actually access any of the data...

		</Content>
		<Ask_Comment>
			<Comment>Are you trying to parse things that happened in the past, or stream live data? – Alex Dec 11 '17 at 21:13</Comment>
		</Ask_Comment>
	</Ques>
	<Answers>
		<AnswerUser>munteanualex_ro</AnswerUser>
		<AnswerTime>2017-12-11 20:28:40Z</AnswerTime>
		<Accepted>False</Accepted>
		<Content>
To stream blockchain data for real-time analysis, make sure you have both geth and mongo running and start the process with: python3 stream.py https://github.com/alex-miller-0/Ethereum_Blockchain_Parser
		</Content>
		<Answer_Comment>
		</Answer_Comment>
	</Answers>
	<Answers>
		<AnswerUser>Thomas Jay Rush</AnswerUser>
		<AnswerTime>2017-12-12 02:40:39Z</AnswerTime>
		<Accepted>False</Accepted>
		<Content>
You can try QuickBlocks. It's C++, not Python, but it fully supported and actively developed: https://github.com/Great-Hill-Corporation/quickBlocks
		</Content>
		<Answer_Comment>
		</Answer_Comment>
	</Answers>
</Questions>
