<Questions>
	<Address>https://ethereum.stackexchange.com/questions/12602/no-data-is-deployed-on-the-contract-address</Address>
	<Title>Mist: error no data is deployed on this contract address</Title>
	<Labels>solidity mist ethereum-wallet-dapp</Labels>
	<AskTime>2017-02-22 13:51:26Z</AskTime>
	<AskUser>Prashant Prabhakar Singh</AskUser>
	<Ques>
		<Content>
When creating a new contract via deploy new contract (in Mist on the Test-Net), I get the error "No data is deployed on this contract address", but I filled in every field. it is a very easy straight forward contract:
#########CODE_START##########
pragma solidity 0.4.8;
contract MyContract {
 string public userName;
 function MyContract (string _name) {
   userName = _name;  
 }  
}
#########CODE_END########
It compiles without any problem, I can select the contract and I can add the constructor parameter (_name), I can deploy it and send it, but then I get that data error and the contract doesn't appear in my custom contracts overview. I already tried setting select fee on faster, this didn't help, unfortunately.
Anyone having any an idea what this could be? Thanks in advance or your help!

		</Content>
		<Ask_Comment>
			<Comment>Please tell the version of Mist you are using, will try to replicate your issue. – Prashant Prabhakar Singh Feb 22 '17 at 9:46</Comment>
		</Ask_Comment>
	</Ques>
	<Answers>
		<AnswerUser>Community</AnswerUser>
		<AnswerTime>2017-04-13 13:01:02Z</AnswerTime>
		<Accepted>False</Accepted>
		<Content>
I have tried replicating your contract on Ethereum Wallet 0.8.9. Everything seems good, the contract is deployed and mined properly. There may be an issue with Ethereum-Wallet version, try updating your wallet. One user had the same issue see here.
		</Content>
		<Answer_Comment>
			<Comment>Thanks Prashant. I'll give it a try. (as far as I know I installed the latest version.) The data that you put in the _name string field was published just fine? – Olivier Rikken Feb 22 '17 at 10:20</Comment>
			<Comment>Yes, the data was published fine. It worked flawlessly. – Prashant Prabhakar Singh Feb 22 '17 at 10:29</Comment>
		</Answer_Comment>
	</Answers>
	<Answers>
		<AnswerUser>null</AnswerUser>
		<AnswerTime>2017-03-01 14:03:13Z</AnswerTime>
		<Accepted>False</Accepted>
		<Content>
It seems like you need to send more gas at the testnet than normally needet. You can adjust it in the screen where you have to put in your password while your are deploying your contract. As you see the estimated fee consumtion is higher then the maximum of provided fee, even though ive selected the fee for the fastest transaction
		</Content>
		<Answer_Comment>
			<Comment>Yeah it seems like a bug in the ethereum wallet code, thanks for the answer this worked for me. – Nikhil Shekhawat Apr 26 '17 at 17:49</Comment>
		</Answer_Comment>
	</Answers>
	<Answers>
		<AnswerUser>null</AnswerUser>
		<AnswerTime>2017-08-16 20:40:09Z</AnswerTime>
		<Accepted>False</Accepted>
		<Content>
Make sure that you have constructor with modifier and try just copy and paste this code. pragma solidity ^0.4.11; contract JustDebug { address owner; string greeting; function JustDebug(address _owner) payable{ 
    //Конструктор
    owner = _owner; 
}


function kill() { 
    //Вернуть бабки
    if (msg.sender == owner) selfdestruct(owner); 
}


function greeter(string _greeting) public {
    greeting = _greeting;
}

function greet() constant returns (string) {
    return greeting;
}
 }
		</Content>
		<Answer_Comment>
		</Answer_Comment>
	</Answers>
	<Answers>
		<AnswerUser>ayaya118</AnswerUser>
		<AnswerTime>2017-03-01 02:37:10Z</AnswerTime>
		<Accepted>False</Accepted>
		<Content>
Does anyone know how to solve this problem??
		</Content>
		<Answer_Comment>
			<Comment>Have a look at the solution I posted. Try increasing gas, if it doesn't solve the problem, try updating the wallet. If the issue still persists, Ask a new question. Don't post your question as answer to other question. – Prashant Prabhakar Singh Mar 1 '17 at 6:21</Comment>
		</Answer_Comment>
	</Answers>
</Questions>
