<Questions>
	<Address>https://ethereum.stackexchange.com/questions/7132/getting-internal-transactions-of-ethereum-transactions-over-rpc</Address>
	<Title>How to get contract internal transactions</Title>
	<Labels>transactions web3js internal-transactions</Labels>
	<AskTime>2016-05-21 00:51:35Z</AskTime>
	<AskUser>eth</AskUser>
	<Ques>
		<Content>
I'd like to get the contract internal transactions like: https://etherscan.io/address/0xd654bdd32fc99471455e86c2e7f7d7b6437e9179#internaltx
I'm using web3 API. Is there any way to do it? Where do they appear in the blockchain?

		</Content>
		<Ask_Comment>
			<Comment>hopefully the answer will explain what an internal transaction is – Paul S Apr 27 '16 at 18:47</Comment>
			<Comment>They are the transactions triggered by the contracts. – Pablo Yabo Apr 27 '16 at 19:20</Comment>
			<Comment>sure, but still not sure what it means. I don't recall a solidity keyword for this. link? – Paul S Apr 27 '16 at 19:47</Comment>
			<Comment>@PaulS It's any transaction sent via the address.send() or address.call() functions in Solidity – Tjaden Hess♦ Apr 27 '16 at 23:19</Comment>
			<Comment>No, there are other ways to 'send' ether like suicide() or when you create a new contract – Pablo Yabo Apr 17 '17 at 22:03</Comment>
		</Ask_Comment>
	</Ques>
	<Answers>
		<AnswerUser>Nick Johnson</AnswerUser>
		<AnswerTime>2016-04-28 06:53:27Z</AnswerTime>
		<Accepted>True</Accepted>
		<Content>
There's not currently any way to do this using the web3 API. Internal transactions, despite the name (which isn't part of the yellowpaper; it's a convention people have settled on) aren't actual transactions, and aren't included directly in the blockchain; they're value transfers that were initiated by executing a contract. As such, they're not stored explicitly anywhere: they're the effects of running the transaction in question on the blockchain state. Blockchain explorers like etherscan obtain them by running a modified node with an instrumented EVM, which record all the value transfers that took place as part of transaction execution, storing them separately.
		</Content>
		<Answer_Comment>
			<Comment>Got it! Do you know if there is a plan to add a sort of mechanism to get these transactions or I must create an instrumented EVM. – Pablo Yabo Apr 28 '16 at 19:31</Comment>
			<Comment>I'm not aware of ongoing work to add an API like this, though there could be; if your goal is to get internal transfers for a given transaction, that'd be practical. If your goal is to get all transfers into an account, though, this isn't sufficient - and there's a bug for that. – Nick Johnson Apr 28 '16 at 19:59</Comment>
			<Comment>I already have the tx list for non contract transactions but I'd like to add the 'internal transactions' to the transaction list. Do you think that an instrumented EVM could work for that? – Pablo Yabo Apr 28 '16 at 20:37</Comment>
			<Comment>@PabloYabo It would, but if what you care about is "all transactions to this account", you have to run every single transaction through it, in case it produced a transfer to the account you care about. If you care about "all value transfers initiated by this transaction", then you can run it just on that transaction. – Nick Johnson Apr 29 '16 at 8:52</Comment>
			<Comment>@PabloYabo In that case, such a hypothetical API would probably serve your purposes - but in the meantime, you'll have to instrument the EVM yourself. – Nick Johnson Apr 29 '16 at 13:16</Comment>
		</Answer_Comment>
	</Answers>
	<Answers>
		<AnswerUser>Community</AnswerUser>
		<AnswerTime>2017-04-13 13:01:02Z</AnswerTime>
		<Accepted>False</Accepted>
		<Content>
In the Ethereum protocol there's only transactions and message calls. A transaction is a type of message call. A transaction may perform other message calls, but these are not transactions (even though blockchain explorers may label them inaccurately as "internal transactions"). These (internal) message calls are not published on the blockchain. To find the internal calls, the transaction needs to be processed through the EVM (for example, https://github.com/ethereumjs/ethereumjs-vm). To try illustrating, a transaction in Javascript looks like: {
  from: ...,
  to: "C1",
  value: ...,
  gas: ...,
  data: ...,
  gasPrice: ...,
  nonce: ...
}
 This is what you will see on the blockchain. Internal calls are the effects of taking the data part, feeding it to the contract C1, and executing the Ethereum Virtual Machine. The data is what tells C1 that it should call another contract C2: there is no separate {from:C1, to:C2,...} object on the blockchain that's needed. The data is encoded according to an ABI that says things like which function should be called and what the arguments are. Note: With @Nick's answer, all value transfers are a message call. But not all message calls are value transfers. A value transfer is when a contract is simply paid some Ether/wei (data is zero), but contracts can call each other without paying each other (data is non-zero, value is zero).
		</Content>
		<Answer_Comment>
			<Comment>Is it possible to get all those logs? – Pablo Yabo Jun 23 '16 at 20:16</Comment>
			<Comment>Yes, executing the EVM includes all LOG opcodes. – eth♦ Jun 23 '16 at 20:31</Comment>
		</Answer_Comment>
	</Answers>
	<Answers>
		<AnswerUser>null</AnswerUser>
		<AnswerTime>2017-05-29 18:59:31Z</AnswerTime>
		<Accepted>False</Accepted>
		<Content>
Fortunately, Geth EVM has new tools to get this done. It's possible to use debug_traceTransaction with RPC API. In NodeJS: var web3 = require('web3').web3;
web3.currentProvider.sendAsync({
    method: "debug_traceTransaction",
    params: ['0x3fac854179691e377fc1aa180b71a4033b6bb3bde2a7ef00bc8e78f849ad356e', {}],
    jsonrpc: "2.0",
    id: "2"
}, function (err, result) {
    ...
});
 Then, you'll need to'CREATE', 'CALL', 'CALLCODE' and 'DELEGATECALL' opcodes and keep track of the stack. You can read Nick Johnson detailed explanation: Instrumenting EVM If I finally implement it I'll write a full article with the code.
		</Content>
		<Answer_Comment>
			<Comment>The problem here is that any contract can call into the contract you're interested in at any time--if you want every internal transaction sent to your contract, the only way to do that is to search the traces of every transaction that happened since your contract was deployed. One semi-shortcut is to filter events, but this ignores 'internal transactions' that do not generate events. I posted some code here in C++ a couple of days ago: github.com/Great-Hill-Corporation/ethrpc – Thomas Jay Rush Oct 21 '16 at 20:58</Comment>
			<Comment>Yes, I know, it was just an example. Then, you'll need to do the same for each transaction. My idea is to index everything and then put the information in a database. – Pablo Yabo Oct 22 '16 at 0:05</Comment>
			<Comment>I'm working on the same exact idea. Index everything and put it in a database. The trouble I see with this is that this centralizes that data. If I create that data, how I you know I didn't fake it? I've been trying to figure out a way to both index it and decentralize the 'indexing calculation.' I know how to decentralize the storage (IPFS), but not how to decentralize the indexing calculation. Do you have any thoughts on that? Do you have a github I can check out? A very rough start of mine is at github.com/Great-Hill-Corporation/ethrpc. Maybe Golem allows to decentralize the calc. – Thomas Jay Rush Oct 26 '16 at 15:47</Comment>
			<Comment>Why there is web3.web3 instead of only using web3. ? – Alper Dec 19 '16 at 10:00</Comment>
		</Answer_Comment>
	</Answers>
	<Answers>
		<AnswerUser>knocte</AnswerUser>
		<AnswerTime>2016-06-30 08:40:04Z</AnswerTime>
		<Accepted>False</Accepted>
		<Content>
With web3+geth you might not be able to do this, as @Nick already said. But according to Parity's 1.1 version announcement, you could do it with it if you switch to this client. Quoting: New JSONRPC APIs for tracking, tracing and inspecting all message-calls and balance transfers, including those that happen as "internal transactions"; Haven't tested it yet though.
		</Content>
		<Answer_Comment>
			<Comment>This looks interesting, but couldn't find a well documented example even though the parity FAQ mentions a wiki page for it. Posted to github as Parity issue #1969 – Paul Aug 20 '16 at 5:49</Comment>
		</Answer_Comment>
	</Answers>
	<Answers>
		<AnswerUser>comodoro</AnswerUser>
		<AnswerTime>2017-11-25 17:30:55Z</AnswerTime>
		<Accepted>False</Accepted>
		<Content>
With recent versions of Parity (tested on 1.8.3) it is also possible. The RPC method is trace_replayTransaction. The corresponding code is something like web3.currentProvider.sendAsync({
    method: "trace_replayTransaction",
    params: [desiredTransactionHash, ['trace']],
    jsonrpc: "2.0",
    id: "1"
}, function (err, out) {
    console.log(out);
}
 Documentation is at the parity github repository.
		</Content>
		<Answer_Comment>
		</Answer_Comment>
	</Answers>
</Questions>
