<Questions>
	<Address>https://ethereum.stackexchange.com/questions/17154/cant-create-contract-wallet</Address>
	<Title>Can't create contract wallet</Title>
	<Labels>wallets</Labels>
	<AskTime>2017-06-03 13:38:36Z</AskTime>
	<AskUser>J. Doe</AskUser>
	<Ques>
		<Content>
I recently downloaded ethereum wallet and I got an account on it. When I bought some ethereum from litebit.eu the transaction went trough, but I can't see anything in my wallet. When I try to create a wallet contract it says "exceeds block gas limit"

		</Content>
		<Ask_Comment>
			<Comment>Can you provide the transaction hash and the addresses you are trying to use? – Samuel Barnes Jun 4 '17 at 6:02</Comment>
		</Ask_Comment>
	</Ques>
	<Answers>
	</Answers>
</Questions>
