<Questions>
	<Address>https://ethereum.stackexchange.com/questions/4283/how-to-create-a-new-account-with-ethereumjs-in-mix-ide</Address>
	<Title>How to create a new account with ethereumjs in Mix IDE</Title>
	<Labels>mix ethereumjs</Labels>
	<AskTime>2016-05-25 09:35:50Z</AskTime>
	<AskUser>Nicolas Massart</AskUser>
	<Ques>
		<Content>
Can I create a new account in Ethereum (with MIX IDE) by calling a contract method triggered by a button event in the html/js Dapp ?

		</Content>
		<Ask_Comment>
			<Comment>I think you are doing it wrong. Contracts can receive Ether transfers without need to create an account. – Mikko Ohtamaa Jun 24 '16 at 14:41</Comment>
		</Ask_Comment>
	</Ques>
	<Answers>
		<AnswerUser>Community</AnswerUser>
		<AnswerTime>2017-04-13 13:01:02Z</AnswerTime>
		<Accepted>False</Accepted>
		<Content>
I don't think smart contracts can do that. EVM on which smart contracts can run has the following limitation The Ethereum Virtual Machine or EVM is the runtime environment for smart contracts in Ethereum. It is not only sandboxed but actually completely isolated, which means that code running inside the EVM has no access to network, filesystem or other processes. Smart contracts even have limited access to other smart contracts. So instead you can do json-rpc and use the personal object from web3 to do so. For example web3.personal.newAccount(""); by including web3.js in your browser.However this approach may not be the best option as mentioned How can I make new account by JSON-RPC?
		</Content>
		<Answer_Comment>
		</Answer_Comment>
	</Answers>
</Questions>
