<Questions>
	<Address>https://ethereum.stackexchange.com/questions/13878/secure-way-to-store-users-tokens</Address>
	<Title>Secure way to store users tokens?</Title>
	<Labels>mist security dapps tokens metamask</Labels>
	<AskTime>2017-04-03 21:04:19Z</AskTime>
	<AskUser>ethereal</AskUser>
	<Ques>
		<Content>
Is there a secure way to make a functional Dapp that doesn't require metamask or mist browser? I see that a Dapp could hold Ethereum/Tokens for the users, and charge them the converted gas costs, for executing transactions on the network (using it's functionality in this case). But this leaves the private key to all the tokens on a server...correct? Is there a work around for this or should a developer go with metamask/mist browser?

		</Content>
		<Ask_Comment>
		</Ask_Comment>
	</Ques>
	<Answers>
	</Answers>
</Questions>
