<Questions>
	<Address>https://ethereum.stackexchange.com/questions/31271/why-do-we-need-ether-in-private-quorum-chain-for-transactions</Address>
	<Title>Why do we need ether in private quorum chain for transactions?</Title>
	<Labels>private-blockchain quorum</Labels>
	<AskTime>2017-11-21 12:19:40Z</AskTime>
	<AskUser>Jazz</AskUser>
	<Ques>
		<Content>
I have created a private quorum chain network. If there is a balance in the account address only then transactions are happening. Why do we need ether balance in quorum private chain or is there something I need to give additionally to do transactions with out ether balance because I have read that quorum private chain doesn't require ether for transactions

		</Content>
		<Ask_Comment>
		</Ask_Comment>
	</Ques>
	<Answers>
		<AnswerUser>Luiz Soares</AnswerUser>
		<AnswerTime>2017-11-21 12:44:34Z</AnswerTime>
		<Accepted>True</Accepted>
		<Content>
You need Ether in the account. But Ether is not deducted from the account. Check this issue issue38
		</Content>
		<Answer_Comment>
		</Answer_Comment>
	</Answers>
</Questions>
