<Questions>
	<Address>https://ethereum.stackexchange.com/questions/28972/who-is-msg-sender-when-calling-a-contract-from-a-contract</Address>
	<Title>Who is msg.sender when calling a contract from a contract</Title>
	<Labels>solidity contract-design</Labels>
	<AskTime>2017-10-21 20:55:21Z</AskTime>
	<AskUser>Rob Hitchens</AskUser>
	<Ques>
		<Content>
When I call a function in my contract which calls another function in another contract. In the second called contract function who is msg.sender? the contract calling the second contract or my account?

		</Content>
		<Ask_Comment>
		</Ask_Comment>
	</Ques>
	<Answers>
		<AnswerUser>Rob Hitchens</AnswerUser>
		<AnswerTime>2017-10-21 20:55:24Z</AnswerTime>
		<Accepted>False</Accepted>
		<Content>
Just to add Jesse's answer. tx.origin is supposed to be the account that signed a transaction. This sounds useful in principle, but in practice, it has been shown that the value can be spoofed. That means you can only use tx.origin when you're interested in the user identity but security isn't a concern, so ... err .. never. It's possible such a use-case exists, but I've yet to see it. You can successfully design things with the origin in mind, using msg.sender as the reliable input. Just pass it into functions in contracts further down the chain. function callOther() public returns(bool success) {
  return other.doSomething(msg.sender);
}
 and, in "Other", function doSomething(address origin) public returns(bool success) {
  // origin is the original initiator
  // msg.sender is the contract that called this. 
}
 Hope it helps.
		</Content>
		<Answer_Comment>
			<Comment>Spoofed? At the protocol level, or at the application level (e.g. an oracle)? – Jesse Busman Oct 21 '17 at 21:00</Comment>
			<Comment>Better if I refer to sources: github.com/ethereum/solidity/issues/683 – Rob Hitchens Oct 21 '17 at 21:11</Comment>
		</Answer_Comment>
	</Answers>
	<Answers>
		<AnswerUser>Jesse Busman</AnswerUser>
		<AnswerTime>2017-10-21 20:42:58Z</AnswerTime>
		<Accepted>False</Accepted>
		<Content>
msg.sender will be the contract calling the contract. tx.origin will be the account that initiated the chain of contract calls.
		</Content>
		<Answer_Comment>
		</Answer_Comment>
	</Answers>
</Questions>
