<Questions>
	<Address>https://ethereum.stackexchange.com/questions/4138/are-communications-encrypted</Address>
	<Title>Are communications encrypted?</Title>
	<Labels>encryption</Labels>
	<AskTime>2016-05-21 01:23:19Z</AskTime>
	<AskUser>ekkis</AskUser>
	<Ques>
		<Content>
I'd like to know whether the messages delivered to the ethereum network by my wallet are encrypted such that any identifying information about the wallet is inaccessible to the ISP?
in other words, can ownership of the wallet be traced to me via knowledge of the IP address I'm using at the time of the communication?
I can't seem to find an answer to this anywhere...

		</Content>
		<Ask_Comment>
			<Comment>See this previous answer: ethereum.stackexchange.com/a/1007/52 – Richard Horrocks May 21 '16 at 9:08</Comment>
		</Ask_Comment>
	</Ques>
	<Answers>
		<AnswerUser>niksmac</AnswerUser>
		<AnswerTime>2016-05-21 04:45:18Z</AnswerTime>
		<Accepted>False</Accepted>
		<Content>
No, they cannot trace your IP from the data stored in ethereum network. Your wallet, if it is Mist, it is actually writing the transaction data to your wn private Ethereum node and then only publishes to the live ethereum network. So, it is traceable back to you if and only if they are logging all the requests or you have published your wallet address along with postal address somewhere :)
		</Content>
		<Answer_Comment>
		</Answer_Comment>
	</Answers>
	<Answers>
		<AnswerUser>null</AnswerUser>
		<AnswerTime>2016-05-21 12:56:16Z</AnswerTime>
		<Accepted>False</Accepted>
		<Content>
The network is public, messages across it aren't encrypted and your ISP can see the transactions you're sending. Edit: I'm wrong, see @dbryson's comment.
		</Content>
		<Answer_Comment>
			<Comment>I'm confused. Messages sent between nodes are encrypted: github.com/ethereum/wiki/wiki/%C3%90%CE%9EVp2p-Wire-Protocol So your ISP can see your local node sending transactions but they shouldn't be able to see the contents of those transactions – dbryson May 21 '16 at 12:12</Comment>
		</Answer_Comment>
	</Answers>
	<Answers>
		<AnswerUser>opensourceprivacy</AnswerUser>
		<AnswerTime>2016-05-21 03:28:56Z</AnswerTime>
		<Accepted>False</Accepted>
		<Content>
You mention your ISP. If you use a VPN, Tor or I2P you ISP may be able to see that but they cannot see what you are doing on those private networks. Encryption of your message and the metadata you ask about (ip address, etc) are two separate issues.
		</Content>
		<Answer_Comment>
		</Answer_Comment>
	</Answers>
</Questions>
