<Questions>
	<Address>https://ethereum.stackexchange.com/questions/12269/error-creating-tokens-in-contract</Address>
	<Title>Error Creating tokens in Contract</Title>
	<Labels>ethereum-wallet-dapp precompiled-contracts</Labels>
	<AskTime>2017-04-13 13:01:02Z</AskTime>
	<AskUser>Community</AskUser>
	<Ques>
		<Content>
. Hi Newbie here on mist Ethereum wallet trying to expand the movement. Basically followed the code and full code tutorials to create tokens on TESTNET. Contracts show as created but no tokens exist.
First I increased all gas, then I tried following prior errors here Following token tutorial on ethereum.org, get error message "No data is deployed on the contract address"
I've tried with or without mods in this fix done last year but no difference.
Heres a hash error message.
https://testnet.etherscan.io/tx/0x0b714025a02eca2763f2a5c43364da07f7484ed04cd83947e31324e57e3199dd
Please help. Really trying to adopt this ETH proof of concept but seem to hit a wall
Heres the code I'm using. http://ethereum.org/token#the-code its from the "The code" tutorial section of Ethereum's Creating your own cryptocurrency page. Had links before but as a noob was limited to 2 links per post. The constructor parameters are Supply: 10000 Name:EATEST Symbol: ETR2 Decimals:2 code starts with
pragma solidity ^0.4.2;
#########CODE_START##########
contract tokenRecipient { 

function receiveApproval(address _from, uint256 _value, address _token, bytes _extraData);

}
#########CODE_END########
I click Deploy button,sign and after creation, it displays the red "No data is deployed.."

		</Content>
		<Ask_Comment>
			<Comment>Can you post the contract code you're actually deploying? Also, either the script or commands you're using to do the deployment. – Rob Hitchens Feb 18 '17 at 9:53</Comment>
			<Comment>Thanks for the assistance. Heres the code I'm using. ethereum.org/token#the-code its from the "The code" tutorial section of Ethereum's Creating your own cryptocurrency page. Had links before but as a noob was limited to 2 links per post. The constructor parameters are Supply: 10000 Name:EATEST Symbol: ETR2 Decimals:2 code starts with pragma solidity ^0.4.2; contract tokenRecipient { function receiveApproval(address _from, uint256 _value, address _token, bytes _extraData); } I click Deploy button,sign and after creation, it displays the red "No data is deployed.." message – oncebitten Feb 19 '17 at 4:43</Comment>
		</Ask_Comment>
	</Ques>
	<Answers>
		<AnswerUser>Rob Hitchens</AnswerUser>
		<AnswerTime>2017-02-19 07:34:15Z</AnswerTime>
		<Accepted>False</Accepted>
		<Content>
Not exactly a direct answer, but I'm posting a comment here so you can see a picture. It's really hard to say what might be going wrong (numerous tool setup and procedural possibilities), but this workaround could get things moving again. Many developers prefer Browser Solidity, recently renamed to Remix at https://ethereum.github.io/browser-solidity. Below, I've just copied and pasted the source file, and "created" the MyToken contract. You can see the functions on the right, including the initial supply. This tool gives fast turnaround with an in-memory blockchain "emulator" ... so no long delays for mining. Also a real-time compiler. Takes some getting used to, but a lot of developers prefer it for casual work. I think it might bring more joy. Hope it helps.
		</Content>
		<Answer_Comment>
			<Comment>Sorry.. accidentally submitted prior post on enter command. Anyway, Its 4 months later and admit it was Solidity and MEW that really got me through! Ethereum Wallet has quite a reputation I found out and there's far better alternatives esp as a noob. Solidity at first looked very intimidating but I learned to wrestle the beast and setup the token! Id recommend anyone new to avoid Ethereum wallet if still learning given the setups and config involved. – oncebitten Jul 12 '17 at 12:31</Comment>
		</Answer_Comment>
	</Answers>
</Questions>
