<Questions>
	<Address>https://ethereum.stackexchange.com/questions/33581/pyethapp-stuck-on-waiting-for-bootstrap</Address>
	<Title>Pyethapp stuck on waiting for bootstrap</Title>
	<Labels>dapp-development pyethereum pyethapp</Labels>
	<AskTime>2017-12-16 18:09:30Z</AskTime>
	<AskUser>chandan singh</AskUser>
	<Ques>
		<Content>
I am trying to build a distributed application using pyethapp.But I am facing difficulty in setting up pyethapp.


		</Content>
		<Ask_Comment>
		</Ask_Comment>
	</Ques>
	<Answers>
	</Answers>
</Questions>
