<Questions>
	<Address>https://ethereum.stackexchange.com/questions/30022/best-mining-tool-or-exe</Address>
	<Title>Best mining tool or exe</Title>
	<Labels>mining mining-pools solo-mining</Labels>
	<AskTime>2017-11-06 18:41:36Z</AskTime>
	<AskUser>user1688401</AskUser>
	<Ques>
		<Content>
I am trying simple mining test.Now I want to buy GPU hardware for real mining.
I understand that for mining we only need to mining exe(no need geth or other tools or download blockchain or download 30 gb wallet exe...).Is that true?I just need to create address from wallet website and mining exe?
If yes what is best exe for mining? I tried two exe ethminer.exe and minergate.exe but my hardware is too bad that I don't understant which is good which one do you prefer?

		</Content>
		<Ask_Comment>
			<Comment>Please refer to ethereum.stackexchange.com/questions/110/… – Malone Nov 6 '17 at 20:57</Comment>
		</Ask_Comment>
	</Ques>
	<Answers>
	</Answers>
</Questions>
