<Questions>
	<Address>https://ethereum.stackexchange.com/questions/16599/recovering-etc-from-a-contract-not-dao-running-mist</Address>
	<Title>Recovering ETC from a contract (not DAO) / running MIST</Title>
	<Labels>wallets ethereum-classic</Labels>
	<AskTime>2017-05-25 11:56:56Z</AskTime>
	<AskUser>Alx</AskUser>
	<Ques>
		<Content>
The issue I have is that I have some ETC in an old wallet from the pre-fork time. Most of them are located in a contract with positive balance shown using an explorer.
I am able to enter my wallet from online wallets but there are only 3 etc as balance. I cannot liquidate contract to move the rest of etc to the main address. Can it be done by online wallet and how? tried access contract on https://classicetherwallet.com/#contracts but I don't know these Json strings mystyery...
Another option is to use standalone wallet, I downloaded MIST and Ethereum wallet, got the wallet imported on geth but none of them is downloading blocks. NAT ports are open but it does not help. Tried to download the chain by torrent but no one is seeding.
What can be done to access my contract?

		</Content>
		<Ask_Comment>
		</Ask_Comment>
	</Ques>
	<Answers>
		<AnswerUser>5chdn</AnswerUser>
		<AnswerTime>2017-05-30 08:27:27Z</AnswerTime>
		<Accepted>False</Accepted>
		<Content>
[{"constant":true,"inputs":[{"name":"_dth","type":"address"}],"name":"calculateWithdraw","outputs":[{"name":"","type":"uint256"}],"type":"function"},{"constant":false,"inputs":[],"name":"escapeHatch","outputs":[{"name":"","type":"bool"}],"type":"function"},{"constant":false,"inputs":[{"name":"_additionalSeconds","type":"uint256"}],"name":"extendClosingTime","outputs":[],"type":"function"},{"constant":true,"inputs":[{"name":"_account","type":"address"}],"name":"getPaidOut","outputs":[{"name":"","type":"uint256"}],"type":"function"},{"constant":true,"inputs":[],"name":"getWHGDonationAddress","outputs":[{"name":"","type":"address"}],"type":"function"},{"constant":true,"inputs":[{"name":"_account","type":"address"}],"name":"getMyBalance","outputs":[{"name":"","type":"uint256"}],"type":"function"},{"constant":true,"inputs":[],"name":"getOwner","outputs":[{"name":"","type":"address"}],"type":"function"},{"constant":false,"inputs":[{"name":"_newOwner","type":"address"}],"name":"changeOwner","outputs":[],"type":"function"},{"constant":false,"inputs":[],"name":"claimRemaining","outputs":[{"name":"","type":"bool"}],"type":"function"},{"constant":false,"inputs":[],"name":"deposit","outputs":[{"name":"","type":"bool"}],"type":"function"},{"constant":false,"inputs":[{"name":"_beneficiary","type":"address"},{"name":"_percentageWHG","type":"uint256"},{"name":"_v","type":"uint8"},{"name":"_r","type":"bytes32"},{"name":"_s","type":"bytes32"}],"name":"proxyWithdraw","outputs":[],"type":"function"},{"constant":true,"inputs":[],"name":"getTotalFunds","outputs":[{"name":"","type":"uint256"}],"type":"function"},{"constant":false,"inputs":[{"name":"_beneficiary","type":"address"},{"name":"_percentageWHG","type":"uint256"}],"name":"withdraw","outputs":[],"type":"function"},{"inputs":[{"name":"_whg_donation","type":"address"},{"name":"_daoBalanceSnapshotAddress","type":"address"},{"name":"_escapeAddress","type":"address"},{"name":"_remainingBeneficiary","type":"address"}],"type":"constructor"},{"anonymous":false,"inputs":[{"indexed":true,"name":"dth","type":"address"},{"indexed":true,"name":"beneficiary","type":"address"},{"indexed":false,"name":"amount","type":"uint256"},{"indexed":false,"name":"percentageWHG","type":"uint256"},{"indexed":false,"name":"withdrawType","type":"uint256"}],"name":"Withdraw","type":"event"},{"anonymous":false,"inputs":[{"indexed":true,"name":"_depositor","type":"address"},{"indexed":false,"name":"_allowed","type":"bool"}],"name":"CertifiedDepositorsChanged","type":"event"},{"anonymous":false,"inputs":[{"indexed":false,"name":"amount","type":"uint256"}],"name":"Deposit","type":"event"},{"anonymous":false,"inputs":[{"indexed":false,"name":"amount","type":"uint256"}],"name":"EscapeCalled","type":"event"},{"anonymous":false,"inputs":[{"indexed":false,"name":"amount","type":"uint256"}],"name":"RemainingClaimed","type":"event"}]
		</Content>
		<Answer_Comment>
			<Comment>thanks i've tried that selected withdraw, left the amount 0 as suggested per wallet and the transaction went in but its 0 and nothing happened. gastracker.io/tx/… tried again, with amount of 127,did nothing to gas price left it at 34k but all I got was: etherhub.io/tx/undefined no track of transaction. transaction submitted but no tx any help? – Alx May 25 '17 at 19:55</Comment>
			<Comment>any help, please? cannot find the solution, amount moved is always 0 etc – Alx May 30 '17 at 8:04</Comment>
			<Comment>have you tried using parity? – Amazing May 31 '17 at 8:05</Comment>
			<Comment>yes, withdraw parity and nothing. somehow it always sends transaction FROM wallet to CONTRACT not otherwise. – Alx Jun 6 '17 at 21:17</Comment>
			<Comment>Did you check that you actually have ETC in the contract? – Amazing Jun 18 '17 at 16:00</Comment>
		</Answer_Comment>
	</Answers>
</Questions>
