<Questions>
	<Address>https://ethereum.stackexchange.com/questions/11990/in-a-rental-agreement-payrent-function-is-not-working-or-not-updating-on-mist</Address>
	<Title>In a rental agreement payRent function is not working or not updating on MIST!</Title>
	<Labels>solidity contract-development mist contract-design remix</Labels>
	<AskTime>2017-02-09 08:50:19Z</AskTime>
	<AskUser>Rob Hitchens</AskUser>
	<Ques>
		<Content>
I want to implement a Car rental agreement.
In Customer contract there in stract with 4 field. And a registerToProvider function. In Provider contract there are two function to set rent and registration fee. All these are working fine. If a customer register to provider service, and provider set some rent and registration fee it works and in MIST it shows.
But when customer call the payRent or payRegistration fee these are not working and no update on MIST. can u please check my code and say what is the problem.
#########CODE_START##########
contract CarRentalServiceCustomer is GeneralAccount{
    string public customerName;
    string public postalAddress;
    string public phoneNumber;
    string public emailAddress;

    mapping(address=>CarRentService) public rentCar;

    struct CarRentService{ 
        bool active;
        uint lastUpdate;
        uint registrationFee;   
        uint rent;              
    }

    function CarRentalServiceCustomer(string _name,string _postalAddress,string _phoneNumber,string _emailAddress){
        customerName  = _name;
        postalAddress = _postalAddress;
        phoneNumber   = _phoneNumber;
        emailAddress  = _emailAddress;
    }

    function registerToCarRentalServiceProvider(address _providerAddress) onlyOwner {

        rentCar[_providerAddress] = CarRentService({
                                    active: true, 
                                    lastUpdate: now,
                                    registrationFee: 0,
                                    rent: 0
                                    });
    }

    function setRegistrationFee(uint _registrationFee) {
        if(rentCar[msg.sender].active){
            rentCar[msg.sender].lastUpdate      = now;
            rentCar[msg.sender].registrationFee = _registrationFee;
        }
        else{
            throw;
        }
    }

    function setCarRent(uint _rent) {
        if(rentCar[msg.sender].active){
            rentCar[msg.sender].lastUpdate = now;
            rentCar[msg.sender].rent       = _rent;
        }
        else{
            throw;
        }
    }

    function payRegistrationFeeToCarRentalServiceProvider(address _providerAddress) returns (bool){

        bool regFeeStatus = true;
        if(_providerAddress.send(rentCar[_providerAddress].registrationFee))
        {
            rentCar[_providerAddress].registrationFee = 0;
            return regFeeStatus;
        }
        else{
            return !regFeeStatus;
        }
    }

    function payRentToCarRentalServiceProvider(address _providerAddress) returns (bool){

        bool payStatus = true;
        if(_providerAddress.send(rentCar[_providerAddress].rent))
        {
            rentCar[_providerAddress].rent = 0;
            return payStatus;
        }
        else{
            return !payStatus;
        }
    }

    function unsubscribeFromCarRentalService(address _providerAddress){
        if(rentCar[_providerAddress].active = false && rentCar[_providerAddress].rent == 0 
        && rentCar[_providerAddress].registrationFee == 0 ){
            rentCar[_providerAddress].active = false;
        } else {
            throw;
        }
    }
}
#########CODE_END########
when i call these function the transaction works properly but status is not changing. Kindly see the below image. I want after sending the rent both rent and registration fee will be 0.


		</Content>
		<Ask_Comment>
			<Comment>Possible to put the rest of the contract up? This has undefined structs and other issues so it can't compile. We don't see .rent set anywhere and this is a problem ( send(0) ) but it's not necessarily the problem. Need to see what the rest is doing. – Rob Hitchens Feb 8 '17 at 22:21</Comment>
			<Comment>I have upload the full code....can please have a look... – TAMIM HAIDER Feb 9 '17 at 8:48</Comment>
			<Comment>Thanks. I got it to compile by removing "is General Account" and the onlyOwner modifers. Good enough for troubleshooting. Found some problems. – Rob Hitchens Feb 9 '17 at 8:57</Comment>
			<Comment>Is the problem with Inherent contract or modifier. Modifier is imp for security. Sorry i am totally a newbie. Please feel free to suggest me to develop this contract. – TAMIM HAIDER Feb 9 '17 at 9:17</Comment>
			<Comment>I have a plan to add some functionalities like #customer can choose car # for example provider has 5 car then customer can not rent the car and a message will shoe all cars booked. #provider has a database how many customer is registered in the service.... But how can i map that i have no idea.... – TAMIM HAIDER Feb 9 '17 at 9:29</Comment>
		</Ask_Comment>
	</Ques>
	<Answers>
		<AnswerUser>null</AnswerUser>
		<AnswerTime>2017-02-09 15:16:30Z</AnswerTime>
		<Accepted>False</Accepted>
		<Content>
I'm fairly confused about what's supposed to be going on. Missing "GeneralAccount", so assuming that's where the payable functions are. After some fiddling, I found the sequence but I'm very confused about who's who and why we're doing certain things. I made minor changes to support the test: Removed is GeneralAccount (missing) Removed onlyOwner (missing) Added a do-nothing function payTestFunds() payable. Test: I looked at the various things that have to happen first for this function to work, and came up with a sequence: Sent contract some Eth with the payable function I added. Quite important, because if the contract doesn't have money, the send() will fail. Sent my address to registerToCarRentalServiceProvider Sent "1" to setCarRent Checked rentCar[myAddress]. 1. Correct. Sent my address to payRentToCarRentalServiceProvider Checked rentCar[myAddress]. 0. Correct. I'm having trouble following the business logic of it but it is setting the values as expected. The functions that send() are structurally unsafe but it's off topic so setting it aside. Hope it helps.
		</Content>
		<Answer_Comment>
			<Comment>I guess this is the problem. I have the contract GeneralAccount and its modifier onlyowner also. My Customer contract inherit that contract. I guess my problem is i didnt give any ether to my contract account. i thought the ether of send function will deduct from my external account. I was wrong. Now when i deploy my customer contract with some ethar i am getting the following error in my MIST wallet. "It seem this transaction will fail, if "you submit it , it may consume all the gas you send."....and i have added the following payable function function payTestFunds() payable{ } Tnx a lot – TAMIM HAIDER Feb 9 '17 at 13:18</Comment>
			<Comment>simple add a function payTestFunds() payable{ } was not enough then i made my constructor also payable. Now in my contract account i have 5 ether now i pay the bill but still same show the old value...not becoming 0 after paying the rent... – TAMIM HAIDER Feb 9 '17 at 14:56</Comment>
			<Comment>edited my answer with pictures. I think this contract might be too busy to find firm footing. – Rob Hitchens Feb 9 '17 at 15:20</Comment>
			<Comment>strange thing...i have also tried similar....but not working... – TAMIM HAIDER Feb 9 '17 at 15:40</Comment>
			<Comment>One thing that jumped out during testing was the inconsistent use of addresses passed in and msg.sender. I had to be careful that the addresses I passed to functions would match msg.sender in setCarRent() because the code works that way. – Rob Hitchens Feb 9 '17 at 15:48</Comment>
		</Answer_Comment>
	</Answers>
</Questions>
