<Questions>
	<Address>https://ethereum.stackexchange.com/questions/13321/is-there-any-way-to-create-an-ethereum-account-from-rsa-key</Address>
	<Title>Is there any way to create an ethereum account from RSA key?</Title>
	<Labels>accounts parity cryptography parity-wallet</Labels>
	<AskTime>2017-12-16 11:11:49Z</AskTime>
	<AskUser>Jesse Busman</AskUser>
	<Ques>
		<Content>
I have my very private RSA key:
#########CODE_START##########
-----BEGIN PRIVATE KEY-----
MIIJQQIBADANBgkqhkiG9w0BAQEFAASCCSswggknAgEAAoICAQDI0vCkxjyJQ7b7
MVJKKXVTFSH3yN5xWozV1pZ8grTTr6dL90bmeCHIw9PnsZRJWsAhstnSnLm1v7KE
kkNqFi2s+sBf1BSBDZ5onoWE0dtb3R2dG25AsYRj54Sd6rtX9U/2aF ... uNjei
sMA0VQ2av7J60ulAz2AYMHoMrEOznhUpgOM7Op7hR3WE0XFkmL4wmcovboCXTtp8
tMK8EN5Hp4YasJp4Hw9Rc50EluiXMsCuc9Uwr41FZhQQJGtWPGImxoiPU6jJfZUP
yja709eeToSrwU6xoYArh7RnN3Qx
-----END PRIVATE KEY-----
#########CODE_END########
I use keythereum to generate an ethereum wallet:
#########CODE_START##########
const privateKey = fs.readFileSync('my_private_key_file', 'utf8')
const password = 'myVerySecretPassword'

function generateWallet(privateKey, password){

    const dk = {
        privateKey: Buffer.from(privateKey, 'utf8'),
        salt: crypto.randomBytes(32),
        iv: crypto.randomBytes(16)
    }

    const options = {
        kdf: "pbkdf2",
        cipher: "aes-128-ctr",
        kdfparams: {
            c: 262144,
            dklen: 32,
            prf: "hmac-sha256"
        }
    }

    return keythereum.dump(
        password,
        dk.privateKey,
        dk.salt,
        dk.iv,
        options
    )
}
#########CODE_END########
That's what I get back:
#########CODE_START##########
{
    address: 'c1cfd69deab90015dd456164d058f73abe3b80f4',
    crypto: {...},
    id: 'd94389ec-1e8a-4e95-a386-0a3be0900e13',
    version: 3
}
#########CODE_END########
Now I want to start transacting from the address 0xc1cfd69deab90015dd456164d058f73abe3b80f4. How can I unlock it and set as a desired coinbase? The JSON RPC method parity_newAccountFromSecret accepts only hex, no more than 64-character long.

		</Content>
		<Ask_Comment>
		</Ask_Comment>
	</Ques>
	<Answers>
		<AnswerUser>Community</AnswerUser>
		<AnswerTime>2017-04-13 13:01:02Z</AnswerTime>
		<Accepted>True</Accepted>
		<Content>
No, there isn't. Ethereum uses keys based on ECDSA (Elliptic Curve Digital Signature Algorithm) that is really different from RSA (Rivest, Shamir, Adleman). See also How are ethereum addresses generated? Generating a usable Ethereum wallet and its corresponding keys ECDSA: The digital signature algorithm of a better internet
		</Content>
		<Answer_Comment>
		</Answer_Comment>
	</Answers>
</Questions>
