<Questions>
	<Address>https://ethereum.stackexchange.com/questions/24478/when-is-a-transaction-signature-checked-in-a-contract</Address>
	<Title>When is a transaction signature checked in a contract?</Title>
	<Labels>solidity contract-development signature</Labels>
	<AskTime>2017-08-16 15:58:26Z</AskTime>
	<AskUser>user153465</AskUser>
	<Ques>
		<Content>
In the Solidity tutorial and examples here, I don't see any signature checking. In particular, in the contracts provided there, they don't check whether the sender of a message is actually the person who claims to be. So, my question is:
Question: In contracts written in Solidity, do we usually check the signature (of the message sender)? if yes, when?

		</Content>
		<Ask_Comment>
		</Ask_Comment>
	</Ques>
	<Answers>
		<AnswerUser>Thomas Clowes</AnswerUser>
		<AnswerTime>2017-08-16 16:26:18Z</AnswerTime>
		<Accepted>False</Accepted>
		<Content>
The address of the sender of a transaction populates msg.sender. You can check if this address matches a particular address in your function definitions. You do this when you need to. I.E When your functionality requires a specific user to have called it. You can abstract this 'checking' functionality into a modifier to keep your code DRY.
		</Content>
		<Answer_Comment>
			<Comment>Thanks. I think if we just compare msg.sender with some address we have in mine, the problem would not be solved. I think we need to see if it has the private key related to msg.sender. Am I missing something? – user153465 Aug 16 '17 at 16:46</Comment>
			<Comment>Yes. You can't sign a transaction without the private key. I.E. The function is only executed and msg.sender is only set if the transaction has been signed correctly. – Thomas Clowes Aug 16 '17 at 16:49</Comment>
			<Comment>Right, that means the contract doesn't need to worry about it, and this verification is done by the (full) nodes and miner. Is that right? – user153465 Aug 16 '17 at 16:51</Comment>
			<Comment>Yes. To all extents and purposes. – Thomas Clowes Aug 16 '17 at 16:52</Comment>
		</Answer_Comment>
	</Answers>
	<Answers>
		<AnswerUser>carver</AnswerUser>
		<AnswerTime>2017-08-16 18:36:57Z</AnswerTime>
		<Accepted>False</Accepted>
		<Content>
The Ethereum protocol is defined such that you can trust that the sender is really set to the owner of the account (in Solidity, that means you can trust msg.sender is already validated). Below are some sections of the yellow paper which define this protocol. Specifically, a transaction includes several parameters (v, r, and s) that allow everyone to validate the signature. Transactions are only considered valid if the signature is valid. (see item 2) Blocks that include invalid transactions will be rejected as invalid by protocol-respecting miners and peers. (see item 2) Miners that attempt to include a transaction with an invalid signature anyway (violating the protocol) will waste their resources: future miners will not build on top of the invalid block, and the malicious miner will never get to spend their block reward.
		</Content>
		<Answer_Comment>
			<Comment>It'd be better to quote the text, instead of using screenshots of the yellow paper since it's blurry and hard to read. – Miguel Mota Nov 27 '17 at 16:49</Comment>
		</Answer_Comment>
	</Answers>
	<Answers>
		<AnswerUser>Matthew Schmidt</AnswerUser>
		<AnswerTime>2017-08-16 16:32:46Z</AnswerTime>
		<Accepted>False</Accepted>
		<Content>
Signatures are checked automatically by the EVM prior to a contract's execution. There's no need to double-check, nor is it possible. In fact, if msg.sender is another contract, it doesn't even make sense. It is, however, possible to manually verify a signature with ecrecover(). This is useful for state channels, as an example.
		</Content>
		<Answer_Comment>
		</Answer_Comment>
	</Answers>
	<Answers>
		<AnswerUser>Rob Hitchens</AnswerUser>
		<AnswerTime>2017-08-16 16:34:49Z</AnswerTime>
		<Accepted>False</Accepted>
		<Content>
The protocol checks for you. It's not a valid transaction unless signed by msg.sender. So, nicely, not a concern. Many apps need to check for privileges (is this the admin?) so they can check the msg.sender against an access control list of some kind. A little off topic, but related. tx.origin is a no-go in my opinion because the sender can spoofed in ways that are not possible with msg.sender. Hope it helps.
		</Content>
		<Answer_Comment>
			<Comment>Thanks for the answer. Which protocol do you mean by "The protocol checks for you"? – user153465 Aug 16 '17 at 16:42</Comment>
			<Comment>Ethereum, miners, verifiers. It's just not a valid transaction unless it's signed by the msg.sender and everyone knows it. – Rob Hitchens Aug 16 '17 at 19:16</Comment>
		</Answer_Comment>
	</Answers>
</Questions>
