<Questions>
	<Address>https://ethereum.stackexchange.com/questions/6975/type-inaccessible-dynamic-type-is-not-implicitly-convertible</Address>
	<Title>Type inaccessible dynamic type is not implicitly convertible</Title>
	<Labels>solidity</Labels>
	<AskTime>2016-07-29 14:41:16Z</AskTime>
	<AskUser>dragosb</AskUser>
	<Ques>
		<Content>
This code works:
#########CODE_START##########
contract C {
  function Get() constant returns(bytes8[]) {
    bytes8[] stuff;
    return stuff;
  }
  function Copy() {
    bytes8[] memory stuff = Get();
  }
}
#########CODE_END########
But when I try to call Get() in another way...
#########CODE_START##########
contract A {
  A other;
  function Get() constant returns(bytes8[]) {
    bytes8[] stuff;
    return stuff;
  }
  function Copy() {
    bytes8[] stuff = other.Get();
  }
}
#########CODE_END########
I get this error:
#########CODE_START##########
DynamicType.sol:8:5: Error: Type inaccessible dynamic type is not implicitly convertible to expected type bytes8[] memory.
    bytes8[] memory stuff = other.Get();
    ^---------------------------------^
#########CODE_END########
I come from the Javascript world where we don't have to worry about storage vs memory types. I have read the section in the Solidity docs on Data Location but it would be helpful to get an explanation particular to this example so that I can better connect the concepts.

		</Content>
		<Ask_Comment>
			<Comment>I don't think that you need to create "A other;". Use this or call the function normally. – A.K. Jul 27 '16 at 13:27</Comment>
		</Ask_Comment>
	</Ques>
	<Answers>
		<AnswerUser>null</AnswerUser>
		<AnswerTime>2016-08-05 18:59:58Z</AnswerTime>
		<Accepted>True</Accepted>
		<Content>
To answer the main question that the OP is asking: the problem is that the EVM is unable to read variably-sized data from external function calls. If you replace, in Get(), bytes8[] with uint you will see the error disappear. Here (https://gist.github.com/raineorshine/ab40fa8c967e96dc94a1d34e2a79179b) is an example which shows, if you copy paste it in the solidity browser, that the error is not related to storage or memory issues.
		</Content>
		<Answer_Comment>
			<Comment>Hi! Thank you for your explanation. The main message I'm getting is that you cannot dynamically allocate variables in storage. It does not answer my question specifically, but it is useful information nonetheless. (The error I get occurs when there is a reference to another instance, not the current instance. Naturally, removing the other instance as you did changes the problem. "The error you receive is because you don't initialize other" -> this is simply not true; the error occurs at compile-time, and occurs whether it is initialized or not.) – Raine Jul 30 '16 at 19:20</Comment>
			<Comment>how do you initialize it ? because if you try A other = new A() you get an error because you cannot create a contract of the same type inside a contract. – dragosb Jul 30 '16 at 19:26</Comment>
			<Comment>You can pass in the address from the outside before calling Copy(): gist.github.com/raineorshine/35305e0a35e7e1184a6d4d54cbc853d‌​4 – Raine Jul 30 '16 at 19:28</Comment>
			<Comment>The question is more about what specifically is causing the error rather than whether the pattern makes sense architecturally for a specific problem. – Raine Jul 30 '16 at 19:29</Comment>
			<Comment>I did some tests and I think the problem is that the EVM is unable to read variably-sized data from external function calls. If you replace, in Get(), bytes8[] with uint you will see the error disappear. – dragosb Jul 30 '16 at 19:41</Comment>
		</Answer_Comment>
	</Answers>
</Questions>
