<Questions>
	<Address>https://ethereum.stackexchange.com/questions/10293/how-can-i-get-the-return-values</Address>
	<Title>How can I get the return values?</Title>
	<Labels>solidity contract-development</Labels>
	<AskTime>2016-11-25 21:54:04Z</AskTime>
	<AskUser>Kangqi Li</AskUser>
	<Ques>
		<Content>
I have a function with 4 return values which are in different types. Within the same contract, I want another function get this return values. For example,
#########CODE_START##########
function myFunction1() returns (uint, string, address){
       ......
}
funtion myFunction2(){
    String s = myFunction1();
}
#########CODE_END########
I want string s get the second value returned by myFunction1. How can I do that?

		</Content>
		<Ask_Comment>
		</Ask_Comment>
	</Ques>
	<Answers>
		<AnswerUser>Community</AnswerUser>
		<AnswerTime>2017-04-13 13:01:02Z</AnswerTime>
		<Accepted>False</Accepted>
		<Content>
See the section on "destructuring assignments and returning multiple values" in the Solidity documentation. As an example:     function f() returns (uint, bool, uint) {
        return (7, true, 2);
    }

    function g() {
        // Declares and assigns the variables. Specifying the type explicitly is not possible.
        var (x, b, y) = f();
    }
 However, it should be noted that you can't return dynamically sized values, as per this previous answer.
		</Content>
		<Answer_Comment>
		</Answer_Comment>
	</Answers>
</Questions>
