<Questions>
	<Address>https://ethereum.stackexchange.com/questions/15361/is-it-safe-to-publicly-host-a-parity-node</Address>
	<Title>Is it safe to publicly host a parity node?</Title>
	<Labels>web3js security parity nodejs</Labels>
	<AskTime>2017-04-20 15:46:06Z</AskTime>
	<AskUser>nu everest</AskUser>
	<Ques>
		<Content>
In the normal use case, Parity runs on localhost. However, I'm building a demo web site that uses Web3JS to connect to a public parity node running on port 8545.
I am publicly serving a Node/VueJS site using nginx. The client-side Web3 javascript is looking at localhost:8545 which implies that the users needs to run Parity on their local machine for the page to work.
It is a hassle for users to install parity and setup a config file just to view this web page.
One thought I had was to run a public parity node on port 8545 to circumvent these extra steps. However, I'm concerned about safety.
Is this safe, and what are the recommended best practices for accomplishing this?

		</Content>
		<Ask_Comment>
			<Comment>You can also password protect both your demo site and JSON-RPC endpoint easily tokenmarket.net/blog/… – Mikko Ohtamaa Apr 21 '17 at 9:19</Comment>
			<Comment>Password protecting your endpoint gives you resiliency against denial of service and such attacks that would otherwise hammer public API endpoints. – Mikko Ohtamaa Apr 21 '17 at 9:52</Comment>
			<Comment>Also Nginx proxy instructions in the link above shows how you can run JSON-RPC in HTTPS port 443. – Mikko Ohtamaa Apr 21 '17 at 9:52</Comment>
		</Ask_Comment>
	</Ques>
	<Answers>
		<AnswerUser>5chdn</AnswerUser>
		<AnswerTime>2017-04-21 07:49:41Z</AnswerTime>
		<Accepted>True</Accepted>
		<Content>
Let me walk you through the options. I'm assuming you are only requiring the RPC for your users, so either run parity in --public-node mode which disables account storage and transaction signing on your server or disable the wallet with --no-ui. If you really only want to serve RPC, you can not only disable --no-ui but also the websocket with --no-ws and the dapps server with --no-dapps. To expose your RPC to the public, you have to set your --jsonrpc-interface to <your public ip> and allow --jsonrpc-hosts all. And finally, to your initial question: To only expose safe APIs for your users, you can set --jsonrpc-apis safe. So it looks something like that: parity --no-ui --no-ws --no-dapps --jsonrpc-interface 133.3.3.37 --jsonrpc-hosts all --jsonrpc-apis safe
 Please let me know if this is what you were looking for. Disclosure: I work for Parity.
		</Content>
		<Answer_Comment>
			<Comment>The --no-ws option gives me an unknown flag error. I also do not see it when I do --help. I get unknown api with the safe option. All other options are working great. – nu everest Apr 21 '17 at 14:40</Comment>
			<Comment>Okay sorry, this both is available in 1.7 which is not released yet. If you want this feature now, you can build the latest master from source which enables you these features. The 1.7.0 release will be around end of april (probably). – 5chdn Apr 21 '17 at 15:06</Comment>
		</Answer_Comment>
	</Answers>
</Questions>
