<Questions>
	<Address>https://ethereum.stackexchange.com/questions/34607/hi-everyone-transfer-binance-to-coinbase</Address>
	<Title>Hi Everyone , transfer Binance to Coinbase [on hold]</Title>
	<Labels>transactions erc-20</Labels>
	<AskTime>2017-12-28 21:50:06Z</AskTime>
	<AskUser>pramod lc</AskUser>
	<Ques>
		<Content>
I was trying to transfer Binance to Coinbase but I sink, I canot transfer BNB token from Token Holder,

		</Content>
		<Ask_Comment>
		</Ask_Comment>
	</Ques>
	<Answers>
		<AnswerUser>Data_Kid</AnswerUser>
		<AnswerTime>2017-12-29 09:34:27Z</AnswerTime>
		<Accepted>False</Accepted>
		<Content>
You cannot transfer BNB token from Binance to Coinbase as coinbase does not support BNB. For a full list of supported tokens visit : https://support.coinbase.com/customer/portal/articles/2630943-supported-digital-currencies
		</Content>
		<Answer_Comment>
		</Answer_Comment>
	</Answers>
</Questions>
