<Questions>
	<Address>https://ethereum.stackexchange.com/questions/12831/contract-communication-with-outside-world</Address>
	<Title>Contract communication with outside world</Title>
	<Labels>contract-development oracles</Labels>
	<AskTime>2017-03-06 13:42:17Z</AskTime>
	<AskUser>David</AskUser>
	<Ques>
		<Content>
My question is around contract communication with the outside world.
Given the following contract code:
#########CODE_START##########
pragma solidity ^0.4.7;
contract SimpleStorage {
  uint private storedData;

  event Happened(address _from, uint _value, uint time) ;

  function set(uint x) {
    storedData = x;

    Happened(msg.sender, x, now);
  }

  function get() constant returns (uint retVal) {
    return storedData;
  }

}
#########CODE_END########
and the following Web3 code:
#########CODE_START##########
var ss = web3.eth.contract(SimpleStorage.abi).at(SimpleStorage.address) ;
ss.set(123456);
var happenedEvent = ss.Happened();
happenedEvent.watch(function (err, result) {
      if (err) {
        console.log(err);
        return ;
      }
      console.log("Set method was called");
      console.log(result.args);

      res = result.args;
    });
#########CODE_END########
Question: Is this (i.e., through watching events) the only way a contract can communicate with the outside world? And when should I run happenedEvent.stopWatching()?
Second question: If a contract needed an external data source to run a function, how would that work? Would my front-end need to watch for a getExternalSource event, and then send a transaction to the contract with the data that it needs?

		</Content>
		<Ask_Comment>
			<Comment>Related: ethereum.stackexchange.com/questions/2/… – Richard Horrocks Mar 6 '17 at 14:24</Comment>
			<Comment>@RichardHorrocks: I agree that's related. I'm using embark-framework and I can't get Oracalize to work with it - any ideas? – David Mar 6 '17 at 15:26</Comment>
			<Comment>And to add to that, is Oraclize the only option? It seems it's not a free service... – David Mar 6 '17 at 17:39</Comment>
		</Ask_Comment>
	</Ques>
	<Answers>
	</Answers>
</Questions>
