<Questions>
	<Address>https://ethereum.stackexchange.com/questions/6656/parse-contract-to-retrieve-declared-identifiers</Address>
	<Title>Parse contract to retrieve declared identifiers</Title>
	<Labels>solidity solc parser</Labels>
	<AskTime>2016-06-29 17:06:07Z</AskTime>
	<AskUser>Edward Ruchevits</AskUser>
	<Ques>
		<Content>
Node.js Solidity compiler parses contract and returns its ABI, is there any library to retrieve all declared identifiers in a contract?
For example, the following contract:
#########CODE_START##########
contract Person {
    uint id;
    bytes firstName;
    bytes lastName;
}
#########CODE_END########
Should be parsed to:
#########CODE_START##########
identifiers: [
  {
    type: "uint",
    name: "id"
  },
  {
    type: "bytes",
    name: "firstName"
  },
  {
    type: "bytes",
    name: "lastName"
  }
]
#########CODE_END########

		</Content>
		<Ask_Comment>
		</Ask_Comment>
	</Ques>
	<Answers>
		<AnswerUser>Federico B.</AnswerUser>
		<AnswerTime>2017-02-03 07:06:04Z</AnswerTime>
		<Accepted>False</Accepted>
		<Content>
You can use ConsenSys/solidity-parser and walk the resulting AST looking for variable declarations. There are no visitors included in the package, so you will have to write one yourself.
		</Content>
		<Answer_Comment>
			<Comment>And how? As it is currently written it's rather a comment than an answer. – 5chdn Feb 8 '17 at 15:06</Comment>
		</Answer_Comment>
	</Answers>
</Questions>
