<Questions>
	<Address>https://ethereum.stackexchange.com/questions/15517/is-struct-data-returned-from-web3-guaranteed-to-be-in-the-correct-order</Address>
	<Title>Is struct data returned from web3 guaranteed to be in the correct order?</Title>
	<Labels>solidity web3js contract-design struct</Labels>
	<AskTime>2017-04-27 06:24:33Z</AskTime>
	<AskUser>eth</AskUser>
	<Ques>
		<Content>
I have this solidity struct
#########CODE_START##########
struct Prices {
    uint sell_price;        // wei
    uint target_price;      // primary
    uint penalty_price;     // wei
}
Prices public prices
#########CODE_END########
In truffle when I do contract.prices() I retrieve an array [sell_price, target_price, penalty_price] , the order which they are listed in the struct. I wanted to know if this order is guaranteed?

		</Content>
		<Ask_Comment>
		</Ask_Comment>
	</Ques>
	<Answers>
		<AnswerUser>eth</AnswerUser>
		<AnswerTime>2017-04-27 07:02:15Z</AnswerTime>
		<Accepted>True</Accepted>
		<Content>
Yes The getter function that Solidity generates uses the order listed in the struct. Solidity would generate a function of the following form: function prices() constant returns (uint sell_price, uint target_price, uint penalty_price) {
  sell_price = prices.sell_price;
  target_price = prices.target_price;
  penalty_price = prices.penalty_price;
}
 Here's the ABI and see that the outputs have a specific order: [
  {
    "constant": true,
    "inputs": [],
    "name": "prices",
    "outputs": [
      {
        "name": "sell_price",
        "type": "uint256"
      },
      {
        "name": "target_price",
        "type": "uint256"
      },
      {
        "name": "penalty_price",
        "type": "uint256"
      }
    ],
    "payable": false,
    "type": "function"
  }
]
 Additionally, a more complex example of a getter from http://solidity.readthedocs.io/en/develop/contracts.html#getter-functions contract Complex {
    struct Data {
        uint a;
        bytes3 b;
        mapping (uint => uint) map;
    }
    mapping (uint => mapping(bool => Data[])) public data;
}
 It will generate a function of the following form: function data(uint arg1, bool arg2, uint arg3) returns (uint a, bytes3 b) {
    a = data[arg1][arg2][arg3].a;
    b = data[arg1][arg2][arg3].b;
}
 Note that the mapping in the struct is omitted because there is no good way to provide the key for the mapping.
		</Content>
		<Answer_Comment>
		</Answer_Comment>
	</Answers>
	<Answers>
		<AnswerUser>Rob Hitchens</AnswerUser>
		<AnswerTime>2017-04-25 18:55:11Z</AnswerTime>
		<Accepted>False</Accepted>
		<Content>
Yes. The ABI is a collection of fixed-length arguments in a specific order. The elements will be reliably/consistently ordered. Hope it helps.
		</Content>
		<Answer_Comment>
		</Answer_Comment>
	</Answers>
</Questions>
