<Questions>
	<Address>https://ethereum.stackexchange.com/questions/33914/how-can-i-convert-wallet-dollars-into-ethereum</Address>
	<Title>How do I buy Ethereum with USD - If I am citizen of not available in country in coin-base?</Title>
	<Labels>ether exchanges coinbase</Labels>
	<AskTime>2017-04-30 14:12:45Z</AskTime>
	<AskUser>null</AskUser>
	<Ques>
		<Content>
In order to buy Ethereum currency I have followed this How do I buy Ethereum with USD answer:
But coinbase does not allow me buy ETH since I am a Turkish citizen. Probably same issue occur for other countries, which I don't know the list.
Occurred error:
Sorry! Buys not avaible in Turkey.
[Q] Does Kraken or Gemini allow Turkish citizen to buy ether? If not do you have an advice for me to follow?
Thank you for your valuable time and help.

		</Content>
		<Ask_Comment>
			<Comment>The "quick and dirty" is using localbitcoins to get you BTC, then you go to shapeshift and get ETH. – Herman Junge Apr 30 '17 at 13:52</Comment>
			<Comment>I dont dare to put this as an answer but: consider investing USD into buying mining hardware, find a cheap electricity provider and continue getting ETH via mining. This is potentially even more profitable than buying them. – Validity Labs - Sebastian May 4 '17 at 18:15</Comment>
			<Comment>Try using some proxy website and make your call from some other country's server. – Sanchit May 4 '17 at 19:49</Comment>
			<Comment>Ask someone you trust located elsewhere to buy it for you... :-) – Richard Horrocks May 5 '17 at 10:41</Comment>
			<Comment>OMG I just googled kraken turkey! :'D ... I don't see why kraken should not accept Turkish citizen. – 5chdn May 7 '17 at 18:56</Comment>
		</Ask_Comment>
	</Ques>
	<Answers>
		<AnswerUser>5chdn</AnswerUser>
		<AnswerTime>2017-05-06 21:29:49Z</AnswerTime>
		<Accepted>True</Accepted>
		<Content>
Kraken accepts USD (Wire and SWIFT) and EUR (Wire and SEPA) and trades both ETH/USD and ETH/EUR pairs. SEPA transfers are free, Wire costs $5 and SWIFT $10 fee.
		</Content>
		<Answer_Comment>
			<Comment>Is single wire cost $5? @5chdn♦ – Alper May 19 '17 at 18:05</Comment>
		</Answer_Comment>
	</Answers>
	<Answers>
		<AnswerUser>Chackle</AnswerUser>
		<AnswerTime>2017-05-05 13:57:16Z</AnswerTime>
		<Accepted>False</Accepted>
		<Content>
Can you buy BTC? A lot of users buy BTC to convert into ETH if they can't already purchase ETH in their country. You'll probably hit some more minimal charges, but it's definitely possible to do it this way.
		</Content>
		<Answer_Comment>
			<Comment>Thats possible but I want to buy ether directly. @Chackle – Alper May 5 '17 at 16:03</Comment>
		</Answer_Comment>
	</Answers>
	<Answers>
		<AnswerUser>Badr Bellaj</AnswerUser>
		<AnswerTime>2017-05-05 10:09:52Z</AnswerTime>
		<Accepted>False</Accepted>
		<Content>
why not to try a VPN/proxy and change your location then use coinbase or other website. Besides, i've found https://changelly.com/ which accept Visa/master card
		</Content>
		<Answer_Comment>
			<Comment>It says 200USD for 1 ETH. It cost double price. coinbase checks nationality with passport and identifies country based on that. @Badr Bellaj – Alper May 5 '17 at 10:39</Comment>
		</Answer_Comment>
	</Answers>
	<Answers>
		<AnswerUser>Stephen Richard Perrott</AnswerUser>
		<AnswerTime>2017-05-06 04:54:25Z</AnswerTime>
		<Accepted>False</Accepted>
		<Content>
Try PandaBit, pax or CEX all accept debit card...
		</Content>
		<Answer_Comment>
			<Comment>CEX takes high commission and sells ether $15 more expensive.@Stephen Richard Perrott – Alper Jun 5 '17 at 8:07</Comment>
		</Answer_Comment>
	</Answers>
</Questions>
