<Questions>
	<Address>https://ethereum.stackexchange.com/questions/32653/how-to-see-ledger-in-private-ethereum-blockchain</Address>
	<Title>How to see ledger in private ethereum blockchain?</Title>
	<Labels>go-ethereum transactions blockchain private-blockchain ethereum-wallet-dapp</Labels>
	<AskTime>2017-12-06 17:20:58Z</AskTime>
	<AskUser>Mridul Gupta</AskUser>
	<Ques>
		<Content>
As we talk every transaction is noted in ledger (as it is distributed ledger). So how can one (including admin of private blockchain) see it.
If my concepts are wrong please guide me in right direction.
Thanks in advance.

		</Content>
		<Ask_Comment>
		</Ask_Comment>
	</Ques>
	<Answers>
	</Answers>
</Questions>
