<Questions>
	<Address>https://ethereum.stackexchange.com/questions/10323/events-being-fired-twice</Address>
	<Title>Events being fired twice</Title>
	<Labels>go-ethereum truffle</Labels>
	<AskTime>2016-11-27 23:00:43Z</AskTime>
	<AskUser>null</AskUser>
	<Ques>
		<Content>
Given a function and a event in a contract:
#########CODE_START##########
event OtherCreated(address other, address addr1, address addr2);

function doSomething(address addr1, address addr2){
     if(aBool == true){
        address other = new OtherContract(addr1, addr2);
        others.push(other);
        OtherCreated(other, addr1, addr2);
     }
}
#########CODE_END########
And given a js call in a browser:
#########CODE_START##########
.then(function(tx_id){
      console.log('previous call completed');
     otherCreated = contractAddr.OtherCreated();
     otherCreated.watch(function(error, result){
        if (!error)
        {
          console.log('in event handler');            
        }
      return  contractAddr.doSomething(account0, account1, {from: account0, gas: 4700000 });
    })
#########CODE_END########
The event handler is called twice. Is this an error on my part, or do I need to change something in this setup.

Output:

		</Content>
		<Ask_Comment>
			<Comment>Is this .then part a success callback? – niksmac Nov 28 '16 at 2:18</Comment>
			<Comment>Yes. When I put an extra log in the then handler I can see that that part is executed once but the event twice. – BennyM Nov 28 '16 at 5:40</Comment>
			<Comment>I think contract.watch is global, you don't have to use it with callback. – niksmac Nov 28 '16 at 6:03</Comment>
		</Ask_Comment>
	</Ques>
	<Answers>
		<AnswerUser>BennyM</AnswerUser>
		<AnswerTime>2016-11-28 20:03:20Z</AnswerTime>
		<Accepted>True</Accepted>
		<Content>
Problem was in my code, obviously. Be careful when you create your event handlers. Listening to events directly after the contract was created and not chaining along solved the issue.
		</Content>
		<Answer_Comment>
			<Comment>What do you mean not chaining along? – Daniel Kobe Apr 25 '17 at 6:20</Comment>
		</Answer_Comment>
	</Answers>
	<Answers>
		<AnswerUser>mkaj</AnswerUser>
		<AnswerTime>2017-07-20 11:54:11Z</AnswerTime>
		<Accepted>False</Accepted>
		<Content>
I've coded up a utility function to filter events by name, arguments etc. Answered in a different question: https://ethereum.stackexchange.com/a/21661/7132
		</Content>
		<Answer_Comment>
		</Answer_Comment>
	</Answers>
</Questions>
