<Questions>
	<Address>https://ethereum.stackexchange.com/questions/8811/wallet-download-checksum</Address>
	<Title>Wallet download checksum</Title>
	<Labels>wallets hash-algorithm</Labels>
	<AskTime>2016-09-24 12:15:56Z</AskTime>
	<AskUser>Monkey King</AskUser>
	<Ques>
		<Content>
I am having trouble verifying the checksum of the newest Etherum wallet download. On the download site it is not specified which hash algorithm was used to generate the checksum so on my Mac I tried.
#########CODE_START##########
openssl sha Ethereum-Wallet-macosx-0-8-3.dmg
openssl sha1 Ethereum-Wallet-macosx-0-8-3.dmg
#########CODE_END########
even
#########CODE_START##########
openssl md5 Ethereum-Wallet-macosx-0-8-3.dmg
#########CODE_END########
but none of them generated the checksum of
#########CODE_START##########
e915e66a774cd9af320b746bfd907cc9f678d0d39e75643f35488925e177fefa
#########CODE_END########
what am I doing wrong?

		</Content>
		<Ask_Comment>
			<Comment>Try SHA256. I thought that's what I did to check the latest release... can't remember. But I didn't do the PGP thing stated below. – HodlDwon Sep 25 '16 at 22:36</Comment>
			<Comment>Ah yes that's it. Don't know why I did not think about that. Thx! – Monkey King Sep 26 '16 at 9:30</Comment>
			<Comment>Ah good, added it as an answer so this question can be marked as answered ;-) – HodlDwon Sep 26 '16 at 18:27</Comment>
		</Ask_Comment>
	</Ques>
	<Answers>
		<AnswerUser>Paul S</AnswerUser>
		<AnswerTime>2016-09-26 20:09:24Z</AnswerTime>
		<Accepted>True</Accepted>
		<Content>
The wallet download checksum is a SHA256 hash.
		</Content>
		<Answer_Comment>
		</Answer_Comment>
	</Answers>
	<Answers>
		<AnswerUser>galahad</AnswerUser>
		<AnswerTime>2016-09-24 14:29:37Z</AnswerTime>
		<Accepted>False</Accepted>
		<Content>
The latest version of Ethereum Wallet is a PGP(Pretty Good Privacy) verified release. This is not a checksum (hash). This is mentioned under "PGP-Verified releases" on the Ethereum github page. There should be free resources for Mac OS for PGP validation. You can check this tutorial.
		</Content>
		<Answer_Comment>
			<Comment>Thanks a lot for the pointer, but I still don't get how I actually can verify my download. The PGP integration does not seem complete according to this github.com/ethereum/mist/issues/546. – Monkey King Sep 24 '16 at 15:43</Comment>
		</Answer_Comment>
	</Answers>
</Questions>
