<Questions>
	<Address>https://ethereum.stackexchange.com/questions/19379/from-a-traditional-web-based-application-how-can-i-able-to-call-ethereum-network</Address>
	<Title>From a traditional web based application how can I able to call ethereum network node?</Title>
	<Labels>ethereum-wallet-dapp dapps web3j</Labels>
	<AskTime>2017-07-04 10:46:54Z</AskTime>
	<AskUser>Budhaditya Dutta</AskUser>
	<Ques>
		<Content>
Let's say there is a web application running on server 12.34.45.45 ip. Peer A open this web application in his own browser.Now how he will be able to connect a ethereum node where peer B is running.Please note ip of peer A,peer B are different from the ip where web server is running i.e. 12.34.45.45.

		</Content>
		<Ask_Comment>
		</Ask_Comment>
	</Ques>
	<Answers>
		<AnswerUser>Stefan Richter</AnswerUser>
		<AnswerTime>2017-07-04 11:49:28Z</AnswerTime>
		<Accepted>False</Accepted>
		<Content>
Via embedde web3 in the client's browser. Thus, the client's browser needs web3. Best way to do it is MetaMask. In MetaMask, the user (client) can configure the node. MetaMask comes with some central nodes, so the user (client) actually does not need to setup any node. This is how I do it, e.g. http://www.chainify.io
		</Content>
		<Answer_Comment>
		</Answer_Comment>
	</Answers>
	<Answers>
		<AnswerUser>Jakub Wojciechowski</AnswerUser>
		<AnswerTime>2017-07-04 11:53:07Z</AnswerTime>
		<Accepted>False</Accepted>
		<Content>
If you are planning to use web3 as a javascript api, you can specify url to ethereum node as a HttpProvider: web3 = new Web3(new Web3.providers.HttpProvider("http://PEER_B_IP:8545"));
 If you know the ip of a client you may put the additional restriction on the Peer B server (firewall) only to accepts connection on port 8545 from the client ip. In may also consider using Metamask browser plugin or publically available Infura node if you don't have strong security reasons to host your own Ethereum node.
		</Content>
		<Answer_Comment>
		</Answer_Comment>
	</Answers>
	<Answers>
		<AnswerUser>null</AnswerUser>
		<AnswerTime>2017-07-04 14:38:10Z</AnswerTime>
		<Accepted>False</Accepted>
		<Content>
I'd suggest you shall not make your UI directly talk to your ethereum node because its not safe to expose the node directly to UI. however, you shall try and create a middleware in nodejs to communicate to Ethereum backend. In nodejs middleware you can use web3js api to connect with your ethereum node. We have recently created such middleware APIs in node.js. You can take a look at this repo for reference - https://github.com/Imaginea/lms/blob/master/server/routes.js The UI talks to node.js middleware and then middleware talks to Ethereum node. Hope this helps.
		</Content>
		<Answer_Comment>
			<Comment>"I'd suggest you shall not make your UI directly talk to your ethereum node because it's not safe to expose the node directly to UI." - There is nothing inherently unsafe in communicating directly with a node.. – Thomas Clowes Jul 4 '17 at 14:35</Comment>
			<Comment>If any geth Node is openly accessible, then I can directly connect with it to get some information that how many accounts present, what are the balances etc. So i generally feel that it's not good to expose the node directly. – Sanchit Jul 4 '17 at 14:42</Comment>
			<Comment>True. Exposing a node with stored accounts is foolish. I would however assume that if this user is setting up a node for a web application to interface with then he/she would not 'add' accounts to it. – Thomas Clowes Jul 4 '17 at 14:44</Comment>
			<Comment>It may depend on the use case, the recent project which I did had the requirement of creating an account for every new member of the app. So we had to introduce middleware. – Sanchit Jul 4 '17 at 14:46</Comment>
		</Answer_Comment>
	</Answers>
</Questions>
