<Questions>
	<Address>https://ethereum.stackexchange.com/questions/28363/is-it-possible-to-deploy-a-contract-on-the-blockchain-at-a-self-chosen-address</Address>
	<Title>Is it possible to deploy a contract on the blockchain at a self-chosen address? [duplicate]</Title>
	<Labels>contract-development blockchain</Labels>
	<AskTime>2017-10-12 17:58:11Z</AskTime>
	<AskUser>Shuzheng</AskUser>
	<Ques>
		<Content>
This question already has an answer here: How is the address of an Ethereum contract computed? 2 answers
Is it possible to deploy a contract on the blockchain at a self-chosen address?
When deploying a contract by sending contract code to the address null, the contract is created at a "random" address by hashing the transaction's contents (correct me if I'm wrong).
But suppose, I want to deploy my contract at address 0xFFFFFF. How will I accomplish this?

		</Content>
		<Ask_Comment>
		</Ask_Comment>
	</Ques>
	<Answers>
		<AnswerUser>null</AnswerUser>
		<AnswerTime>2017-10-27 20:45:14Z</AnswerTime>
		<Accepted>True</Accepted>
		<Content>
This is not possible and transaction addresses are computed deterministically as well explained in this answer. The address for an Ethereum contract is deterministically computed from the address of its creator (sender) and how many transactions the creator has sent (nonce). The sender and nonce are RLP encoded and then hashed with Keccak-256. And that should never be made possible, because anyone could easily replace someone else's contract and collect the ETH sent to the respective address.
		</Content>
		<Answer_Comment>
			<Comment>How does ethereum-bridge deploy the Oraclize contract then, so that it is not necessary to change their API? The addresses are hard coded in the Oraclize include files. – Shuzheng Oct 13 '17 at 6:10</Comment>
			<Comment>I'm not aware about oracalize-contract you are refferring, but there can be upgradeable-smart-contracts. refer here as well – Achala Dissanayake Oct 13 '17 at 6:18</Comment>
			<Comment>Thank you! Yes. – Shuzheng Oct 17 '17 at 20:45</Comment>
		</Answer_Comment>
	</Answers>
</Questions>
