<Questions>
	<Address>https://ethereum.stackexchange.com/questions/33653/what-is-the-problem-with-transfer-function</Address>
	<Title>What is the problem with Transfer function?</Title>
	<Labels>solidity remix crowdsale</Labels>
	<AskTime>2017-12-17 16:21:48Z</AskTime>
	<AskUser>Buzzmuzz5</AskUser>
	<Ques>
		<Content>
Here, ERC20(token) - 'token' is given Undeclared identification issue, why?
#########CODE_START##########
// low level token purchase function
function buyTokens(address beneficiary) public payable {
    require(beneficiary != address(0));
    require(validPurchase());

    uint256 weiAmount = msg.value;

    // calculate token amount to be created
    uint256 tokens = weiAmount.mul(rate);

    // update state
    weiRaised = weiRaised.add(weiAmount);

    // transfer tokens purchased 
    ERC20(token).transfer(this, tokens); //

    TokenPurchase(msg.sender, beneficiary, weiAmount, tokens);

    forwardFunds();
}
#########CODE_END########

		</Content>
		<Ask_Comment>
			<Comment>Hi there. Do you have any imports in your contract that define it? – Richard Horrocks Dec 17 '17 at 16:33</Comment>
			<Comment>guys, I need you to explain how and where to define it. BY adding example to my code. – Buzzmuzz5 Dec 17 '17 at 16:58</Comment>
		</Ask_Comment>
	</Ques>
	<Answers>
		<AnswerUser>pabloruiz55</AnswerUser>
		<AnswerTime>2017-12-17 16:36:52Z</AnswerTime>
		<Accepted>False</Accepted>
		<Content>
You haven’t defined the token variable
		</Content>
		<Answer_Comment>
			<Comment>OK. I could define the token. Now checking if test token works proeprly. WIll open another Question if sth goes wrong. – Buzzmuzz5 Dec 17 '17 at 17:46</Comment>
		</Answer_Comment>
	</Answers>
</Questions>
