<Questions>
	<Address>https://ethereum.stackexchange.com/questions/2468/is-there-an-ethereum-trading-website-which-allows-overlaying-of-trade-entry-and</Address>
	<Title>Is there an Ethereum trading website which allows overlaying of trade entry and exit points over their chart?</Title>
	<Labels>exchanges poloniex</Labels>
	<AskTime>2016-05-29 04:34:51Z</AskTime>
	<AskUser>eth</AskUser>
	<Ques>
		<Content>
I am looking for a website similar to tab-trader app, one which will allow me to use the Poloniex API key and view my buy and sell points overlaid on the current chart?
Tab trader has this functionality, but I would like something which i can access from my computer browser.

		</Content>
		<Ask_Comment>
			<Comment>Can't think of any trading website that does this for Ether, but you might want to take a look at Tradingview where at least you can designate entry/exit points manually, along with a host of other tools. – Joël Mar 31 '16 at 2:11</Comment>
		</Ask_Comment>
	</Ques>
	<Answers>
		<AnswerUser>null</AnswerUser>
		<AnswerTime>2016-05-10 15:44:16Z</AnswerTime>
		<Accepted>False</Accepted>
		<Content>
I use Coinigy It keeps track of your trades with arrows, I like it because it has many trading platform features. You can sign-up with this referral code to help out: Coinigy website It integrates with many exchanges via API, letting you make all your trades from one place. 5 stars! (I do not work for them or anything, its just my opinion) They also host an awesome show about crypto trading that has taught me a lot about trading and how to use the platform : Check out their Coinigy youtube channel Hope this helps you.
		</Content>
		<Answer_Comment>
		</Answer_Comment>
	</Answers>
</Questions>
