<Questions>
	<Address>https://ethereum.stackexchange.com/questions/25922/get-exchange-volume-or-even-price-in-a-private-network</Address>
	<Title>Get exchange volume or even price in a private network</Title>
	<Labels>web3js ether</Labels>
	<AskTime>2017-09-06 07:46:19Z</AskTime>
	<AskUser>PSo</AskUser>
	<Ques>
		<Content>
I am creating a local private network for some testing purpose,
just tested with sendTransaction and some others API.
Now, i would like to trace the private network exchange volume, and also price if possible.
The only answer i found are just API from worldwide API website, not private, is there a way to implement this in a private network?

		</Content>
		<Ask_Comment>
			<Comment>The price is calculated by market_cap / total_supply. Example of Ethereum; 30,759,612,210 / 94,459,239 = 325.6390008604664 Since it's a private network, you'd know the market cap (since you'd be the exchange) and you'd also know the number of coins minted, I think. – ʰᵈˑ Sep 6 '17 at 10:29</Comment>
		</Ask_Comment>
	</Ques>
	<Answers>
		<AnswerUser>Distic</AnswerUser>
		<AnswerTime>2017-09-06 09:40:28Z</AnswerTime>
		<Accepted>False</Accepted>
		<Content>
A way is to download any webpage giving the data you want (e.g. etherscan.io). E.g. on linux:  wget etherscan.io
 grep "@" index.html
 Should give you the line containing the price of the ether in USD. Then you have to write a script to clean it and get the price. If you do not need it each second, it can be fine. Else, an exchange could probably send those data to you in a more professional way, but I guess you would have to pay. If you are ready for it, perhaps you should contact them. Those exchanges are the markets were the price is established, so any other data are second-hand.
		</Content>
		<Answer_Comment>
			<Comment>i am not connecting to outside with my private network, i have to create a local system use among a small group of ppl trading the eth with each other, and i have to record the transaction volume and the price they traded. – PSo Sep 6 '17 at 10:24</Comment>
			<Comment>So you want to get outside information without connecting to the outside.. bemused – Thomas Clowes Sep 6 '17 at 10:37</Comment>
			<Comment>@PSo : be precise. What you call ETH is it actual external ETH or the local currency linked to your private blockchain? In the first case it is impossible without connecting to the internet. – Distic Sep 6 '17 at 10:46</Comment>
		</Answer_Comment>
	</Answers>
</Questions>
