<Questions>
	<Address>https://ethereum.stackexchange.com/questions/34963/steps-to-create-an-exchange-between-erc20-btc</Address>
	<Title>Steps to create an exchange between ERC20-BTC</Title>
	<Labels>solidity remix ethereum-wallet-dapp exchanges exchange-api</Labels>
	<AskTime>2018-01-03 03:49:08Z</AskTime>
	<AskUser>Riffaz Starr</AskUser>
	<Ques>
		<Content>
I've created a token using solidity and used js light wallet which helped to create the unique address by the users.
But still I am unable to find how to send the token to an address from the site I've created. For now users can send the token from any ERC20 support wallet.
And,
I need to create a very basic exchange where users can exchange the tokens for Bitcoins.. I have no idea where to start this.
Js light wallet can be used for this? if yes, is there any code sample? or do I have to talk to an exchange like coinexchange.io and use their API ?

		</Content>
		<Ask_Comment>
		</Ask_Comment>
	</Ques>
	<Answers>
	</Answers>
</Questions>
