<Questions>
	<Address>https://ethereum.stackexchange.com/questions/32574/is-there-a-solution-to-fees-scaling-with-the-size-of-the-network</Address>
	<Title>Is there a solution to fees scaling with the size of the network?</Title>
	<Labels>fees scalability</Labels>
	<AskTime>2017-12-06 15:27:07Z</AskTime>
	<AskUser>null</AskUser>
	<Ques>
		<Content>
I just read the whitepaper's section on fees. I like the idea that presenting a reward can avert a tragedy of the commons because miners can roughly predict the cost to them to process the transaction and the probability they will succeed in mining the next block so they can claim the reward fee. It is then advantageous to them to take up the task if
reward > cost / probability of successfully mining the next block
But this does not solve the scale problem: The probability anyone can successfully mine the next block is inversely proportional to the number of nodes in the network, so as the network scales, so will transaction fees!
Is there a solution to this? I have a hard time believing people will really use a cryptocurrency long-term if it gets more expensive to use it all the time. At least in a centralized star-graph network, like we have with credit cards and banks, the costs are flat no matter how many points the star has.
Aside: What about this related problem: Say I am a miner who controls a bigger part of the network than anyone else. Can't I now offer lower fees because my probability of successfully mining the next block is higher? Could I drive other miners out of business because they can't process those transactions cost-effectively and thus can't generate the next block? Could I slowly take over more and more of the network this way until I'm a monopoly? Or does the problem solve itself because other miners can still beat me to the punch by creating valid blocks that exclude those low-fee transactions/I would never take on low-fee transactions when there are higher ones around?
Note: My first question is not about basic blockchain scalability; it is specifically about how scaling the network will increase fees. The second question is less pressing.

		</Content>
		<Ask_Comment>
			<Comment>Possible duplicate of How does Ethereum deal with blockchain scalability? – niksmac Dec 6 '17 at 2:41</Comment>
			<Comment>No, this isn't about the blockchain. This is about the basic fee model, which seems to scale with the size of the network, not the blockchain. – pvlkmrv Dec 6 '17 at 14:32</Comment>
			<Comment>But this slightly off-topic part of that answer might be helpful, actually: "Another scalability challenge that Ethereum shares with Bitcoin and all other blockchains, is that currently all (full) nodes must process every transaction. For this, some proposals are EIP 105: Binary sharding, the Mauve Paper, and Notes on Scalable Blockchain Protocols." I guess I will read these things. – pvlkmrv Dec 6 '17 at 14:39</Comment>
			<Comment>@pvlkmrv great question, I have wondered about this too. And if you look at something like ethgasstation.info, you will see that smaller miners will have a higher min gas price because an orphan i lot more likely for a small, less well connected miner than a huge miner, so they try not to fill their blocks as heavily to enhance propagation. I believe Casper will fix this. – Alex Dec 6 '17 at 17:36</Comment>
			<Comment>Right. I've reached the end of the Whitepaper now and found this quote: "One common concern about Ethereum is the issue of scalability. Like Bitcoin, Ethereum suffers from the flaw that every transaction needs to be processed by every node in the network. With Bitcoin, the size of the current blockchain rests at about 15 GB...", but he doesn't address that central part. – pvlkmrv Dec 6 '17 at 23:46</Comment>
		</Ask_Comment>
	</Ques>
	<Answers>
	</Answers>
</Questions>
