<Questions>
	<Address>https://ethereum.stackexchange.com/questions/17045/how-to-make-parity-work-on-my-pc-parity-cant-run-on-your-pc</Address>
	<Title>How to make Parity work on my PC. “Parity can't run on your pc”</Title>
	<Labels>ether parity ethereum-wallet-dapp parity-wallet</Labels>
	<AskTime>2017-07-04 02:54:14Z</AskTime>
	<AskUser>Crazy Ivan</AskUser>
	<Ques>
		<Content>
My blocks freeze at around the 760,000 mark, therefore I downloaded Parity's latest version to which I then received the message above. I have downloaded multiple versions of Parity to try and fix the error, so that I can run my ETH Wallet and receive ETH which I have purchased.
I haven't found anyone with the same issue so far, however I have seen a plethora of videos which describe how to download and run Parity with ETH wallet, and I followed these to the T. Therefore I cannot understand what is wrong.
ASUS Notebook 2GB RAM I have 3GB free storage Running Windows 10
If my specs are the issue, are there any suggestions to overcome this problem as I have paid for my ETH and not received as yet due to non-functional Wallet. If I bought it and sent it to my Wallet address before the block-data was fully downloaded will it clear my purchase so that I have wasted my money?

		</Content>
		<Ask_Comment>
			<Comment>can you provide logs? What does it say when you run parity ui ? – rstormsf Jun 1 '17 at 20:25</Comment>
			<Comment>how do I do this? complete newbie you see haha – user9473 Jun 1 '17 at 21:00</Comment>
			<Comment>just run in cmd.exe parity --log-file /path/to/parity.log ui – rstormsf Jun 1 '17 at 21:34</Comment>
			<Comment>This version of C:\Program Files\Ethcore\Parity\parity.exe is not compatible with the version of Windows you're running. Check your computer's system information and then contact the software publisher. I attempted to use what you suggested but it said it was unable to find Parity – user9473 Jun 1 '17 at 22:19</Comment>
			<Comment>3 GB of free storage may not be enough to hold the entire chain – Tjaden Hess♦ Jul 2 '17 at 13:05</Comment>
		</Ask_Comment>
	</Ques>
	<Answers>
		<AnswerUser>5chdn</AnswerUser>
		<AnswerTime>2017-06-02 11:47:53Z</AnswerTime>
		<Accepted>False</Accepted>
		<Content>
Parity is not available for 32 bit versions of Windows. But it's on the long wishlist, you can track it here: https://github.com/paritytech/parity/issues/5692 It will be probably faster to upgrade all your systems to 64 bit.
		</Content>
		<Answer_Comment>
		</Answer_Comment>
	</Answers>
	<Answers>
		<AnswerUser>Venus</AnswerUser>
		<AnswerTime>2017-07-04 20:56:54Z</AnswerTime>
		<Accepted>False</Accepted>
		<Content>
ETH should already be in your wallet, you can check the balance in your wallet address here: https://etherscan.io/
		</Content>
		<Answer_Comment>
		</Answer_Comment>
	</Answers>
</Questions>
