<Questions>
	<Address>https://ethereum.stackexchange.com/questions/29390/do-function-calls-on-contracts-return-any-data-to-the-sender</Address>
	<Title>Do function calls on contracts return any data to the sender?</Title>
	<Labels>solidity remix</Labels>
	<AskTime>2017-10-27 21:19:38Z</AskTime>
	<AskUser>user339946</AskUser>
	<Ques>
		<Content>
I'm playing around with Solidity in Remix and I noticed the console will output transactions such as:
#########CODE_START##########
from    - 
 to     browser/Untitled3.sol:HelloWorld.greeting() 0x5e72914535f202659083db3a02c984188fa26e9f
 transaction cost   23147 gas (Cost only applies when called by a contract)
 execution cost     1875 gas (Cost only applies when called by a contract)
 input  ef690cc0
 decoded input  {}
 decoded output     {
    "0": "string: Hey world, this is a smart contract!"
}
 logs   []
#########CODE_END########
When a user calls a function on a contract, do they get this sort of data spit back at them? Specifically, the output field in the above log. Or is this just a part of the IDE for development purposes? Thanks

		</Content>
		<Ask_Comment>
		</Ask_Comment>
	</Ques>
	<Answers>
		<AnswerUser>pabloruiz55</AnswerUser>
		<AnswerTime>2017-10-28 01:14:36Z</AnswerTime>
		<Accepted>True</Accepted>
		<Content>
No, if you call a function marked as constant/view you'll get the return value/s of the function. If you make a transaction you'll just get the transaction hash immediatelly and later you can retrieve the transaction info.
		</Content>
		<Answer_Comment>
		</Answer_Comment>
	</Answers>
</Questions>
