<Questions>
	<Address>https://ethereum.stackexchange.com/questions/6650/how-to-get-ether-on-public-testnet</Address>
	<Title>How to get ether on public testnet?</Title>
	<Labels>mining ether testnets faucets</Labels>
	<AskTime>2016-06-30 09:34:20Z</AskTime>
	<AskUser>5chdn</AskUser>
	<Ques>
		<Content>
I am a newbee to Ethereum and doing some research. I have installed the Ethereum Wallet app and synchronized the testnet.
However, to deploy my first contract in testnet, it requires some Ether, so can someone guide how to get that? I have tried to mine in testnet but unable to earn anything yet. So, are there any other ways?

		</Content>
		<Ask_Comment>
			<Comment>Could you provide more details about the outputs you got when you started mining? I guess the accounts in test-net are pre-allocated with 10 ether each. Check this for getting more ether. – galahad Jun 29 '16 at 15:45</Comment>
			<Comment>Related, because testnets change: ethereum.stackexchange.com/questions/84/… – eth♦ Nov 24 '16 at 7:41</Comment>
		</Ask_Comment>
	</Ques>
	<Answers>
		<AnswerUser>Benc93</AnswerUser>
		<AnswerTime>2017-01-28 05:40:08Z</AnswerTime>
		<Accepted>False</Accepted>
		<Content>
The 2 best ways I found were: 1) Instant: an ether faucet here: http://faucet.ropsten.be:3001/ 2) An hour or two: Switch on Mining from the menu Develop > Start Mining (Testnet only) or Command Shift M You'll instantly have 1 ETH for each address you send to the faucet, and 20 or 30 test ETH from mining in a few hours at least.
		</Content>
		<Answer_Comment>
			<Comment>1) did not work for me - no ETH in my wallet even after 10mins – david Aug 1 '17 at 23:46</Comment>
		</Answer_Comment>
	</Answers>
	<Answers>
		<AnswerUser>Badr Bellaj</AnswerUser>
		<AnswerTime>2017-07-15 23:39:36Z</AnswerTime>
		<Accepted>False</Accepted>
		<Content>
you could get ether on the testnet simply by using Metamask plugin. first install metamask plugin from here. then follow the steps shown in the following picture : 1-press buy button : 2- press the ropsten test faucet button : 3- you will be redirect to https://faucet.metamask.io/ then request your free ethers.
		</Content>
		<Answer_Comment>
			<Comment>Is it normal that it's been more than 20min and I haven't received anything yet – Alucard Jul 23 '17 at 20:17</Comment>
		</Answer_Comment>
	</Answers>
	<Answers>
		<AnswerUser>null</AnswerUser>
		<AnswerTime>2016-06-30 11:31:29Z</AnswerTime>
		<Accepted>False</Accepted>
		<Content>
In Ethereum-Wallet, there is an option for CPU mining in the Develop menu. Use it to mine ethers (and win ethers). If you can't mine, you should have a problem (probably network). On Homestead (the production network), cpu mining is inefficient. Otherwise, i recommend you to create your own private blockchain. You could use our script to build one in two lines: https://github.com/regispietra/CreatePrivateEthereum With this script, you install a blockchain and can use Ethereum wallet.
		</Content>
		<Answer_Comment>
		</Answer_Comment>
	</Answers>
	<Answers>
		<AnswerUser>emunsing</AnswerUser>
		<AnswerTime>2016-11-02 21:25:03Z</AnswerTime>
		<Accepted>False</Accepted>
		<Content>
There are a number of 'faucets' which will send you Ether on the testnet so that you can get started. Several of these have easy web interfaces which you can simply copy-and-paste your address into- this may be easiest if you're just getting started with Wallet. I had luck sending ether to my initial account with this faucet; once you have some intial ether you can create a wallet contract or run smart contracts. I unsuccessfully tried using the zerogox faucet to send ether to the main account created by Wallet- it appears that the zerogox faucet may only be set up to send to wallet contracts on the blockchain, not externally owned accounts. However, once I had created my first wallet contract, the zerogox faucet worked fine for filling it with wei!
		</Content>
		<Answer_Comment>
		</Answer_Comment>
	</Answers>
	<Answers>
		<AnswerUser>null</AnswerUser>
		<AnswerTime>2017-03-05 11:08:59Z</AnswerTime>
		<Accepted>False</Accepted>
		<Content>
There are so called "faucets", API endpoints that send you ether on the testnet (called morden). I created a CLI script to make this easier for you. Just pass in your testnet wallet address and et voila: ether gets sent to you. p.s. I am in the process of creating a own faucet for this one. The public ones turn out to change in quality and availability. ethrain cli script
		</Content>
		<Answer_Comment>
		</Answer_Comment>
	</Answers>
	<Answers>
		<AnswerUser>Thomas Clowes</AnswerUser>
		<AnswerTime>2017-08-13 11:25:24Z</AnswerTime>
		<Accepted>False</Accepted>
		<Content>
If you are using the Ropsten test network, you can use a faucet. A faucet provides you with a small amount of Ether for free. My company built a faucet which can be found here. A video outlining its usage can be found here.
		</Content>
		<Answer_Comment>
		</Answer_Comment>
	</Answers>
</Questions>
