<Questions>
	<Address>https://ethereum.stackexchange.com/questions/25812/how-do-i-enable-transaction-qr-codes-in-the-parity-wallet-browser-app</Address>
	<Title>how do I enable transaction QR codes in the Parity Wallet browser app?</Title>
	<Labels>parity parity-wallet parity-signer qrcode</Labels>
	<AskTime>2017-09-04 21:31:28Z</AskTime>
	<AskUser>null</AskUser>
	<Ques>
		<Content>
I'm Parity 1.7 installed via Homebrew on MacOS. I cannot see the QR code for signing transactions. How do I enable this feature?
#########CODE_START##########
Parity//v1.7.0-beta-5f2cabd-20170727/x86_64-macos/rustc1.18.0
#########CODE_END########
I see this:

But not this:


		</Content>
		<Ask_Comment>
		</Ask_Comment>
	</Ques>
	<Answers>
		<AnswerUser>5chdn</AnswerUser>
		<AnswerTime>2017-09-05 09:35:19Z</AnswerTime>
		<Accepted>True</Accepted>
		<Content>
Download the Parity Signer app for Android form Google Play or iOS from the AppStore. Create a new account with the mobile app. Backup the account from the mobile app in a secure location. Make redundant backups in even more secure locations. Make sure your backups are recoverable. Open your Parity desktop wallet in your browser. Go to ACCOUNTS, click NEW ACCOUNT, and chose EXTERNAL ACCOUNT. Scan the QR-code from the mobile app. Now you can sign with your mobile, air-gapped app.
		</Content>
		<Answer_Comment>
		</Answer_Comment>
	</Answers>
</Questions>
