<Questions>
	<Address>https://ethereum.stackexchange.com/questions/12232/use-payable-modifier-for-function-that-creates-new-contract</Address>
	<Title>Use payable modifier for function that creates new contract?</Title>
	<Labels>solidity contract-design contract-invocation</Labels>
	<AskTime>2017-02-16 23:21:32Z</AskTime>
	<AskUser>ethereal</AskUser>
	<Ques>
		<Content>
The users are going to use a function that costs gas, but requires no Ether otherwise. Should I use the payable modifier in this case?

		</Content>
		<Ask_Comment>
		</Ask_Comment>
	</Ques>
	<Answers>
		<AnswerUser>null</AnswerUser>
		<AnswerTime>2017-02-16 23:40:43Z</AnswerTime>
		<Accepted>True</Accepted>
		<Content>
No. The gas they gas pass into the function that does the create will be used to pay for the create. There isn't currently any crossover from payable/ether received/msg.value to gas fees. The user who sends a transaction to the function that deploys a contract will pay the cost of deploying the contract in the original transaction gas. It's just part of the cost of running that function.
		</Content>
		<Answer_Comment>
		</Answer_Comment>
	</Answers>
</Questions>
