<Questions>
	<Address>https://ethereum.stackexchange.com/questions/1318/how-can-i-use-msg-value-twice</Address>
	<Title>How can I use msg.value twice?</Title>
	<Labels>solidity out-of-gas</Labels>
	<AskTime>2016-02-14 00:04:41Z</AskTime>
	<AskUser>eth</AskUser>
	<Ques>
		<Content>
I try to deploy the following code:

#########CODE_START##########
contract Sample { 

 struct Participant {
    address etherAddress;
    uint amount;
}

Participant[] public participants;
uint public amountRaised;

function() {
    enter();
}

function enter() {
    uint amount = msg.value;
    uint n = participants.length;

    participants.length += 1;
    participants[n].etherAddress = msg.sender;
    participants[n].amount = amount;

    amountRaised += amount;
}


 }
#########CODE_END########
http://testnet.etherscan.io/address/0xea1410a6d5ef3d6d5a392b24087c24845e7170a3


		</Content>
		<Ask_Comment>
			<Comment>You should be able to use it as many times as you'd like. Have you tried sending more gas? That could be the issue. – Tjaden Hess♦ Feb 13 '16 at 22:27</Comment>
			<Comment>Ok, contract works with bigger gas. Thank you for help! :) – Maxim Ananko Feb 13 '16 at 23:06</Comment>
			<Comment>No problem. That's usually the problem – Tjaden Hess♦ Feb 13 '16 at 23:08</Comment>
		</Ask_Comment>
	</Ques>
	<Answers>
		<AnswerUser>Tjaden Hess</AnswerUser>
		<AnswerTime>2016-02-14 04:30:22Z</AnswerTime>
		<Accepted>True</Accepted>
		<Content>
Often, when removing a few lines solves an issue, it indicates an out-of-gas error. To diagnose this problem, you can use a block explorer that shows EVM traces, like http://live.ether.camp, or start geth with --debug and watch the logs. You can also use msg.gas to check the remaining gas from within the contract, and throw an event or some other error if it gets too low.
		</Content>
		<Answer_Comment>
			<Comment>see also ethereum.stackexchange.com/questions/1181/… – Paul S Feb 16 '16 at 1:59</Comment>
		</Answer_Comment>
	</Answers>
</Questions>
