<Questions>
	<Address>https://ethereum.stackexchange.com/questions/9928/running-mist-with-infura</Address>
	<Title>Running Mist with INFURA</Title>
	<Labels>mist infura</Labels>
	<AskTime>2016-11-10 03:12:08Z</AskTime>
	<AskUser>ronme</AskUser>
	<Ques>
		<Content>
Is it possible to run the Mist browser with an external ETH client like INFURA? Yes, I understand this may not be the decentralized paradise we want to get to, but I'd just be happy to run a browser for now w/o having to download the entire blockchain. I understand I'll have to trust INFURA and I'm willing to do that for now.

		</Content>
		<Ask_Comment>
			<Comment>For a faster User Experience, use Metamask instead, so you just download a chrome extension. chrome.google.com/webstore/detail/metamask/… – Herman Junge Nov 10 '16 at 4:06</Comment>
		</Ask_Comment>
	</Ques>
	<Answers>
		<AnswerUser>null</AnswerUser>
		<AnswerTime>2017-02-04 14:35:01Z</AnswerTime>
		<Accepted>True</Accepted>
		<Content>
To run Mist using INFURA, you need to start it from the command line If you are using OSX, this is the command you want  /Applications/Mist.app/Contents/MacOS/Mist --rpc https://ropsten.infura.io
 To use the main network, replace with https://mainnet.infura.io
		</Content>
		<Answer_Comment>
			<Comment>Did you succeed using infura on Mist? I've tried on the wallet dapp and it weirdly keeps refreshing the account list. – FRAGA Nov 14 '16 at 20:42</Comment>
			<Comment>for future readers, this should now be Mist --rpc ropsten.infura.io – ronme Feb 4 '17 at 13:38</Comment>
			<Comment>@ronme edited. tx. – Herman Junge Feb 4 '17 at 14:35</Comment>
			<Comment>is this still working? – Roland Kofler May 16 '17 at 9:18</Comment>
			<Comment>I'm asking because it gives me back an error 2017-05-16 11:19:52.179] [WARN] Sockets/node-ipc - Connection failed, retrying after 1000ms... – Roland Kofler May 16 '17 at 9:20</Comment>
		</Answer_Comment>
	</Answers>
	<Answers>
		<AnswerUser>null</AnswerUser>
		<AnswerTime>2016-11-10 04:16:40Z</AnswerTime>
		<Accepted>False</Accepted>
		<Content>
Also, you may want to try out Metamask, which is a Chrome plugin for connecting to Ethereum, managing your accounts, etc. (Metamask uses INFURA as a backend.) It's a faster UX since you don't have to download (and possibly sync) Mist. https://metamask.io/
		</Content>
		<Answer_Comment>
			<Comment>chrome.google.com/webstore/detail/metamask/… – Herman Junge Nov 10 '16 at 4:05</Comment>
			<Comment>Thanks, but besides the permissions issue, for some reason MetaMask does not always work on sites, e.g. ethereum.github.io/stake-voice displays "This Browser does not support Ethereum apps. ". Do you have any idea why that is? – ronme Nov 10 '16 at 18:22</Comment>
			<Comment>You need to be using Chrome with the MetaMask plugin installed. Are you sure you have both? I only get that error on Stake Voice using non-Chrome browsers. – Maurycy Feb 7 '17 at 10:03</Comment>
		</Answer_Comment>
	</Answers>
</Questions>
