<Questions>
	<Address>https://ethereum.stackexchange.com/questions/15277/how-to-delete-an-element-from-a-mapping</Address>
	<Title>How to delete an element from a mapping?</Title>
	<Labels>solidity contract-development mapping struct</Labels>
	<AskTime>2017-08-30 17:02:31Z</AskTime>
	<AskUser>Achala Dissanayake</AskUser>
	<Ques>
		<Content>
I have a mapping like this:
#########CODE_START##########
struct data {  
   string name;  
   string nickname;  
}

mapping(address => data) public user;
#########CODE_END########
What is the correct way to delete one element from the variable user? Do I only have to call delete(user[address])
or
do I also have to delete user[address].name and user[address].nickname?

		</Content>
		<Ask_Comment>
		</Ask_Comment>
	</Ques>
	<Answers>
		<AnswerUser>null</AnswerUser>
		<AnswerTime>2017-04-19 00:08:15Z</AnswerTime>
		<Accepted>True</Accepted>
		<Content>
Yes, delete user[someAddress]; will work with structs that do not contain a mapping. For this question, because name and nickname are not mappings, they will be deleted (set to zero) automatically: there is no need to do something like "delete user[someAddress].name". http://solidity.readthedocs.io/en/develop/types.html#delete if you delete a struct, it will reset all members that are not mappings and also recurse into the members unless they are mappings Caveat: delete has no effect on whole mappings (as the keys of mappings may be arbitrary and are generally unknown)
		</Content>
		<Answer_Comment>
			<Comment>What will happen with the data in user[someaddres].name and user[someaddress].nickname of the example above, when I do delete user[someAddress]? Will they be deleted as well or do I have to delete them before I do delete user[someAddress]? – Bumblebee Apr 18 '17 at 11:04</Comment>
			<Comment>Thanks for the comment, I added to the answer to make it clearer. – eth♦ Apr 19 '17 at 0:09</Comment>
		</Answer_Comment>
	</Answers>
</Questions>
