<Questions>
	<Address>https://ethereum.stackexchange.com/questions/33336/what-is-the-length-of-an-array-of-struct</Address>
	<Title>what is the length of an array of struct?</Title>
	<Labels>solidity truffle struct</Labels>
	<AskTime>2017-12-14 03:01:37Z</AskTime>
	<AskUser>David Young</AskUser>
	<Ques>
		<Content>
I made a Wallet Contract to store all the tokens an account possess.
There is a mapping(address=>TokenInfo[]), and 'address' refers to the account, TokenInfo[] stored tokens which this account holds. TokenInfo is an array of TokenInfo struct, in which 'token' is the token address, 'exist' means whether the token has been added to the array.
#########CODE_START##########
contract Wallet {
    struct TokenInfo {
        IERC20Token token;
        uint exist;//0 means unregistered
    }

    mapping(address=>TokenInfo[]) public tokenList;

    function Wallet() {

    }

    function addToken(address _account, IERC20Token _token) public {
        for (uint i = 0; i < tokenList[_account].length; i++) {//seems didn't enter the loop
            if (tokenList[_account][i].exist == 0) {
                var tokenInfo = TokenInfo(_token, 1);
                tokenList[_account].push(tokenInfo);
            }
        }
    }

    function getTokenListLength(address _account) public constant returns (uint) {
        return tokenList[_account].length;
    }
}
#########CODE_END########
But when I call 'addToken' function, it didn't work. It seems that it never entered the loop.

		</Content>
		<Ask_Comment>
		</Ask_Comment>
	</Ques>
	<Answers>
		<AnswerUser>Ismael</AnswerUser>
		<AnswerTime>2017-12-14 03:41:27Z</AnswerTime>
		<Accepted>False</Accepted>
		<Content>
The default value in a mapping for an array is an empty array. In your case this means tokenList[_account].length is equal to 0. And the loop will never be entered because the condition i < tokenList[_account].length becames 0 < 0 which is false.
		</Content>
		<Answer_Comment>
		</Answer_Comment>
	</Answers>
</Questions>
