<Questions>
	<Address>https://ethereum.stackexchange.com/questions/30981/receiving-erc20-tokens</Address>
	<Title>Receiving ERC20 tokens</Title>
	<Labels>myetherwallet</Labels>
	<AskTime>2017-11-17 05:44:08Z</AskTime>
	<AskUser>Petercgee</AskUser>
	<Ques>
		<Content>
I have paid for an ICO company who issue tokens into MEW, using fiat money (AUD) I believe they will exchange the fiat for Eth when the sale ends in about 19 days time. What they cannot advise me on is how the tokens find their way into my ETH wallet. Do I send them a 'send to' key address to send them to or is there a different token address which I need to access so that the tokens arrive correctly. Please advise.

		</Content>
		<Ask_Comment>
			<Comment>They need your eth address in which they will send you tokens. Any valid ethereum address can hold ether as well as any token deployed on ethereum. – Prashant Prabhakar Singh Nov 17 '17 at 5:46</Comment>
			<Comment>Thank you Prashant – Petercgee Nov 18 '17 at 22:19</Comment>
		</Ask_Comment>
	</Ques>
	<Answers>
		<AnswerUser>TahaBA</AnswerUser>
		<AnswerTime>2017-11-18 03:57:53Z</AnswerTime>
		<Accepted>False</Accepted>
		<Content>
First, you need to create a Ethereume wallet , the best to do is myetherwallet.com(search in google how to do this). Second, send your address wallet (it start with 0x) to ICO support for recive your tokens and tell him give you Contract address (token details) after this back to your myetherwaller web site and open your wallet and go to add token by token details.
		</Content>
		<Answer_Comment>
			<Comment>Thank you TahaBa – Petercgee Nov 18 '17 at 22:16</Comment>
			<Comment>Thanks ,No problem bro. – TahaBA Nov 19 '17 at 0:02</Comment>
		</Answer_Comment>
	</Answers>
</Questions>
