<Questions>
	<Address>https://ethereum.stackexchange.com/questions/18320/currency-tab-reflects-1eth-0-00</Address>
	<Title>Currency tab reflects 1ETH = $0.00</Title>
	<Labels>wallets jaxx</Labels>
	<AskTime>2017-06-19 10:08:10Z</AskTime>
	<AskUser>Carina Van Biljon</AskUser>
	<Ques>
		<Content>
I use the Jaxx wallet, I did reset the wallet as per the help function, due to my balances not updating. My ETH balance is now reflecting but the currency tab does not update it reflects as 1 ETH = $0.00 wallet

		</Content>
		<Ask_Comment>
		</Ask_Comment>
	</Ques>
	<Answers>
		<AnswerUser>Vix18</AnswerUser>
		<AnswerTime>2017-06-22 10:22:15Z</AnswerTime>
		<Accepted>False</Accepted>
		<Content>
Issue in progress https://mobile.twitter.com/Jaxx_Support/status/876834099587162112 Wait and see
		</Content>
		<Answer_Comment>
		</Answer_Comment>
	</Answers>
	<Answers>
		<AnswerUser>Patrik</AnswerUser>
		<AnswerTime>2017-06-20 12:46:07Z</AnswerTime>
		<Accepted>False</Accepted>
		<Content>
I have the exact same problem as the currency balance was not updating the last few days. I did the reset and now it shows zero as the currency balance, but I can see the amount of ETH. I submitted a support request to Jaxx but they have not yet answered. Seems this is a problem across Jaxx and not just for one user.
		</Content>
		<Answer_Comment>
		</Answer_Comment>
	</Answers>
</Questions>
