<Questions>
	<Address>https://ethereum.stackexchange.com/questions/24403/transfer-between-my-issued-tokens-and-fiat-source-code</Address>
	<Title>Transfer between my issued tokens and fiat source code</Title>
	<Labels>solidity web3js tokens</Labels>
	<AskTime>2017-08-15 16:43:00Z</AskTime>
	<AskUser>Dhanesh</AskUser>
	<Ques>
		<Content>
I want to write program that allows transfer between fiat currency and my issued tokens. What is the best design approach? 1) Are there some APIs that can be utilised for some of this? 2) Should this be done in web3? or solidity smart contract?

		</Content>
		<Ask_Comment>
		</Ask_Comment>
	</Ques>
	<Answers>
	</Answers>
</Questions>
