<Questions>
	<Address>https://ethereum.stackexchange.com/questions/26822/erc20-token-mist-0-9-0-balance-not-showing-up</Address>
	<Title>ERC20 Token Mist 0.9.0 . Balance not showing up</Title>
	<Labels>tokens</Labels>
	<AskTime>2017-09-23 11:16:51Z</AskTime>
	<AskUser>Prashant Prabhakar Singh</AskUser>
	<Ques>
		<Content>
I am running Ethereum Wallet and Mist 0.9.0 (released this on 24 Jul ). ERC 20 token balance is not showing up even if Watch contact is in place. On the other hand, I can properly see ERC 20 token balance on my wallet using ethplorer and etherscan.
All seems to be sync with the Wallet. Any thought? Also to mention ETH balance is OK, just the ERC 20 token is missing. Cheers!

		</Content>
		<Ask_Comment>
			<Comment>is your chain synced? – Prashant Prabhakar Singh Sep 21 '17 at 9:59</Comment>
			<Comment>Yes. this is the reason why I am asking why the balance is not displayed on the Wallet. All is ok on etherscan but not showing the balance on the Ethereum Wallet ... no clue – user16295 Sep 22 '17 at 15:32</Comment>
			<Comment>If the balance is showing on etherscan, the only possible reason, I could guess is your blockchain is not synced up to the block in which your transaction(the transaction in which you received token balance). Your eth balance is okay because you may have the block in which your account received the transaction of eth. Check the block number by eth.blockNumber from geth console to check your current block and match it my the latest block on any blockchain explorer loke etherscan. – Prashant Prabhakar Singh Sep 23 '17 at 11:13</Comment>
		</Ask_Comment>
	</Ques>
	<Answers>
		<AnswerUser>Nick Young</AnswerUser>
		<AnswerTime>2017-10-10 16:32:00Z</AnswerTime>
		<Accepted>False</Accepted>
		<Content>
The token balance must be called "balanceOf" in your contract in order for Mist to pick it up: mapping (address => uint) public balanceOf;
 You must also "Watch Token" under the Custom Tokens header on the contracts page.
		</Content>
		<Answer_Comment>
		</Answer_Comment>
	</Answers>
</Questions>
