<Questions>
	<Address>https://ethereum.stackexchange.com/questions/16020/import-a-token-to-myetherwallet-how-do-i-determine-decimal-value</Address>
	<Title>Import a token to MyEtherWallet? How do I determine `Decimal` value?</Title>
	<Labels>tokens myetherwallet</Labels>
	<AskTime>2017-05-09 18:18:43Z</AskTime>
	<AskUser>mbrownnyc</AskUser>
	<Ques>
		<Content>
I'm new to MEW, but wanted to understand how to determine the Decimal value when adding a custom token.
I pulled the contract address from etherscan: 0xaaaf91d9b90df800df4f55c205fd6989c977e73a
The token symbol is: TKN
I'm unsure how to determine Decimal.
Where do I pull this information from?

		</Content>
		<Ask_Comment>
			<Comment>I guess the publisher of the coin should make decimal places public. – Prashant Prabhakar Singh May 9 '17 at 19:54</Comment>
			<Comment>Sorry, but what does that mean? The decimal is defined somewhere? Can you explain background on this? – mbrownnyc May 9 '17 at 19:59</Comment>
			<Comment>When you create a standard token based on Ethereum link, you define the decimal places used by the coin. You need this because there are no decimal places in the blockchain. So, if the publisher of token specifies decimal places to be 2, it means 100 tokens is actually 1.00 tokens. – Prashant Prabhakar Singh May 9 '17 at 20:05</Comment>
			<Comment>Thanks you for the explanation. Is it safe to assume that all tokens are open source? If so, where can one find the source? – mbrownnyc May 9 '17 at 20:07</Comment>
			<Comment>TKN was listed already on MEW. Apologies. Good info to know regardless. I was able to get the answer of 8 decimal places on the TKN slack channel. – mbrownnyc May 9 '17 at 20:16</Comment>
		</Ask_Comment>
	</Ques>
	<Answers>
		<AnswerUser>Badr Bellaj</AnswerUser>
		<AnswerTime>2017-05-09 20:57:05Z</AnswerTime>
		<Accepted>True</Accepted>
		<Content>
you will find in the ERC20 information describing the token contarct: uint8 public decimals;  
 it describes how many decimals to show to the user. for example for a decimals = 3, the user needs to have a 1000 TKN to see 1.00 in Mist or Ethereum Wallet, if you have only 1TKN you will see 0.001. if we use decimals=16 this is mean that 100 tokens for every 1 ETH. Most common value for decimal parameter is 18, in this case the token is like a wei (ether=10^18 wei)
		</Content>
		<Answer_Comment>
			<Comment>note the TKN decimal is 8. How do I determine this for a specific token? As in... I researched and found it for TKN, but is token code open source or something ? Is there some open repo I can review that contains this information? – mbrownnyc May 9 '17 at 21:05</Comment>
			<Comment>look at the link i shared before theethereum.wiki/w/index.php/Ethereum_Based_Tokens you will find a plenty of contracts which are tokens contract and well commented – Badr Bellaj♦ May 9 '17 at 21:07</Comment>
			<Comment>ERC20 is a standard to follow to setup your token contract i advise you to look at : theethereum.wiki/w/index.php/ERC20_Token_Standard github.com/ConsenSys/Tokens github.com/ethereum/EIPs/issues/20 – Badr Bellaj♦ May 9 '17 at 21:12</Comment>
			<Comment>are you asking about releasing or not your code? – Badr Bellaj♦ May 9 '17 at 21:16</Comment>
			<Comment>yes, it is a common practice, this transparency establishes the trust between the token issuer and the users. – Badr Bellaj♦ May 9 '17 at 21:39</Comment>
		</Answer_Comment>
	</Answers>
</Questions>
