<Questions>
	<Address>https://ethereum.stackexchange.com/questions/34019/ethereumsmart-contract-how-much-ether-should-i-send-initially</Address>
	<Title>Ethereum:Smart Contract: How much ether should I send initially</Title>
	<Labels>blockchain</Labels>
	<AskTime>2017-12-21 06:01:46Z</AskTime>
	<AskUser>Sandesh Sidana</AskUser>
	<Ques>
		<Content>
There is an option to send Ether while deploying smart contract(creating ERC20 token)
How much Ether should one send to be able to successfully do transactions with ERC20 Token ?
Is there any relation or formula to calculate the amount of Ether that you need to send on the basis of total supply ?
For Example:- You have created one ERC20 Token and initializes total supply with 9999999000000000000000000.
Then, how much ether you have to send ?

		</Content>
		<Ask_Comment>
		</Ask_Comment>
	</Ques>
	<Answers>
		<AnswerUser>Asone</AnswerUser>
		<AnswerTime>2017-12-21 10:09:45Z</AnswerTime>
		<Accepted>False</Accepted>
		<Content>
If you mean transferring ERC20 tokens from a wallet to another, then you have no need to feed the ether field. You'll just need to feed the transaction with gas.
		</Content>
		<Answer_Comment>
		</Answer_Comment>
	</Answers>
	<Answers>
		<AnswerUser>smarx</AnswerUser>
		<AnswerTime>2017-12-21 12:55:15Z</AnswerTime>
		<Accepted>False</Accepted>
		<Content>
There's no need to fund an ERC20 token contract with any ether at all. In the context of an ERC20 token, ether is only used as a means to pay for "gas" (transaction fees). You will need to pay for gas to deploy the contract, and then people who use your token will pay for gas to interact with it, e.g. when transferring tokens.
		</Content>
		<Answer_Comment>
			<Comment>That's OK. For example: The peoples who are using my ERC20 token doesn't have Ether in their account, then how can they transfer ERC20 tokens ? – Sandesh Sidana Dec 22 '17 at 4:32</Comment>
			<Comment>They can't. No one can perform a transaction without paying for gas (in ether). – smarx Dec 22 '17 at 7:40</Comment>
		</Answer_Comment>
	</Answers>
	<Answers>
		<AnswerUser>Harry Wright</AnswerUser>
		<AnswerTime>2017-12-21 13:16:12Z</AnswerTime>
		<Accepted>False</Accepted>
		<Content>
I think you're confusing ERC20 tokens with ether. Tokens are simply variables in smart contracts that get allocated to particular addresses in a mapping (see here for an informative guide). It is possible to send ether in the "value" field when creating a contract, however, the constructor of the contract will need to have the payable modifier.
		</Content>
		<Answer_Comment>
		</Answer_Comment>
	</Answers>
</Questions>
