<Questions>
	<Address>https://ethereum.stackexchange.com/questions/18778/gas-cost-of-different-computations</Address>
	<Title>Gas cost of different computations [duplicate]</Title>
	<Labels>solidity gas gas-price</Labels>
	<AskTime>2017-06-25 17:00:39Z</AskTime>
	<AskUser>Dalit Sairio</AskUser>
	<Ques>
		<Content>
This question already has an answer here: Is there a table of EVM instructions and their gas costs? 1 answer
Is there somewhere a list showing the different cost of different calculations? For example:
Perform transaction: 21'000 gas calculate a hash: 30 gas addition of two numbers: 3 gas cycle in a loop: 1 gas ...

		</Content>
		<Ask_Comment>
		</Ask_Comment>
	</Ques>
	<Answers>
		<AnswerUser>Albert Palau</AnswerUser>
		<AnswerTime>2017-06-25 17:31:38Z</AnswerTime>
		<Accepted>True</Accepted>
		<Content>
Take a look to http://ethdocs.org/en/latest/contracts-and-transactions/account-types-gas-and-transactions.html. Also, check the following spreadsheet: https://docs.google.com/spreadsheets/d/1m89CVujrQe5LAFJ8-YAUCcNK950dUzMQPMJBxRtGCqs/edit
		</Content>
		<Answer_Comment>
		</Answer_Comment>
	</Answers>
</Questions>
