<Questions>
	<Address>https://ethereum.stackexchange.com/questions/13471/why-is-there-a-difference-between-eth-estimategas-and-the-real-cost-in-testrpc</Address>
	<Title>Why is there a difference between eth.estimateGas and the real cost in testRPC?</Title>
	<Labels>web3js gas-price gas-estimate</Labels>
	<AskTime>2017-03-24 08:39:27Z</AskTime>
	<AskUser>FrenchieiSverige</AskUser>
	<Ques>
		<Content>
When I want to deploy a smart contract, I use the eth.estimateGas before deploying my smart contract. This gave me 688180 Gas.
#########CODE_START##########
let bytecode = compiledContract.contracts['Document'].bytecode;
let gasEstimate = web3.eth.estimateGas({
    data: bytecode
});
#########CODE_END########
But somehow this estimation is false, and I have to set manually the gas to some value e.g. 4700000.
#########CODE_START##########
var myContractReturned = MyContract.new(param1, param2, {
   from:mySenderAddress,
   data:bytecode,
   gas:4700000 // gasEstimate not working here}, 
function(err, myContract){....}
#########CODE_END########
Using web3.eth.getTransactionReceipt, I can see that the real cost was 817540 Gas. I know that the gas that is not used is automatically refunded, so there is no real problem but I'm curious to know why such a difference!
Thanks in advance!

		</Content>
		<Ask_Comment>
			<Comment>There is already an issue open regarding this.You can have a look – Prashant Prabhakar Singh Mar 24 '17 at 9:39</Comment>
		</Ask_Comment>
	</Ques>
	<Answers>
	</Answers>
</Questions>
