<Questions>
	<Address>https://ethereum.stackexchange.com/questions/10915/could-mapping-data-structure-return-the-number-of-items-it-points</Address>
	<Title>Could mapping data structure return the number of items it points?</Title>
	<Labels>solidity contract-development contract-design mapping</Labels>
	<AskTime>2017-04-13 13:01:02Z</AskTime>
	<AskUser>Community</AskUser>
	<Ques>
		<Content>
For example following code piece from https://ethereum.stackexchange.com/a/10763/4575 . I have added new lines that is followed by //*.
#########CODE_START##########
pragma solidity ^0.4.2;
contract test {    
  struct my_struct {
    int a;
    int my_length; //*to keep track of the length.
  }

  mapping (address=>my_struct[]) Map;

  function fill_map(my_struct struct1,my_struct struct2) internal  {    
    Map[msg.sender].push(struct1);
    Map[msg.sender][0].my_length = Map[msg.sender][0].my_length + 1;//*

    Map[msg.sender].push(struct2);   
    Map[msg.sender][0].my_length = Map[msg.sender][0].my_length + 1;//*

    Map[msg.sender].push(struct3);//*  
    Map[msg.sender][0].my_length = Map[msg.sender][0].my_length + 1;//*

    delete Map[id][2]; //*struct3 will be removed.
    Map[msg.sender][0].my_length = Map[msg.sender][0].my_length - 1;//*
  }
}
#########CODE_END########
I can obtain data as follows: Map[id][index].a; index is an integer number. In this example it can be 0 (for struct1) or 1 (for struct2).
As we know Java could return the number of object inside a list:
#########CODE_START##########
String[] array = new String[10];
int size = array.length;
#########CODE_END########
Is there anything similar as: Map[id].length ? or manually after each push or delete should I need to keep length? On my solution Map[msg.sender][0].my_length will return the number of the pointed structs from Map[msg.sender].
Thank you for your valuable time and help.

		</Content>
		<Ask_Comment>
		</Ask_Comment>
	</Ques>
	<Answers>
		<AnswerUser>Badr Bellaj</AnswerUser>
		<AnswerTime>2016-12-23 17:44:30Z</AnswerTime>
		<Accepted>True</Accepted>
		<Content>
there is some mistakes (or i didn't understand well your question) in your previous code and i think also in your question. in your case you have a map of arrays. so Map[key].length exists and return the size of the corresponding array to your key. so Map[msg.sender].length is correct but Map[msg.sender][0].length is not. because in this second case you are returning the first struct which doesn't have a length parameter but a my_length.
		</Content>
		<Answer_Comment>
			<Comment>Ahh my bad, I am sorry for the confusion. I did not know Map[key].length actually exists, so I try to use variable my_length to keep track. It was a typo Map[msg.sender][0].my_length is the correct line. – Alper Dec 23 '16 at 18:25</Comment>
		</Answer_Comment>
	</Answers>
	<Answers>
		<AnswerUser>Rob Hitchens</AnswerUser>
		<AnswerTime>2016-12-23 18:06:40Z</AnswerTime>
		<Accepted>False</Accepted>
		<Content>
You can't get the number of mapped keys or get a list of keys that map to data. You can maintain a list a keys in a separate array as you insert data into a map and then you can get the count indirectly by asking how long the index is. If you use event emitters to report state changes, you can often proceed on the idea that the contract itself doesn't need the count or the list and the clients don't need further help from the contract.
		</Content>
		<Answer_Comment>
			<Comment>Whoa, the question changed a lot. I'm confused about what we're trying to accomplish. We would be able to figure out how many structs are stored at a give address map (array of structs), but not how many addresses have structs. Hope that makes sense. – Rob Hitchens Dec 23 '16 at 18:12</Comment>
		</Answer_Comment>
	</Answers>
</Questions>
