<Questions>
	<Address>https://ethereum.stackexchange.com/questions/27812/why-using-assert-since-it-would-consume-all-gas</Address>
	<Title>Why using assert, since it would consume all gas</Title>
	<Labels>solidity contract-design contract-verification</Labels>
	<AskTime>2017-10-05 10:06:19Z</AskTime>
	<AskUser>Rob Hitchens</AskUser>
	<Ques>
		<Content>
Since assert would consume all gas and require would return all gas, Is there any reason to use assert not require? Use require to refund gas seems always a better choice than consuming them?
I saw some explanation in Difference between require and assert and the difference between revert and throw but I still don't get it, why choosing a command that consuming all gas, any benefit?

		</Content>
		<Ask_Comment>
		</Ask_Comment>
	</Ques>
	<Answers>
		<AnswerUser>Rob Hitchens</AnswerUser>
		<AnswerTime>2017-10-05 10:06:50Z</AnswerTime>
		<Accepted>False</Accepted>
		<Content>
You can use assert (over require) to indicate your intention to source code analyzers such as oyente. While require is good to validate input, it can sometimes be false because the user did something innappropriate. assert, on the other hand, is meant to indicate something that should never be false under any circumstances. Knowing this, a source code analyzer can possibly detect a logical error in the system by discovering any situation in which the assert might not be true. Hope it helps.
		</Content>
		<Answer_Comment>
		</Answer_Comment>
	</Answers>
	<Answers>
		<AnswerUser>Jesse Busman</AnswerUser>
		<AnswerTime>2017-10-05 07:53:36Z</AnswerTime>
		<Accepted>False</Accepted>
		<Content>
If you want to punish the naughty users who supply bad arguments to your functions, you should use up all their gas :-)
		</Content>
		<Answer_Comment>
		</Answer_Comment>
	</Answers>
</Questions>
