<Questions>
	<Address>https://ethereum.stackexchange.com/questions/31186/truffle-can-not-find-artifacts</Address>
	<Title>Truffle can not find artifacts</Title>
	<Labels>truffle contract-deployment truffle-migration</Labels>
	<AskTime>2017-11-20 12:05:12Z</AskTime>
	<AskUser>null</AskUser>
	<Ques>
		<Content>
I'm trying to deploy a contract and I don't require Migrations.sol in any of my migrations. I don't even have this file in my contracts folder. And I run truffle migrate inside my project folder. But it says that can't deploy cause can not find artifacts for Migrations.sol. And shows me that
Error encountered, bailing. Network state unknown. Review successful transactions manually. Error: Could not find artifacts for ./Migrations.sol from any sources at Resolver.require (/usr/local/lib/node_modules/truffle/build/cli.bundled.js:69108:9)
Please help me understand what's happenning and how do I solve it?

		</Content>
		<Ask_Comment>
			<Comment>Can you copy paste the content of your migration file ? – Julien Klepatch Nov 20 '17 at 12:26</Comment>
			<Comment>Yes, it's very simple >var TeozToken = artifacts.require("./MyToken.sol"); module.exports = function(deployer) { deployer.deploy(MyToken); }; and > var Ownable = artifacts.require("./Ownable.sol"); module.exports = function(deployer) { deployer.deploy(Ownable); }; – Олеся Костеева Nov 20 '17 at 12:37</Comment>
			<Comment>Can you do a grep on Migrations.sol on your whole project? You will see where you reference this contract – Julien Klepatch Nov 20 '17 at 12:38</Comment>
			<Comment>What do you mean by "grep on"? I don't reference it in my project (in the one, I'm trying to deploy) – Олеся Костеева Nov 20 '17 at 12:47</Comment>
			<Comment>i mean the grep command line utility that allow you to search into multiple files. – Julien Klepatch Nov 20 '17 at 12:49</Comment>
		</Ask_Comment>
	</Ques>
	<Answers>
	</Answers>
</Questions>
