<Questions>
	<Address>https://ethereum.stackexchange.com/questions/22996/contract-success-or-not</Address>
	<Title>Contract success or not</Title>
	<Labels>contract-development blockchain</Labels>
	<AskTime>2017-07-25 07:35:06Z</AskTime>
	<AskUser>Igor Barinov</AskUser>
	<Ques>
		<Content>
Hi Guys,
#########CODE_START##########
var greeter = greeterContract.new(_greeting, {from: eth.accounts[0], data: greeterCompiled.greeter.code, gas: 4000000},
 function(e, contract) {
   if (!e) {
     if (!contract.address) {
       console.log("Contract transaction send: TransactionHash: " +
         contract.transactionHash + " waiting to be mined...");
     } else {
       console.log("Contract mined! Address: " + contract.address);
       console.log(contract);
     }
   }
 })
#########CODE_END########
I have run this command i got this result
INFO [07-25|06:46:33] Submitted contract creation fullhash=0x4a5e7e0e27a80e912bd114f782f7810d98fac3f06d511b24a700a9f98b2a2d06 contract=0x237585d3139b4205c0da3a4062e53bdcb5da715f null [object Object]
Pls anyone give is it a success or not and not means what is next step?

		</Content>
		<Ask_Comment>
			<Comment>What your console.log said? I supposed, it's log from node. If you create contract, you have it transaction. You can manually check it by api, if it mined or not. – DeV1doR Jul 25 '17 at 8:53</Comment>
			<Comment>You can use eth.getTransactionReceipt("<YourTransactionHash>") to verify if the transaction was mined. If it returns null it was not mined. – Ismael Jul 25 '17 at 16:22</Comment>
		</Ask_Comment>
	</Ques>
	<Answers>
	</Answers>
</Questions>
