<Questions>
	<Address>https://ethereum.stackexchange.com/questions/15237/restrict-miners-in-a-private-network</Address>
	<Title>Restrict miners in a private network</Title>
	<Labels>go-ethereum miner</Labels>
	<AskTime>2017-04-16 10:51:06Z</AskTime>
	<AskUser>A.K.</AskUser>
	<Ques>
		<Content>
I am creating a private network of more than one nodes using geth client. I want that only few clients can get the access to mine blocks.May be i will provide a list of addresses of authorized miners. How can i do this? Thanks!

		</Content>
		<Ask_Comment>
			<Comment>A mixture of PoA and PoS, maybe? – jeff Apr 16 '17 at 11:12</Comment>
		</Ask_Comment>
	</Ques>
	<Answers>
		<AnswerUser>AdrianClv</AnswerUser>
		<AnswerTime>2017-04-16 18:53:41Z</AnswerTime>
		<Accepted>False</Accepted>
		<Content>
With Parity, you can create your network with a list of authorized validators. See the following documentation for more details: https://github.com/paritytech/parity/wiki/Pluggable-Consensus
		</Content>
		<Answer_Comment>
			<Comment>I want to implement it using Geth. – A.K. Apr 17 '17 at 12:57</Comment>
		</Answer_Comment>
	</Answers>
</Questions>
