<Questions>
	<Address>https://ethereum.stackexchange.com/questions/23502/how-do-i-connect-to-the-local-node-run-by-mist-ethereum-wallet-0-9-0-from-web3-j</Address>
	<Title>How do I connect to the local node run by Mist/Ethereum Wallet 0.9.0 from Web3 JavaScript app API?</Title>
	<Labels>web3js mist</Labels>
	<AskTime>2017-08-01 23:56:32Z</AskTime>
	<AskUser>user16506</AskUser>
	<Ques>
		<Content>
How do I connect to the local node run by Mist/Ethereum Wallet 0.9.0 from Web3 JavaScript app API?
I see in official site that it suggests using
#########CODE_START##########
web3 = new Web3(new Web3.providers.HttpProvider("http://localhost:8545"));
#########CODE_END########
However this call fails because there is nothing running on that port.

		</Content>
		<Ask_Comment>
		</Ask_Comment>
	</Ques>
	<Answers>
	</Answers>
</Questions>
