<Questions>
	<Address>https://ethereum.stackexchange.com/questions/3029/does-soliditys-constant-keyword-do-anything</Address>
	<Title>Does Solidity's constant keyword do anything?</Title>
	<Labels>solidity transactions web3js</Labels>
	<AskTime>2016-04-15 04:04:41Z</AskTime>
	<AskUser>eth</AskUser>
	<Ques>
		<Content>
It seems that the purpose of function foo() constant {} is to indicate that a function does not change the contract's state. And yet, as it states here, the compiler doesn't actually enforce this. So for the time being, is constant simply an unenforced convention? A way to let contract readers know that this function shouldn't change state?
In reality, this bar function works just fine:
#########CODE_START##########
contract Foo {
  uint x;

  function bar(uint y) constant {
    x = y;
  }
}
#########CODE_END########

		</Content>
		<Ask_Comment>
		</Ask_Comment>
	</Ques>
	<Answers>
		<AnswerUser>eth</AnswerUser>
		<AnswerTime>2016-04-15 03:59:58Z</AnswerTime>
		<Accepted>True</Accepted>
		<Content>
As noted in the question, constant isn't enforced by the compiler yet. But it is used by web3.js to do a call instead of sendTransaction. So in the question's example, contractInstance.bar(2) would run the equivalent of contractInstance.bar.call(2, ...). If bar was not marked constant, contractInstance.bar.sendTransaction(2, ...) would be executed instead. See Contract Methods and Difference between a transaction and call for more information.
		</Content>
		<Answer_Comment>
		</Answer_Comment>
	</Answers>
</Questions>
