<Questions>
	<Address>https://ethereum.stackexchange.com/questions/18762/creating-exceptions-on-a-list</Address>
	<Title>Creating exceptions on a list</Title>
	<Labels>solidity</Labels>
	<AskTime>2017-06-25 10:31:36Z</AskTime>
	<AskUser>null</AskUser>
	<Ques>
		<Content>
If I have a group of participants, A,B,C,D,E and A sends some amount of money to the whole list, except of course to the sender (A) itself. How is A excluded from the list? Anyone?

		</Content>
		<Ask_Comment>
		</Ask_Comment>
	</Ques>
	<Answers>
	</Answers>
</Questions>
