<Questions>
	<Address>https://ethereum.stackexchange.com/questions/33926/identifier-already-declared-error-on-inheriting-from-smart-contract</Address>
	<Title>Identifier already declared error on inheriting from smart contract</Title>
	<Labels>contract-development contract-deployment contract-debugging crowdsale</Labels>
	<AskTime>2017-12-20 06:21:45Z</AskTime>
	<AskUser>null</AskUser>
	<Ques>
		<Content>
I am trying to use Weifund's contracts in order to setup a crowdfund.
Campaign.sol :
#########CODE_START##########
pragma solidity ^0.4.4;

contract Campaign {
  function owner() public constant returns(address) {}
  function version() public constant returns(string) {}
  function name() public constant returns(string) {}
  function contributeMethodABI() public constant returns(string) {}
  function refundMethodABI() public constant returns(string) {}
  function payoutMethodABI() public constant returns(string) {}
  function beneficiary() public constant returns(address) {}
  function expiry() public constant returns(uint256 blockNumber) {}
  function fundingGoal() public constant returns(uint256 amount) {}
  function fundingCap() public constant returns(uint256 amount) {}
  function amountRaised() public constant returns(uint256 amount) {}
  function created() public constant returns(uint256 timestamp) {}
  function stage() public constant returns(uint256);
  function contributions(uint256 _contributionID) public constant returns(address _sender, uint256 _value, uint256 _time) {}

  event ContributionMade (address _contributor);
  event RefundPayoutClaimed(address _payoutDestination, uint256 _payoutAmount);
  event BeneficiaryPayoutClaimed (address _payoutDestination);
}
#########CODE_END########
StandardCampaign.sol :
#########CODE_START##########
contract StandardCampaign is Owned, Campaign {
  // rest of code

  // the contract version number, if any
  string constant public version = "0.1.0";

  // the contribution method ABI as a string, written in standard solidity
  // ABI format, this is generally used so that UI's can understand the campaign
  string constant public contributeMethodABI = "contributeMsgValue(uint256[]):(uint256)";

  // the payout to beneficiary ABI, written in standard solidity ABI format
  string constant public payoutMethodABI = "payoutToBeneficiary(bool)";

  // the refund method ABI, written in standard solidity ABI format
  string constant public refundMethodABI = "claimRefundOwed(uint256):(address)";
}
#########CODE_END########
Among other lines of code in the StandardCampaign.sol, it also includes some variables that are of same name as functions in the super class Campaign.sol. This is leading to such errors while compiling the contracts:
#########CODE_START##########
,/C/Users/aahna/Desktop/testing-area/contracts/StandardCampaign.sol:342:3: DeclarationError: Identifier already declared.
  string constant public contributeMethodABI = "contributeMsgValue(uint256[]):(uint256)";
  ^------------------------------------------------------------------------------------^
/C/Users/aahna/Desktop/testing-area/contracts/Campaign.sol:26:3: The previous declaration is here:
  function contributeMethodABI() public constant returns(string) {}
  ^---------------------------------------------------------------^

,/C/Users/aahna/Desktop/testing-area/contracts/StandardCampaign.sol:345:3: DeclarationError: Identifier already declared.
  string constant public payoutMethodABI = "payoutToBeneficiary(bool)";
  ^------------------------------------------------------------------^
/C/Users/aahna/Desktop/testing-area/contracts/Campaign.sol:34:3: The previous declaration is here:
  function payoutMethodABI() public constant returns(string) {}
  ^-----------------------------------------------------------^

,/C/Users/aahna/Desktop/testing-area/contracts/StandardCampaign.sol:348:3: DeclarationError: Identifier already declared.
  string constant public refundMethodABI = "claimRefundOwed(uint256):(address)";
  ^---------------------------------------------------------------------------^
/C/Users/aahna/Desktop/testing-area/contracts/Campaign.sol:30:3: The previous declaration is here:
  function refundMethodABI() public constant returns(string) {}
  ^-----------------------------------------------------------^
#########CODE_END########
The error has already been recognized by weifund organization here but there is no information regarding how to work with contracts if this error is coming up. What is the problem here? These contracts have been used in successful campaigns but I am having errors in deploying them locally. What can I do to correct this problem?

		</Content>
		<Ask_Comment>
			<Comment>Possibly the updated solidity version doesn't allow and restricts it. Just have pragma solidity 0.4.4; and try again – Rajesh Dec 20 '17 at 7:17</Comment>
			<Comment>That doesn't work. Also, as I mentioned in the question, developers of the contract have also come across the error, so it mustn't be a compiler version related error. – Aahna Gupta Dec 20 '17 at 9:26</Comment>
		</Ask_Comment>
	</Ques>
	<Answers>
	</Answers>
</Questions>
