<Questions>
	<Address>https://ethereum.stackexchange.com/questions/30923/inheritance-logic</Address>
	<Title>Inheritance logic</Title>
	<Labels>solidity contract-development contract-design inheritance</Labels>
	<AskTime>2017-11-16 14:52:23Z</AskTime>
	<AskUser>Rob Hitchens</AskUser>
	<Ques>
		<Content>
I'm having a question about inheritance in solidity. I have a contract, let's call is Base, and I have 3 other contracts which inherit Base. They are very small because almost all logic is located in Base. I have a fabric which can create instances of each of this 3 contracts. When I try to deploy this fabric it costs abnormal amount of gas(3.6 million of gas) and if remove any of this 3 contracts it will cost 2.4 million
The question is: does solidity uploads parent contract every time for each contract whit inherit it?
If no, then what is the reason for such gas price?
Thanks

		</Content>
		<Ask_Comment>
		</Ask_Comment>
	</Ques>
	<Answers>
		<AnswerUser>null</AnswerUser>
		<AnswerTime>2017-11-20 14:24:33Z</AnswerTime>
		<Accepted>True</Accepted>
		<Content>
Yes. Each Child contract includes the code they inherit, so they will be roughly the size of Base plus their additional code. 3.6M gas may not be alarming for one-time deployment, but it is high enough to warrant some consideration of structure in the case that things aren't finished yet and further increases are expected. You can consider alternatives to inheritance in some cases. For example, Child contracts that call external functions in a main contract (say, a registry or main storage/logic) will tend to be smaller than Child contracts that inherited a complex contract. You could consider restructuring so only trusted contracts are allowed to communicate with a central contract as a way to control the growth. Hope it helps. Hope it helps.
		</Content>
		<Answer_Comment>
			<Comment>If I'll use abstract contracts or interfaces i won't be able to reuse functions of parent because intefaces or abstract contracts have only description of function but not it's implementation – Anton Vityazev Nov 20 '17 at 8:01</Comment>
			<Comment>I read your question again and changed my answer. The gas limit generally means departing from inheritance in cases where it seems to be the intuitive way to proceed. – Rob Hitchens Nov 20 '17 at 14:27</Comment>
			<Comment>Thank you very much! Can you please explain more about contract with external functions? How it will be able to change storage variables of child contracts? @RobHitchens – Anton Vityazev Nov 21 '17 at 14:45</Comment>
			<Comment>They can't change each other's state variables, but they can call each other's functions to instruct each other to change internal states. This facilitates breaking down large challenges into smaller, modular chunks - systems of contracts that talk to each other about different concerns. – Rob Hitchens Nov 21 '17 at 18:09</Comment>
		</Answer_Comment>
	</Answers>
</Questions>
