<Questions>
	<Address>https://ethereum.stackexchange.com/questions/29399/how-to-execute-contract-functions-from-remix</Address>
	<Title>How to execute contract functions from Remix</Title>
	<Labels>solidity remix</Labels>
	<AskTime>2017-10-28 00:20:59Z</AskTime>
	<AskUser>pabloruiz55</AskUser>
	<Ques>
		<Content>
How can I call functions on a contract? I'm using remix to deploys contract but I don't know where to call the functions.

		</Content>
		<Ask_Comment>
			<Comment>Why would you want to modify the contract after deploying it? What are you exactly trying to do? There's plenty of examples of deployed tokens/crowdsales. Just choose your favorite token and google it's github repo. Most of them have published the code on Github and also verified the code on Etherscan. – pabloruiz55 Oct 28 '17 at 0:03</Comment>
			<Comment>I actually did as just you said, I copied a source code of a token that is doing an ICO, I deployed it and when I send the ethereum to the owner adress I couldn't get my tokens, can you please send me a fine ICO repo, and I try that and let you know? And when I said modifiying it I actually meant how can I burn the last token left? – Mert Can Oct 28 '17 at 0:05</Comment>
		</Ask_Comment>
	</Ques>
	<Answers>
		<AnswerUser>Zenos Pavlakou</AnswerUser>
		<AnswerTime>2017-10-28 00:05:20Z</AnswerTime>
		<Accepted>False</Accepted>
		<Content>
What sort of modifications do you want to make once the contract is deployed? Typically you can't really modify an already deployed contract, otherwise people would not trust in them. The only way it is possible is if you include functions that will allow you to make changes, but this depends on the kind of changes you would like to make.
		</Content>
		<Answer_Comment>
			<Comment>I guess I asked the wrong question, the thing I wanted to ask, how can I use modifiers in the contract? Like burning the last token etc. I'm using remix for deploying it. – Mert Can Oct 28 '17 at 0:07</Comment>
		</Answer_Comment>
	</Answers>
	<Answers>
		<AnswerUser>pabloruiz55</AnswerUser>
		<AnswerTime>2017-10-28 00:16:08Z</AnswerTime>
		<Accepted>False</Accepted>
		<Content>
What do you mean by "using modifiers?". I guess you are trying to ask how to call a function of the contract from remix. If you open Remix for the first time it comes with a Ballot contract preloaded. Using that as example, on the right side select "Run" tab. Click on the red "create" button to deploy the contract (this particular one requires you enter a uint8 with the number of proposals.). Once you do that, the contract will be deployed and you will have access to calling it's exposed functions. That will appear on that same tab, below. Red buttons are for transactions, blue ones are for calls.
		</Content>
		<Answer_Comment>
			<Comment>Can I burn the last token with this way? – Mert Can Oct 28 '17 at 0:21</Comment>
			<Comment>If the contract has that function exposed and when you call it the requirements are met, yes. – pabloruiz55 Oct 28 '17 at 0:23</Comment>
			<Comment>Thank you for whole answers! I'm looking for a launching ICO tutorial but I can't find a comprehensive one? Can you help me about that as well? – Mert Can Oct 28 '17 at 0:24</Comment>
		</Answer_Comment>
	</Answers>
</Questions>
