<Questions>
	<Address>https://ethereum.stackexchange.com/questions/10892/best-practice-for-triggering-a-function-every-x-blocks</Address>
	<Title>How can a contract run itself at a later time?</Title>
	<Labels>contract-design blockchain timers scheduling</Labels>
	<AskTime>2016-04-11 08:19:26Z</AskTime>
	<AskUser>5chdn</AskUser>
	<Ques>
		<Content>
In my blockchain application, I would like to have an event triggered at a later time, hours or perhaps even days after the application has most recently received a transaction from a user. How can I create an "event" that will trigger after a certain amount of time has passed?

		</Content>
		<Ask_Comment>
		</Ask_Comment>
	</Ques>
	<Answers>
		<AnswerUser>null</AnswerUser>
		<AnswerTime>2017-09-06 00:29:43Z</AnswerTime>
		<Accepted>True</Accepted>
		<Content>
Disclaimer: I am the developer behind the Ethereum Alarm Clock service and I directly benefit from its usage. Lazy vs Eager Execution There are two fundamental ways of designing a contract to be called at a later time: lazy evaluation or eager evaluation. Lazy evaluation means that the contract's state will be updated only when needed. This often makes sense for contracts that naturally incentivise users to call them at a future date. An example of this might be a trust fund contract that will remain locked until someone's 18th birthday. This individual would be motivated to execute the dispersal of those funds at that time. A more complex example is an interest-bearing contract. Say I deposit 1 ETH, and every month I get 1% interest, compounding. There are two ways to go about this: The lazy way: When I want to withdraw my money, I call the contract and it calculates my balance, based on the interest rate, my last known balance, and the elapsed time. The eager way: I use the Ethereum Alarm Clock or some similar service to call the claimInterest() function of the contract, which calculates that month's interest and debits my balance. In this case, lazy evaluation makes sense, because it is easy to calculate the current state based on the past state and elapsed time. Eager evaluation is useful when state transitions are Computationally expensive Working with large storage sets, sorting large lists, etc. Nondeterministic Relies on outside input, such as calls to Oraclize.it Lacking incentives Data reconciliation, various non-monetary contracts. Reliant on another contract If the contract needs to accept input from or send transactions to another contract Call Scheduling with Ethereum Alarm Clock The Ethereum Alarm Clock service supports scheduling a contract to be called at a specified block in the future. The underlying mechanism is essentially an abstraction of incentive based solution above that allows arbitrary private key based accounts to have an incentive to execute calls on arbitrary contracts. Call scheduling can be done in solidity with the following code. contract SchedulerAPI {
    function scheduleCall(address contractAddress,
                          bytes4 abiSignature,
                          uint targetBlock) public returns (address);
}

contract CallMeLater {
    // The address of the v0.6.0 Alarm Clock scheduler contract.
    address constant Scheduler = SchedulerAPI(0xe109ecb193841af9da3110c80fdd365d1c23be2a);

    function CallMeLater() {
        // Schedule a call to the `callback` function
        Scheduler.value(2 ether).scheduleCall(
            address(this),               // the address that should be called.
            bytes4(sha3("callback()")),  // 4-byte abi signature of callback fn
            block.number + 480,          // the block number to execute the call
        );
    }

    function callback() public {
        // whatever code you want executed.
    }
}
 The example above shows a contract which schedules a function call to occur 480 blocks after the contract is created to the callback() function. Part of scheduling the call is providing sufficient ether to pay for the future gas costs for executing the call, as well as for the payments that go to the executor of the call and to myself. When this call is scheduled, a new contract is deployed that manages all of the details for call execution. This example is intentionally very simple and leaves out many of the fine grained configuration options that are available for call scheduling (more on that below). Execution The Alarm service requires a private key based Ethereum account to execute the call at the specified time. This behavior is motivated by a payment value that is associated with each scheduled call. When the target block occurs, the executor of the call is fully reimbursed for their gas costs as well as paid from the specified payment amount for their service. This process of monitoring the Alarm service for upcoming calls and executing them can be accomplished using the ethereum-alarm-clock-client. Configurable options for scheduled calls contractAddress: Which address should be called. targetBlock: The block on which the contract should be called. gracePeriod: The number of blocks after the targetBlock during which the call can still be executed. abiSignature: The 4-byte signature of the function that should be called. callData: The call data that should be passed to the function. suggestedGas: The gas value that should be provided when executing the call. basePayment: The amount paid to the executor of the call. baseFee: The amount paid to the creator of the Alarm service. Costs The Alarm service attempts to create open market for call scheduling. The scheduler may specify any amount for both the Payment and Fee values and those executing calls are free to choose which calls they are willing to execute. At the time of scheduling, sufficient ether must be provided to pay for both the gas costs as well as the associated payments and fees. After execution, any remaining ether is automatically returned to the scheduler of the call. Testing The alarm service is available for testing on the test network @ 0xb8da699d7fb01289d4ef718a55c3174971092bef. I am personally running a call scheduler to execute calls scheduled on the test network. More information on that can be found here: http://blog.ethereum-alarm-clock.com/blog/2016/1/16/the-alarm-service-is-now-available-on-the-testnet Guarantees The Alarm service is a marketplace for call scheduling and cannot provide any guarantees that a scheduled call will be executed. For the service to operate, it requires people to initiate the transactions that execute scheduled calls. One way to gauge the reliability of the service is to check the Reliability Canary contract. This is a contract which continually re-schedules a call to itself every two hours. Each time this call occurs, the "heartbeat" is recorded. If any of these calls is missed, the canary dies. A canary contract that has been alive for 30 days would indicate that the service has not missed calling any of the approximately 360 scheduled calls that it has created during those 30 days. Note that this doesn't mean there were no missed calls, but that the canary itself has not had any of it's calls missed. Protection As the scheduler of a function call, you can count on the following: Your contract will be called with the exact call data it was configured with. Your contract will not be called before or after the window of blocks between the target block and the number of blocks after specified by the grace period. Trustlessness The Alarm service does not grant any special permissions to any party and is 100% open source. Documentation and other links Full documentation on all aspects of the service is available here: http://docs.ethereum-alarm-clock.com/en/latest/ Canary contract to monitor reliability here: http://canary.ethereum-alarm-clock.com/ Blog where any updates to the service are published: http://blog.ethereum-alarm-clock.com/ Primary web site with information on the currently deployed service and instructions on how to verify the source code: http://ethereum-alarm-clock.com/
		</Content>
		<Answer_Comment>
			<Comment>See my comment on the other answer. First to combine the two gets the check mark! – Jeff Coleman Jan 21 '16 at 0:12</Comment>
			<Comment>I added a section at the top which addresses (briefly) the concept of a contract incentivizing certain actions. – Piper Merriam Jan 21 '16 at 0:30</Comment>
			<Comment>That's close, but it doesn't quite get to the heart of linagee's answer which is that you can often restructure a contract so that the "real" balances are just updated to the latest numbers the first time someone calls on them. I'd also like to see some description of how developers should decide between the "lazy evaluation" approach and the ethereum alarm clock approach, like I mentioned in my comment. – Jeff Coleman Jan 21 '16 at 0:42</Comment>
			<Comment>Is this project still alive? Latest commit was [6 days ago][1] but the last release was in [October 2016][2]. [1]: github.com/pipermerriam/ethereum-alarm-clock/commit/… [2]: github.com/pipermerriam/ethereum-alarm-clock/releases/tag/… – atlantis Jul 7 '17 at 6:36</Comment>
			<Comment>No news since then. Unfortunately it looks like this project is dead. – Kar.ma Aug 31 '17 at 10:44</Comment>
		</Answer_Comment>
	</Answers>
	<Answers>
		<AnswerUser>eth</AnswerUser>
		<AnswerTime>2017-10-12 04:05:47Z</AnswerTime>
		<Accepted>False</Accepted>
		<Content>
You could use the Ethereum Alarm Clock as previously mentioned, but you could also change your programming style to a "must call to execute" paradigm. For instance, if you want to lock up money for a month until it gets returned, instead of actually having the money be sent after a month, you could have the user call a function that then returns the money.
		</Content>
		<Answer_Comment>
			<Comment>My ideal answer combines these top two by explaining when you should use one style vs the other. The answer, by the way, is that you should use a "must call to execute" paradigm for operations that affect only your own contract's state, and you should use the Ethereum Alarm clock for operations that need to update some state elsewhere in the blockchain (the state of someone who won't be calling your contract directly). – Jeff Coleman Jan 21 '16 at 0:11</Comment>
		</Answer_Comment>
	</Answers>
	<Answers>
		<AnswerUser>Thomas Bertani</AnswerUser>
		<AnswerTime>2016-01-21 14:56:16Z</AnswerTime>
		<Accepted>False</Accepted>
		<Content>
As others have mentioned already, you can use the Alarm-clock or change the flow of your contract. Another option is to use Oraclize with an empty query: /*
   Simple Alarm code.

   This contract will be called back automatically 1 day after its birth
*/

import "dev.oraclize.it/api.sol";

contract Alarm is usingOraclize {
    function Alarm() {
       oraclize_query(1*day, "URL", "");
    }

    function __callback(bytes32 myid, string result) {
        if (msg.sender != oraclize_cbAddress()) throw;
        // do something, 1 day after contract creation
    }
}
		</Content>
		<Answer_Comment>
		</Answer_Comment>
	</Answers>
	<Answers>
		<AnswerUser>Maran</AnswerUser>
		<AnswerTime>2016-01-20 17:29:33Z</AnswerTime>
		<Accepted>False</Accepted>
		<Content>
There is no formal way to schedule events via the protocol itself. However somebody already wrote an Ethereum Alarm Clock-contract that supports scheduling events at a later moment in time. It's decentralized as well as far as I could tell, anybody can fire scheduled events and get paid for doing so.
		</Content>
		<Answer_Comment>
		</Answer_Comment>
	</Answers>
</Questions>
